"code","iso","country","AMP.raw.1990","AMP.raw.1991","AMP.raw.1992","AMP.raw.1993","AMP.raw.1994","AMP.raw.1995","AMP.raw.1996","AMP.raw.1997","AMP.raw.1998","AMP.raw.1999","AMP.raw.2000","AMP.raw.2001","AMP.raw.2002","AMP.raw.2003","AMP.raw.2004","AMP.raw.2005","AMP.raw.2006","AMP.raw.2007","AMP.raw.2008","AMP.raw.2009","AMP.raw.2010","AMP.raw.2011","AMP.raw.2012","AMP.raw.2013","AMP.raw.2014","AMP.raw.2015","AMP.raw.2016","AMP.raw.2017","AMP.raw.2018","AMP.raw.2019","AMP.raw.2020"
4,"AFG","Afghanistan",0,0,0,0,0,0,0,0,0,0,0,0,0,0,0,0,0,0,0,0,0,0,0,0,0,0,0,0,0,0,0
8,"ALB","Albania",0,0,0,0,0,0,0,0,0,0,0,0,0,0,54.7023360009506,54.7023360009506,54.7023360009506,57.012724223672,57.012724223672,57.012724223672,57.012724223672,178.803764944862,178.80376494554,178.80376494554,178.80376494554,178.80376494554,178.80376494554,178.80376494554,178.80376494554,178.80376494554,178.80376494554
12,"DZA","Algeria",31.1975839230521,31.1975839230521,31.1975839230521,31.1975839230521,31.1975839230521,31.1975839230521,31.1975839230521,31.1975839230521,31.1975839230521,31.1975839230521,31.1975839230521,31.1975839230521,51.9223752200556,51.9223752200556,83.9536419661049,83.9536419661049,83.9536419661049,83.9536419661049,83.9536419661049,83.9536419661049,83.9536419661049,83.9536419661049,84.6136419661045,84.6136419661045,84.6136419661045,84.6136419661045,84.6136419661045,84.6136419661045,84.6136419661045,84.6136419661045,84.6136419661045
20,"AND","Andorra",0,0,0,0,0,0,0,0,0,0,0,0,0,0,0,0,0,0,0,0,0,0,0,0,0,0,0,0,0,0,0
24,"AGO","Angola",1.40093999612221,1.40093999612221,1.40093999612221,1.40093999612221,1.40093999612221,1.40093999612221,1.40093999612221,1.40093999612221,1.40093999612221,1.40093999612221,1.40093999612221,1.40093999612221,1.40093999612221,1.40093999612221,1.40093999612221,1.40093999612221,1.40093999612221,1.40093999612221,1.40093999612221,1.40093999612221,1.40093999612221,1.40093999612221,1.40093999612221,1.40093999612221,1.40093999612221,1.40093999612221,1.40093999612221,1.40093999612221,1.40093999612221,1.40093999612221,1.40093999612221
660,"AIA","Anguilla",4.90479312188412,4.90479312188412,4.90479312188412,4.90479312188412,27.7598832139361,27.7598832139361,27.7598832139361,27.7598832139361,27.7598832139361,27.7598832139361,27.7598832139361,27.7598832139361,27.7598832139361,27.7598832139361,27.7598832139361,27.7598832139361,27.7598832139361,27.7598832139361,27.7598832139361,27.7598832139361,27.7598832139361,27.7598832139361,27.7598832139361,27.7598832139361,27.7598832139361,27.7598832139361,27.7598832139361,27.7598832139361,27.7598832139361,37.7636945386953,37.7636945386953
28,"ATG","Antigua and Barbuda",18.5231817016185,18.5231817016185,18.5231817016185,18.5231817016185,18.5231817016185,18.5231817016185,18.5231817016185,18.5231817016185,18.5231817016185,18.5231817016185,34.7677014314031,34.7677014314031,34.7677014314031,34.7677014314031,34.7677014314031,34.7677014314031,134.059807371464,134.059807371464,134.059807371464,134.059807370398,134.059807370398,134.059807370398,134.059807370398,134.059807370398,134.059807370398,134.059807370398,134.059807370398,134.059807370398,134.059807370398,134.059807370398,134.059807370398
32,"ARG","Argentina",874.739828501599,882.963751381933,882.963751387081,882.963751384663,882.963751387081,882.963751384663,882.963751384663,882.963749611009,883.266803435717,3493.84582926453,3503.14562825868,3503.1456280594,7027.96694316358,7117.332757704,7117.33275770158,7117.33275770158,7574.42481308326,7574.42481308084,7574.4248130757,7575.45190531022,7575.45190531263,7575.45190531022,7582.5256583828,9857.85064738338,40532.8157071061,40532.8157071061,40583.3338450922,40583.3338450946,40583.3338450946,124454.421960851,124454.421960851
51,"ARM","Armenia",NA,NA,0,0,0,0,0,0,0,0,0,0,0,0,0,0,0,0,0,0,0,0,0,0,0,0,0,0,0,0,0
533,"ABW","Aruba",0,0,0,0,0,0,0,0,0,0,0,0,0,0,0,0,0,0,0,0,0,0,0,0,0,0,0,0,0,0,0
36,"AUS","Australia",1480.26169606333,1744.9510990507,1758.12268490943,1766.66367360495,1769.8706157462,1769.8706157462,1799.61705901671,3035.7141305089,3715.26843420847,6026.40914244328,6587.9804331249,7399.42010102421,7708.63516398434,100791.698056229,100800.48719978,447219.197403284,451570.173193768,458252.951227723,462907.719250388,463394.691571592,498170.346325063,498526.783795207,501164.264119656,885078.286420017,886308.93322742,886470.074999974,886472.235058818,903229.663795137,914255.489723037,3281397.81706779,3281397.81706779
40,"AUT","Austria",0,0,0,0,0,0,0,0,0,0,0,0,0,0,0,0,0,0,0,0,0,0,0,0,0,0,0,0,0,0,0
31,"AZE","Azerbaijan",NA,NA,0.847940457878806,0.847940457878806,0.847940457878806,0.847940457878806,0.847940457878806,0.847940457878806,0.847940457878806,0.847940457878806,0.847940457878806,0.847940457878806,474.299785512162,474.299785512162,474.299785512162,474.299785512162,479.584947345555,479.584947345555,479.584947345555,479.584947345555,479.584947345555,479.584947345555,479.584947345555,479.584947345555,479.584947345555,479.584947345555,479.584947345555,479.584947345555,479.584947345555,479.584947345555,479.584947345555
44,"BHS","Bahamas",692.940680194714,692.940680194714,692.940680194714,692.940680194714,692.940680194714,692.940680196611,692.940680196611,692.940680196611,692.940680194714,692.940680194714,692.940680194714,692.940680194714,692.940680194714,825.450041996696,825.450041996696,825.450041996696,825.450041996696,825.450041996696,825.450041996696,1030.04813127475,1156.85972549647,1163.84830386738,1163.84830386738,1163.84830386738,1163.84830386738,1163.84830386738,44370.1758207982,44370.1758207982,44370.1758207982,44370.1758207982,44370.1758207982
48,"BHR","Bahrain",0,0,0,0,0,0,0,0,33.7164407846496,33.7164407846496,33.7164407846496,33.7164407846496,33.7164407846496,36.198500883883,64.9443873913149,64.9443873913149,64.9443873913149,70.2932565284275,78.0932565284266,78.0932565284266,78.0932565284266,78.0932565284266,78.0932565284266,78.0932565284266,78.0932565284266,78.0932565284266,78.0932565284266,78.0932565284266,78.0932565284266,78.0932565284266,78.0932565284266
50,"BGD","Bangladesh",0,0,0,0,0,0,0,0,0,0,0,1635.92783268824,1635.92783268824,1635.92783268824,1635.92783268824,1635.92783268824,1635.92783268824,1635.92783268824,1635.92783268824,1635.92783268824,1635.92783268824,1635.92783268824,1635.92783268824,1642.04192910764,1642.04192910764,3370.27354103774,3370.27354103774,3370.27354103774,3370.27354103774,3370.27354103774,3370.27354103774
52,"BRB","Barbados",10.8777970199417,10.8777970199417,10.8777970199417,10.8777970199417,10.8777970199417,10.8777970199417,10.8777970199417,10.8777970199417,10.8777970199417,10.8777970199417,10.8777970199417,10.8777970199417,10.8777970199417,10.8777970199417,10.8777970199417,10.8777970199417,11.2077970199418,11.2077970199418,11.2077970199418,11.2077970199418,11.2077970199418,11.2077970199418,11.2077970199418,11.2077970199418,11.2077970199418,11.2077970199418,11.2077970199418,11.2077970199418,11.2077970199418,11.2077970199418,11.2077970199418
112,"BLR","Belarus",NA,NA,0,0,0,0,0,0,0,0,0,0,0,0,0,0,0,0,0,0,0,0,0,0,0,0,0,0,0,0,0
56,"BEL","Belgium",52.4608726247818,52.4608726247818,52.4608726247818,52.4608726247818,52.8250572945615,52.8250572945615,52.8250572945615,52.8250572945615,52.830920223138,52.830920223138,52.830920223138,52.830920223138,52.830920223138,52.8309202645915,52.8309202643006,52.8309202643006,366.025314183006,366.025314183006,366.025314183006,366.025314183006,366.025314183006,1256.54789561389,1256.54789561389,1256.70901086455,1256.70901086455,1256.70901086455,1256.70901086455,1256.70901086455,1256.70901086455,1256.70901086455,1256.70901086455
84,"BLZ","Belize",90.5930919440782,90.5930919440782,90.5930919440782,90.5930919440782,418.255736219407,418.255736219407,418.255736219407,1153.49109786103,1153.49109786103,1906.17092536308,1906.17092536308,2407.467634816,2407.46763481671,2439.35188214017,2493.97119753194,2493.97119753194,2493.97119753194,2493.97119753194,2493.97119753194,2493.97119753194,2493.97119753194,2493.97174617401,2493.97174617401,3662.48965445205,3662.48965445205,3662.48965445205,3662.48965445205,3662.48965445205,3662.48965445205,3662.48965445205,3662.48965445205
204,"BEN","Benin",0,0,0,0,0,0,0,0,0,0,0,0,0,0,0,0,0,0,0,0,0,0,0,0,0,0,0,0,0,0,0
60,"BMU","Bermuda",0,0,0,0,0,0,0,0,0,0,0,0,0,0,0,0.00083651144564377,0.00083651144564377,0.00083651144564377,0.00083651144564377,0.00083651144564377,0.00083651144564377,0.00083651144564377,0.00083651144564377,0.00083651144564377,0.00083651144564377,0.00083651144564377,0.00083651144564377,0.00083651144564377,0.00083651144564377,0.00083651144564377,0.00083651144564377
64,"BTN","Bhutan",0,0,0,0,0,0,0,0,0,0,0,0,0,0,0,0,0,0,0,0,0,0,0,0,0,0,0,0,0,0,0
68,"BOL","Bolivia",0,0,0,0,0,0,0,0,0,0,0,0,0,0,0,0,0,0,0,0,0,0,0,0,0,0,0,0,0,0,0
70,"BIH","Bosnia and Herzegovina",NA,NA,NA,0,0,0,0,0,0,0,0,0,0,0,0,0,0,0,0,0,0,0,0,0,0,0,0,0,0,0,0
72,"BWA","Botswana",0,0,0,0,0,0,0,0,0,0,0,0,0,0,0,0,0,0,0,0,0,0,0,0,0,0,0,0,0,0,0
76,"BRA","Brazil",3518.79343708933,3776.64206609226,4247.5153904441,7351.82985778591,10535.3500991222,10535.3500991202,10535.3500943533,10535.5925654217,15070.3532339632,15286.6097141324,16414.0940097047,20275.514765081,21809.229445153,21809.2876541624,24601.6677946755,24692.3526198024,24692.3526198029,25540.6893335403,25546.0217203169,36836.6643455096,37130.8696127494,38526.5499444825,38526.5499446185,38526.5499446179,41101.4403424061,41899.5240619165,41899.5362349094,42574.6304168925,42574.6304169056,953296.886430251,953305.722640051
92,"VGB","British Virgin Islands",2.58234730292729,2.58234730292729,2.5877203170574,2.5877203170574,2.5877203170574,2.5877203170574,2.5924073785041,2.5924073785041,2.5924073785041,2.5924073785041,2.5924073785041,2.5924073785041,2.5924073785041,2.5924073785041,2.5924073785041,2.5924073785041,2.5924073785041,2.5924073785041,2.5924073785041,2.5924073785041,2.5924073785041,2.5924073785041,2.5924073785041,2.5924073785041,2.5924073785041,2.5924073785041,2.5924073785041,2.5924073785041,2.5924073785041,2.5924073785041,2.5924073785041
96,"BRN","Brunei Darussalam",51.3867304113744,51.3867304113744,51.3867304113744,51.3867304113744,51.3867304113744,51.3867304113744,51.3867304113744,51.3867304113744,51.3867304113744,51.3867304113744,51.3867304113744,51.3867304113744,51.3867304113744,51.3867304113744,51.3867304113744,51.3867304113744,51.3867304113744,51.3867304113744,51.3867304113744,51.3867304113744,51.3867304113744,51.3867304113744,51.3867304113744,51.3867304113744,51.3867304113744,51.3867304113744,51.3867304113744,51.3867304113744,51.3867304113744,51.3867304113744,51.3867304113744
100,"BGR","Bulgaria",0.721096752771505,0.721096752771505,0.721096752771505,0.744893668317416,0.763198831831262,0.774233815499387,0.774233898569759,0.774233898569759,0.774233898569759,0.774233898569759,0.774233898569759,0.774233898569759,6.2604340618972,6.65808362279667,6.65834826328505,6.65834826328505,6.65834826438511,6.65834826328505,1379.98008368313,1379.98008368492,1379.98008368313,1379.98008368492,1379.98008368313,1379.98008368492,1940.73991563485,1940.73991563485,1940.73991563485,1940.73991563485,1940.73991563485,1940.73991563485,1940.73991563485
854,"BFA","Burkina Faso",0,0,0,0,0,0,0,0,0,0,0,0,0,0,0,0,0,0,0,0,0,0,0,0,0,0,0,0,0,0,0
108,"BDI","Burundi",0,0,0,0,0,0,0,0,0,0,0,0,0,0,0,0,0,0,0,0,0,0,0,0,0,0,0,0,0,0,0
132,"CPV","Cabo Verde",0,0,0,0,0,0,0,0,0,0,0,0,0,0,0,0,0,0,0,0,0,0,0,0,0,0,0,0,0,0,0
116,"KHM","Cambodia",0,0,0,0,0,0,0,0,0,0,0,0,0,0,0,0,0,0,0,0,0,0,0,0,0,0,0,0,0,0,0
120,"CMR","Cameroon",0,0,0,0,0,0,0,0,0,0,0,0,0,0,0,0,0,0,0,0,0,0,0,0,0,0,0,0,0,0,0
124,"CAN","Canada",1527.59312624217,1527.59312623542,1529.16819371315,1865.55641371673,2147.28922895421,2147.28922895421,3591.13175164318,3627.46659383593,3637.6076972059,5392.84759111661,5392.84759111763,5546.51228357423,5595.89262301427,5595.89262301541,5760.29870701935,8125.31291970722,9942.27476711674,10004.7239069723,10004.7239069693,16352.9460981057,16356.6432466237,25351.8986019393,25439.3480509034,25439.3480508983,26079.5083125512,26079.6340997925,26250.0131633361,28588.6681825066,142476.453184313,153971.840086137,154970.701482276
136,"CYM","Cayman Islands",68.3272636995615,68.3272636995615,68.3272636995615,68.3272636995615,68.3272636995615,68.3272636995615,68.3272636995615,68.3272636995615,68.3272636995615,68.3272636995615,68.3272636995615,68.3272636995615,68.3272636995615,74.4772738992727,80.3166985516096,80.3166985523638,80.3166985523638,80.3166985523638,86.2220948602666,86.2220948602666,86.2220948602666,86.2220948610207,86.2220948610207,86.2220948610207,86.2220948610207,86.2220948602666,86.2220948602666,86.2220948602666,86.2220948602666,86.2220948602666,86.2220948602666
140,"CAF","Central African Republic",0,0,0,0,0,0,0,0,0,0,0,0,0,0,0,0,0,0,0,0,0,0,0,0,0,0,0,0,0,0,0
148,"TCD","Chad",0,0,0,0,0,0,0,0,0,0,0,0,0,0,0,0,0,0,0,0,0,0,0,0,0,0,0,0,0,0,0
152,"CHL","Chile",1.64351278492579,1.64351278492579,1.64351278492579,3.93425978263956,3.93425978263956,3.93425978263956,3.93425978263956,147.106548170901,150.522520910381,150.522520910381,150.522520910381,150.682648972104,150.682648972104,150.682648972104,165.050074856536,1365.41526926604,1460.92966565726,1503.41056756367,1504.60222897794,1504.60222897794,1504.60222897794,152209.146143296,152209.146143296,152209.146143296,152209.146143296,152209.146143296,152433.150479677,452676.110666083,477810.315682526,1331092.98695072,1499605.01391453
156,"CHN","China",0,0,0,27.2667864036887,27.2667864036887,27.2667864036887,27.2667864036887,27.2667864036887,27.2667864036887,27.2667864036887,27.2667864042408,27.2667864042408,27.2667864042408,1821.01346770243,1821.01346770243,1821.01346770243,1821.01346770243,1821.01346770243,1821.01346770243,1871.06985493001,1871.06985493001,1871.06985493001,1871.06985493001,1871.06985493001,1871.06985493001,1871.06985493001,2228.23142165781,2228.23142165781,2228.23142165781,2228.23142165781,2228.23142165781
170,"COL","Colombia",1825.44822132032,1825.44822132032,1825.44822132032,1825.44822132032,1825.44822132032,1825.44822132032,28671.5876418229,28671.5876418229,28671.5876418229,29326.3386119067,29326.3386119067,29328.0676416502,29328.0676416454,29326.338611902,29328.0676416454,29384.2422193618,60881.1430797842,60881.1430797842,60881.1430797842,60881.1430797842,60881.1430797842,61340.8929008498,61341.2824423343,61341.2824423336,63035.6699701579,63721.8188471815,63721.8188471789,63721.8188471878,92934.2142774843,92934.2142774843,92934.2142774843
174,"COM","Comoros",0,0,0,0,0,0,0,0,0,0,0,0,37.2499999999998,37.2499999999998,37.2499999999998,37.2499999999998,37.2499999999998,37.2997375515094,37.2997375515094,37.2997375515094,37.2997375515094,37.2997375515094,37.2997375515094,37.2997375515094,37.2997375515094,37.2997375515094,37.2997375515094,37.2997375515094,37.2997375515094,37.2997375515094,37.2997375515094
184,"COK","Cook Islands",2.41957694461156,2.41957694461156,9.81957694460964,9.81957694460964,9.81957694460964,9.81957694460964,9.81957694460964,9.81957694460964,9.81957694460964,10.6913440296331,10.6913440296331,14.3227287999515,14.3227287999515,14.3227287999515,14.3227287999515,14.3227287999515,14.3227287999515,14.3227287999515,14.3227287999515,14.3227287999515,14.3227287999515,14.3227287999515,14.3227287999515,14.3227287999515,14.3227287999515,14.3227287999515,14.3227287999515,14.3227287999515,1979947.19920238,1979947.19920238,1979947.19920238
188,"CRI","Costa Rica",2650.31440884476,2650.31440884476,2903.52052193819,2955.51933045937,2955.51933045937,3118.02241163764,3263.34418718041,3263.34418718041,3263.34418718041,3325.45779422125,3325.4577937194,3325.4577937194,3325.4577937194,3325.4577937194,3325.4577937194,3325.4577937194,3325.4577937194,3525.32430626695,3525.32430626695,3525.32430626695,3525.32430626695,3525.32430626695,13143.4659624037,13143.4659624037,13143.4659624037,13143.4659624037,13143.4659624037,13143.4659624037,13963.738414997,13963.738414997,13963.738414997
384,"CIV","Cote d'Ivoire",0.823593177003605,0.823593177003605,0.823593177003605,0.823593177003605,0.823593177003605,0.823593177003605,0.823593177003605,0.823593177003605,0.823593177003605,0.823593177003605,0.823593177003605,0.823593177003605,0.823593177003605,0.823593177003605,0.823593177003605,0.823593177003605,165.522468944143,165.522468944143,165.522468944143,165.522468944143,165.522468944143,165.522468944143,165.522468944143,165.522468944143,165.522468944143,165.522468944143,165.522468944143,165.522468944143,165.522468944143,165.522468944143,165.522468944143
191,"HRV","Croatia",127.114935150596,127.114935150596,127.114935150596,127.114935150596,127.114935112598,131.14906428913,131.14906428913,131.14906428913,131.14906428913,131.14906428913,131.14906428913,131.14906428913,131.14906428913,131.14906428913,131.14906428833,131.14906428833,131.14906428833,131.14906428913,131.14906428913,131.14906428913,131.14906428913,131.14906428913,131.14906428913,131.14906428913,4149.41636189123,4149.41636189123,4160.2035597809,4160.20355979661,4160.20355979645,4160.20355979645,4160.20355979645
192,"CUB","Cuba",0,0,0,0,0,0,0,0,0,0,0,0,913.418818837432,913.418818837432,913.418818837432,913.418818837432,913.418818837432,913.418818837432,913.418818837432,1201.3334757541,1201.3334757541,3532.48817992043,3532.48817992043,5358.29875737452,5358.29875737452,5358.29875737452,5358.29875737452,5358.29875737452,5358.29875737452,5358.29875737452,5358.29875737452
531,"CUW","Curacao",0,0,0,0,0,0,0,0,0,0,0,0,0,0,0,0,0,0,0,0,0,0,0,0,0,0,0,0,0,0,0
196,"CYP","Cyprus",5.53093962344636,5.53093962344636,5.53093962344636,5.53093962344636,5.53093962344636,5.53093962344636,5.53093962344636,5.53093962344636,5.53093962344636,5.53093962344636,5.53093962344636,5.53093962344636,5.53093962344636,5.53093962344636,5.53093962344636,45.1003127317448,45.1003127317448,45.1003127317448,45.1003127317448,45.1003127317448,45.1003127317448,45.1003127317448,45.1003127317448,45.1003127317448,45.1003127317448,45.1003127748273,45.1003127748273,54.2051865436014,54.2051865436014,54.2051865436014,54.2051865436014
203,"CZE","Czech Republic",NA,NA,NA,0,0,0,0,0,0,0,0,0,0,0,0,0,0,0,0,0,0,0,0,0,0,0,0,0,0,0,0
180,"COD","Dem. Rep. Congo",0,0,0,0,0,0,0,0,0,0,0,0,0,0,0,0,0,0,0,0,0,0,0,0,0,0,0,0,0,0,0
208,"DNK","Denmark",7286.31330548932,7286.31330548932,7286.31330548932,7286.31331526078,7286.31331529823,7286.31331526104,8850.38961382139,8850.38961382108,8850.38961382035,11959.2702124739,11959.270212432,11959.2702121843,11959.2702121916,12548.5771677195,14322.3161146419,16788.9806390826,16789.2593515218,16789.2739730321,16796.9772337332,16796.9772337014,18337.7457779561,18337.7457779375,18337.7457779405,18376.6363971547,18376.6363971537,18376.6363971116,18376.6363971116,18377.7261647755,18377.726164798,18377.7261647843,18377.7261647843
262,"DJI","Djibouti",0,0,0,0,0,0,0,0,0,0,0,0,0,13.3227655917073,13.3227655917073,13.3227655917073,13.3227655917073,13.3227655917073,13.3227655917073,13.3227655917073,13.3227655917073,13.3227655917073,13.3227655917073,13.3227655917073,13.3227655917073,13.3227655917073,13.3227655917073,13.3227655917073,13.3227655917073,13.3227655917073,13.3227655917073
212,"DMA","Dominica",5.68699663151386,5.68699663151386,5.68699663151386,5.68699663151386,5.68699663151386,5.68699663151386,5.68699663151386,5.68699663151386,5.68699663151386,10.6370041048369,10.6370041048369,10.6370041048369,10.6370041048369,10.6370041048369,10.6370041048369,10.6370041048369,10.6370041048369,10.6370041048369,10.6370041048369,10.6370041048369,10.6370041048369,10.6370041048369,10.6370041048369,10.6370041048369,10.6370041048369,10.6370041048369,10.6370041048369,10.6370041048369,10.6370041048369,10.6370041048369,10.6370041048369
214,"DOM","Dominican Republic",10.1177698172102,10.1177698172102,10.1177698172102,10.1177698172102,10.1177698172102,10.1177698172102,10.1177698172102,10.1177698172102,10.1177698172102,10.1177698172102,10.1177698172102,10.1177698172102,10.1177698172102,10.1177698172102,10.1177698172102,35853.5004260277,35853.5004260277,35853.5004260277,35853.5004260277,35853.5004260277,46598.7774085917,46598.7774085917,46598.7774086029,46598.7774086029,46761.8738577652,47006.9064490152,47006.9064490143,47006.9064490143,47006.9064490143,47006.9064490143,47006.9064490143
218,"ECU","Ecuador",0,0,0,0,0,0,0,0,0,124063.81371923,124063.813719232,124078.537284352,124078.53728435,124090.018045178,124348.319826745,124348.319826744,124348.319826744,124348.319827384,124453.323214955,124977.754128046,125526.382743126,125526.382743125,125550.655143894,125722.516312758,125722.516312758,125988.260737608,127421.660653956,128251.965011364,129118.070527431,129118.070527432,129118.070527432
818,"EGY","Egypt",709.40658966413,709.40658966413,709.40658966413,709.40658966413,709.40658966413,709.40658966413,709.40658966413,709.40658966413,709.40658966413,709.40658966413,709.40658966413,709.40658966413,709.40658966413,709.40658966413,709.40658966413,709.40658966413,709.40658966413,2375.63223752866,2375.63223752866,2375.63223752866,2375.63223752866,2707.01298345749,2707.01298345749,2707.01298345749,2707.01298345749,2707.01298345749,2707.01298345749,2707.01298345749,2707.01298345749,2707.01298345749,2707.01298345749
222,"SLV","El Salvador",0,0,0,0,0,0,0,0,0,0,0,0,0,0,0,0,0,0,209.442394730643,209.442394730643,209.442394730643,209.442394730643,209.442394730643,209.442394730643,209.442394730643,253.791896332677,253.791896332677,253.791896332677,253.791896332677,253.791896332677,253.791896332677
226,"GNQ","Equatorial Guinea",0,0,0,0,0,0,0,0,0,0,0,595.244301038894,595.244301038894,595.244301038894,595.244301038894,595.244301038894,595.244301038894,595.244301038894,595.244301038894,595.244301038894,595.244301038894,595.244301038894,595.244301038894,595.244301038894,595.244301038894,595.244301038894,595.244301038894,595.244301038894,595.244301038894,595.244301038894,595.244301038894
232,"ERI","Eritrea",NA,NA,NA,NA,0,0,0,0,0,0,0,0,0,0,0,0,0,0,0,0,0,0,0,0,0,0,0,0,0,0,0
233,"EST","Estonia",0,0,0,0,0,0,0,0,136.958547632692,136.958547632692,293.110551323903,293.110551323903,293.110551323903,293.110551323903,296.191171894931,5956.49406708195,5958.9636431759,5974.77455180769,5977.20038947268,5977.20038947268,6055.23534975524,6055.73500183095,6254.22720540938,6254.22720541002,6254.22720531191,6254.22720541344,6515.50357475303,6515.50357496111,6515.63179431209,6548.68445798109,6548.68445798109
748,"SWZ","Eswatini",0,0,0,0,0,0,0,0,0,0,0,0,0,0,0,0,0,0,0,0,0,0,0,0,0,0,0,0,0,0,0
231,"ETH","Ethiopia",0,0,0,0,0,0,0,0,0,0,0,0,0,0,0,0,0,0,0,0,0,0,0,0,0,0,0,0,0,0,0
234,"FRO","Faeroe Islands",0,0,0,0,0,0,0,0,0,0,0,0,0,0,0,0,0,0,0,0,0,0,0,0,0,0,0,0,0,0,0
238,"FLK","Falkland Islands",0,0,0,0,0,0,0,0,0,0,0,0,0,0,0,0,0,0,0,0,0,0,0,0,0,0,0,0,0,0,0
242,"FJI","Fiji",426.457408744369,426.457408744369,426.457408744369,426.457408744369,426.457408744369,426.457408744369,426.457408744369,426.457408744369,517.402482023198,517.402482023198,526.325415621524,875.2715251406,2444.18806197605,2612.18031314145,6883.92154958488,10738.3687238222,11008.0617057161,11931.7079992977,12302.1240912241,12302.1240912241,12302.1240912241,12302.1240912241,12302.1240912241,12302.1240912241,12302.1240912241,12302.1240912241,12302.1240912241,12302.1240912241,12302.1240912241,12308.8492841339,12308.8492841339
246,"FIN","Finland",1421.88081963033,1421.88876399844,1567.74058431699,1569.60174871425,1570.92753852382,1570.93329965464,1592.6476695932,2241.14566864424,2343.68247512354,7607.82612341573,7608.30964856455,7608.73230514578,7612.1076515209,7613.12960839387,7636.06853199441,7651.00936823777,7877.26963901869,7886.76014386754,7889.06613525495,7891.91978279819,7894.99847533653,7896.65356641956,8530.66177981437,8833.3693001798,8835.10148226544,8849.31153177104,8857.94134177221,8857.94133995608,8857.95844153433,8857.95844154943,8857.95844154943
250,"FRA","France",1290.67360529222,1290.67360529222,1290.87698528404,1381.4504327656,1570.67138673846,1601.81695293673,1601.81695293679,1601.81695293679,1831.84591420511,2010.93808915266,7373.94032636382,7378.78623602363,7506.15196958647,12694.8839207223,14753.2409865843,15002.9223013234,16861.7740257763,1654281.79275344,1656968.65091947,1671915.56737395,1675569.69255559,1882587.30006503,1887226.87504781,1889949.60894723,1891736.67871502,1891959.55816054,1892223.28563986,1898876.82236538,1965377.19971515,1978691.28155463,1978691.28155463
258,"PYF","French Polynesia",71.1177639057638,71.1177639057638,71.1177639057638,100.108611868517,100.108611868517,100.108611868517,100.108611868517,100.108611868517,100.108611868517,100.108611868517,100.108611868517,100.108611868517,100.108611868517,100.108611868517,100.108611868517,100.108611868517,100.108611868517,100.108611868517,100.108611868517,112.843592211942,112.843592211942,112.843592211942,112.843592211942,112.843592211942,112.843592211942,112.843592211942,112.843592211942,112.843592211942,112.843592211942,112.843592211942,112.843592211942
266,"GAB","Gabon",0,0,0,0,0,0,0,0,0,0,0,0,0,0,826.005126790462,826.005126790462,826.005126790462,826.005126790462,826.005126790462,826.005126790462,826.005126790462,826.005126790462,826.005126790462,826.005126790462,826.005126790462,826.005126790462,826.005126790462,826.005126790462,52012.2898606496,52012.2898606496,52012.2898606496
270,"GMB","Gambia",0,0,0,0,0,0,0,0,0,0,0,0,0,0,0,0,0,0,0,0,0,0,0,0,0,0,0,0,0,0,0
268,"GEO","Georgia",NA,NA,0,0,0,0,0,0,0,0,0,0,0,0,0,0,0,0,0,0,0,0,0,0,0,0,0,0,0,0,0
276,"DEU","Germany",7693.42954015846,8478.1182572932,8525.03814727463,8525.03814727463,8525.03814580991,8525.03814580991,8525.03814580991,8525.03814937946,8525.03815000329,9425.92909628072,9969.02762468804,10129.8457793834,10231.063195453,10231.0631954535,10231.0631953509,23395.669244785,23415.0484689071,23421.0684204254,23421.0684209615,25134.9742762394,25135.537016307,25135.5384068538,25135.5384064152,25135.5384064214,25135.5384064677,25135.5384064875,25135.5384063842,25135.538406412,25145.8349675524,25145.8349675484,25145.8349675484
288,"GHA","Ghana",1.60999999999996,1.60999999999996,1.60999999999996,261.459102312575,261.459102312575,261.459102312575,261.459102312575,261.459102312575,261.459102312575,261.459102312575,261.459102312575,261.459102312575,261.459102312575,261.459102312575,261.459102312575,261.459102312575,261.459102312575,261.459102312575,261.459102312575,261.459102312575,261.459102312575,261.459102312575,261.459102312575,261.459102312575,261.459102312575,261.459102312575,261.459102312575,261.459102312575,261.459102312575,261.459102312575,261.459102312575
300,"GRC","Greece",10112.8493835448,10199.7504134735,10199.7504136457,12361.1144154019,12361.1144154058,12361.1144160296,12361.1144154042,15815.7585742643,16121.1116222042,16121.1117051761,16121.1117045454,16121.1117044241,18101.7073261885,19231.7979667183,19231.8139550615,19231.8139548557,19231.8139548505,19231.8136461227,19231.8136448861,19231.813646205,19231.813646293,19584.5568129773,19584.5568129773,19584.5568129879,19584.5568129879,19584.5568129879,19584.5568129879,19584.5568129879,19584.5568129879,19584.5568129879,19584.5568129879
304,"GRL","Greenland",117.526445624482,117.526445624482,117.526445624482,117.526445624482,117.526445624482,117.526445624482,117.526445624482,117.526445624482,117.526445624482,117.526445624482,117.526445624482,117.526445624482,117.526445624482,117.526445624482,117.526445624482,117.526445624482,117.526445624482,117.526445624482,117.526445624482,127.94118704031,127.94118704031,127.94118704031,239.05976290891,239.05976290891,239.05976290891,239.05976290891,239.05976290891,239.05976290891,239.05976290891,239.05976290891,239.05976290891
308,"GRD","Grenada",0,0,0,0,0,0,0,0,0,0,4.05305155215844,4.05305155215844,4.05305155215844,4.05305155215844,4.05305155215844,4.05305155215844,4.05305155215844,4.05305155215844,4.05305155215844,4.05305155215844,10.0037838593617,10.0037838593617,10.0037838593617,12.5946328455726,12.5946328455726,12.5946328455726,12.5946328455726,12.5946328455726,12.5946328455726,25.9256082099714,25.9256082099714
320,"GTM","Guatemala",0,0,0,0,0,0,0,0,0,0,0,0,0,0,0,0,0,0,16.9393978572231,16.9393978572231,16.9393978572231,16.9393978572231,16.9393978572231,16.9393978572231,16.9393978572231,16.9393978572231,16.9393978572231,16.9393978572231,16.9393978572231,16.9393978572231,16.9393978572231
831,"GGY","Guernsey",0,0,0,0,0,0,0,0,0,0,0,0,0,0,0,0,13.4513831901083,16.4691578868759,16.4691578868759,16.4691578868759,16.4691578868759,16.4691578868759,16.4691578868759,16.4691578868759,16.4691578868759,16.4691578868759,33.1746154797353,33.1746154797353,33.1746154797353,33.1746154797353,33.1746154797353
324,"GIN","Guinea",0,0,0,0.695894445613074,2.22404518151667,2.22404518151667,2.22404518151667,2.22404518151667,2.22404518151667,2.22404518151667,2.22404518151667,2.22404518151667,2.22404518151667,2.22404518151667,2.22404518151667,2.22404518151667,2.22404518151667,2.22404518151667,2.22404518151667,2.22404518151667,2.22404518151667,2.22404518151667,2.22404518151667,2.22404518151667,2.22404518151667,2.22404518151667,2.22404518151667,2.22404518151667,2.22404518151667,2.22404518151667,2.22404518151667
624,"GNB","Guinea-Bissau",0,0,0,0,0,0,0,8709.76006874708,8709.76006874708,8709.76006874708,8709.76006874708,8709.76006874708,8709.76006874708,8709.76006874708,8709.76006874708,8709.76006874708,8709.76006874708,8709.76006874708,8709.76006874708,8709.76006874708,8709.76006874708,8709.76006874708,8709.76006874708,8709.76006874708,8709.76006874708,10153.3793525053,10153.3793525053,10153.3793525053,10153.3793525053,10153.3793525053,10153.3793525053
328,"GUY","Guyana",0,0,0,0,0,0,0,0,0,0,0,0,0,0,0,0,0,0,0,0,0,0,0,0,0,0,0,0,0,0,0
332,"HTI","Haiti",0,0,0,0,0,0,0,0,0,0,0,0,0,0,0,0,0,0,0,0,0,0,0,0,741.418098703153,741.418098703153,741.418098703153,741.418098703153,808.587945732479,808.587945732479,808.587945732479
336,"VAT","Holy See",0,0,0,0,0,0,0,0,0,0,0,0,0,0,0,0,0,0,0,0,0,0,0,0,0,0,0,0,0,0,0
340,"HND","Honduras",0,0,483.467229356937,483.467229356937,511.940643124226,511.940643124226,511.940643124226,511.940643124226,511.940643124226,511.940643124226,654.03231261805,654.03231261805,654.03231261805,654.03231261805,1879.57534433019,1879.57534433019,1879.5753443209,1879.5753443209,1879.5753443209,1879.5753443209,1879.5753443209,1879.5753443209,1879.5753443209,1879.5753443209,8389.61994236959,8389.61994236959,8389.61994236959,8389.61994236959,8389.61994236959,8389.61994236959,8389.61994236959
344,"HKG","Hong Kong",0,0,0,0,0,0,0,0,0,0,0,0,0,0,0,0,0,0,0,0,0,0,0,0,0,0,0,0,0,0,0
348,"HUN","Hungary",0,0,0,0,0,0,0,0,0,0,0,0,0,0,0,0,0,0,0,0,0,0,0,0,0,0,0,0,0,0,0
352,"ISL","Iceland",2728.39363024357,2728.39363024357,2728.39363024357,2728.39363024357,2728.39363024357,2741.53537073173,2743.32579738535,2743.42035619337,2743.42035619337,2743.42035619337,2743.42035619337,2743.42035619337,2743.54064192513,2743.54064192513,2743.54064192513,2743.54064192513,2743.54064192513,2807.4549115279,2808.46353477941,2886.44578490234,2890.53703933133,2890.53703933133,2890.53703933133,2905.0105475315,2905.01054748155,2905.01054748155,2905.01054748155,2905.01054748155,2905.01054748155,2905.01054748155,2905.01054748155
356,"IND","India",1888.58223420029,1888.58223420029,1888.58223420029,1888.58223420029,1888.58223420029,1888.58223420029,1888.58223420029,2046.11289362872,2046.11289362872,2135.43420207058,2135.43420207058,2135.43420207058,2135.43420207058,2802.51936503712,2802.51936503712,2802.51936503712,2802.51936503712,2802.51936503712,2802.51936503712,2802.51936105259,2802.51936105259,2802.51936105259,2802.51936105259,2802.51936105259,2802.51936105259,2802.51936105259,2802.51936105259,2802.51936105259,2802.51936105259,2802.51936105259,2802.51936105259
360,"IDN","Indonesia",50653.1150670384,50653.3737277226,52086.4228446527,52086.4228446536,52086.4228446618,52086.4228446618,52086.4228446618,52088.0451311076,52088.0451311074,52088.0451311067,52092.9804222667,52092.9804222655,52157.0176922189,52157.0176922177,53441.2735139398,53999.8702119387,54289.5016471603,54927.735807834,71474.2551850492,77518.2919563908,128680.872627339,129407.914661193,130413.062822838,133825.085690386,139385.221390278,156947.814427599,160030.918141479,163118.411467566,169628.671429683,179546.782105157,179546.782105157
364,"IRN","Iran",0,0,0,0,0,0,0,0,0,0,227.246906854761,227.246906854761,249.183211980046,258.849812701695,258.849812701695,258.849812701695,258.849812701695,258.849812701695,258.849812701695,258.849812701695,258.849812701695,258.849812701695,258.849812701695,258.849812701695,258.849812701695,258.849812701695,258.849812701695,258.849812701695,258.849812701695,258.849812701695,258.849812701695
368,"IRQ","Iraq",0,0,0,0,0,0,0,0,0,0,0,0,0,0,0,0,0,0,0,0,0,0,0,0,0,0,0,0,0,0,0
372,"IRL","Ireland",137.034457321787,188.704653498575,188.704653498575,188.704653498575,188.704653498575,563.078810535182,763.210368504134,784.265697267067,792.743411923654,801.313670853585,951.053325839227,1033.00906813991,1755.1008069632,3058.46500885596,3059.90903260147,3156.9169034279,3160.16712181629,5699.13723329687,5701.42082942052,5703.12900937044,5709.99490898952,5711.1844912547,7635.89131852602,9063.42011543941,9063.42011544907,9063.42011544907,9093.17804527171,9093.17804528228,9093.17804528228,9093.17804528228,9093.17804528228
833,"IMN","Isle of Man",0,0,0,0,0,0,0,0,0,0,0,0,0,0,0,0,0,0,0,0,0,0,0,0,0,0,0,0,0,0,0
376,"ISR","Israel",0.311892862349167,0.311892862349167,0.311892862349167,0.311892862349167,0.311892862349167,0.311892862349167,0.311892862349167,0.311892862349167,0.311892862349167,0.311892862349167,0.311892862349167,0.311892862349167,0.311892862349167,5.04249969006797,5.04249969006797,5.04249969006797,5.04249969006797,5.04249969006797,5.04249969006797,6.75010191902467,7.89735163482781,7.89735163482781,7.89735163482781,7.89735163482781,7.89735163482781,7.89735163482781,7.89735163482781,7.89735163482781,7.89735163482781,7.89735163482781,7.89735163482781
380,"ITA","Italy",343.301317558925,343.301317558925,1057.09543355945,1057.09543355945,1057.09543355945,1057.09543355945,3723.07294143406,3832.76273346856,4246.87475887184,4247.51851194273,23791.8930721143,23791.9667556219,23791.9667556121,23973.009887512,23973.0098875184,23996.7758974303,24108.0492925505,24405.0654717477,24474.8935198121,24474.8935198137,24606.9514784627,24640.3561225104,24646.4400937004,24646.4400937089,24670.2559647522,24670.2559647501,24670.2559647501,24670.2559647526,24670.8300727014,24670.8300727014,24670.8300727014
388,"JAM","Jamaica",1.85936170543619,1.85936170543619,1.85936170543619,13.5344227045481,13.5344227045481,13.5344227045481,13.5344227045481,146.97340133925,146.97340133925,391.767255952549,391.767255952549,391.767255952549,391.767255952549,391.767255952549,391.767255952549,391.767255952549,406.037689331931,406.037689331931,406.037689331931,406.037689331931,438.064933236249,438.87651572239,438.87651572239,438.87651572239,438.87651572239,438.87651572239,438.87651572239,438.87651572239,438.87651572239,438.87651572239,438.87651572239
392,"JPN","Japan",281149.448715722,281149.448715751,281149.448715728,281149.448715658,281149.502260354,281149.72457872,281149.724578719,281149.72457872,281162.37482253,281163.104860222,281163.104860279,281163.104860274,281163.104860279,281417.698381998,290908.542484988,293100.691754818,293186.287617928,293186.301259648,293186.301275692,293208.707750167,293208.707750229,293211.81809267,293211.818092676,293213.404149675,317542.775355941,318515.502618386,318515.50261828,318515.50261828,318515.50261828,318515.50261828,318515.50261828
832,"JEY","Jersey",0,0,0,0,0,0,0,0,0,0,0,31.1648341910032,31.1648341910032,31.1648341910032,31.1648341910032,31.1648341910032,186.456998525708,186.456998525708,186.456998525708,186.456998525708,186.456998525708,186.456998525708,186.456998525708,186.456998525708,186.456998525708,186.456998525708,186.456998525708,186.456998525708,186.456998525708,186.456998525708,186.456998525708
400,"JOR","Jordan",0,0,0,0,0,0,0,0,29.7204858713757,29.7204858713757,29.7204858713757,29.7204858713757,29.7204858713757,29.7204858713757,29.7204858713757,29.7204858713757,29.7204858713757,29.7204858713757,29.7204858713757,29.7204858713757,29.7204858713757,29.7204858713757,29.7204858713757,29.7204858713757,29.7204858713757,29.7204858713757,29.7204858713757,29.7204858713757,29.7204858713757,29.7204858713757,29.7204858713757
398,"KAZ","Kazakhstan",NA,NA,329.135427625419,329.135427625419,329.135427625419,329.135427625419,329.135427625419,329.135427625419,329.135427625419,329.135427625419,329.135427625419,329.135427625419,329.135427625419,329.135427625419,329.135427625419,329.135427625419,329.135427625419,329.135427625419,329.135427625419,329.135427625419,559.46382124885,559.46382124885,559.46382124885,559.46382124885,559.46382124885,559.46382124885,559.46382124885,559.46382124885,559.46382124885,559.46382124885,559.46382124885
404,"KEN","Kenya",441.03648530552,441.03648530552,441.03648530552,441.03648530552,441.03648530552,441.03648530552,577.553536948522,577.553536948522,577.553536948522,577.553536948522,577.553536948522,577.553536948522,577.553536948522,577.553536948522,577.553536948522,580.783536948522,580.998408917879,580.998408917879,580.998408917879,580.998408917879,583.791799399698,583.791799399698,586.404225474812,662.254380238449,662.254380238449,662.254380238449,662.254380238449,662.254380238449,662.254380238449,662.254380238449,662.254380238449
296,"KIR","Kiribati",163.331440386518,163.331440386518,163.331440386518,163.331440386518,163.331440386518,163.331440386518,163.331440386518,163.331440386518,163.331440386518,163.331440386518,550.339569227113,550.339569227113,550.339569227113,550.339569227113,550.339569227113,550.339569227113,550.339569227113,400604.909808732,400604.909808732,400604.909808732,400604.909808732,400604.909808732,400604.909808732,400604.909808732,400613.130210216,400613.130210216,400613.130210216,400613.130210216,400613.130210216,400613.130210216,400613.130210216
689,"XKX","Kosovo",NA,NA,NA,NA,NA,NA,NA,NA,NA,NA,NA,NA,NA,NA,NA,NA,NA,NA,NA,0,0,0,0,0,0,0,0,0,0,0,0
414,"KWT","Kuwait",0,0,0,0,0,0,0,0,0,0,0,0,0,0,0,0,0,0,0,0,0,0,0,0,0,0,0,13.2894916276737,13.2894916276737,13.2894916276737,13.2894916276737
417,"KGZ","Kyrgyzstan",NA,NA,0,0,0,0,0,0,0,0,0,0,0,0,0,0,0,0,0,0,0,0,0,0,0,0,0,0,0,0,0
418,"LAO","Laos",0,0,0,0,0,0,0,0,0,0,0,0,0,0,0,0,0,0,0,0,0,0,0,0,0,0,0,0,0,0,0
428,"LVA","Latvia",0.248009225849632,0.248009225849632,0.248009225849632,0.248009225849632,0.248009225849632,0.248009225849632,0.248009225849632,0.248009225849632,0.248009225849632,0.248009225849632,0.248009225849632,0.248009225849632,0.248458385255993,394.252498520358,394.252498520358,394.252498520358,394.252498520358,394.252498520358,394.252498520358,4520.18111816596,4520.18111816596,4520.18111870041,4520.18111870041,4520.18111870041,4521.24959295369,4521.24959295369,4521.24959295369,4521.24959295369,4521.24959295369,4521.24959295369,4521.24959295369
422,"LBN","Lebanon",0,0,0,0,0,0,0,0,0,0,0,0,0,0,0,0,0,0,0,0,0,0,0,0,0,0,0,0,0,0,0
426,"LSO","Lesotho",0,0,0,0,0,0,0,0,0,0,0,0,0,0,0,0,0,0,0,0,0,0,0,0,0,0,0,0,0,0,0
430,"LBR","Liberia",0,0,0,0,0,0,0,0,0,0,0,0,0,0,190.123908854086,190.123908854086,190.123908854086,251.23900853292,251.23900853292,251.23900853292,251.23900853292,251.23900853292,251.23900853292,251.23900853292,251.23900853292,251.23900853292,251.23900853292,251.23900853292,251.23900853292,251.23900853292,251.23900853292
434,"LBY","Libya",0,0,0,2287.33337062833,2287.33337062833,2287.33337062833,2287.33337062833,2287.33337062833,2287.33337062833,2287.33337062833,2287.33337062833,2287.33337062833,2287.33337062833,2287.33337062833,2287.33337062833,2287.33337062833,2287.33337062833,2287.33337062833,2287.33337062833,2287.33337062833,2287.33337062833,2287.33337062833,2287.33337062833,2287.33337062833,2287.33337062833,2287.33337062833,2287.33337062833,2287.33337062833,2287.33337062833,2287.33337062833,2287.33337062833
438,"LIE","Liechtenstein",0,0,0,0,0,0,0,0,0,0,0,0,0,0,0,0,0,0,0,0,0,0,0,0,0,0,0,0,0,0,0
440,"LTU","Lithuania",0,0,0,0,0,0,0,0,0,0,0,0,0,0,0,359.321668665154,529.770029275819,529.770029275819,529.770029275819,529.770029275819,532.629394206362,534.680965157907,534.680965157907,534.680965154647,853.351682770516,1270.99460831962,1410.70679455642,1410.706794563,1410.706794563,1410.70679455642,1410.70679455642
442,"LUX","Luxembourg",0,0,0,0,0,0,0,0,0,0,0,0,0,0,0,0,0,0,0,0,0,0,0,0,0,0,0,0,0,0,0
446,"MAC","Macao",0,0,0,0,0,0,0,0,0,0,0,0,0,0,0,0,0,0,0,0,0,0,0,0,0,0,0,0,0,0,0
450,"MDG","Madagascar",11.1496706334782,11.1496706334782,11.1496706334782,11.1496706334782,11.1496706334782,11.1496706334782,11.1496706334782,11.1496706334782,114.105061706436,114.105061706436,114.105061706436,114.105061706436,114.105061706436,114.105061706436,114.105061706436,114.105061706436,114.105061706436,1239.48530729469,1239.48530729469,1863.48306917282,2405.73566316135,2750.37188437918,4297.18199256387,4300.04804319867,4300.04804319867,4300.04804319867,4300.04804319867,4300.04804319867,8737.41266776813,8737.41266776813,8737.41266776813
454,"MWI","Malawi",0,0,0,0,0,0,0,0,0,0,0,0,0,0,0,0,0,0,0,0,0,0,0,0,0,0,0,0,0,0,0
458,"MYS","Malaysia",2573.76808586977,2573.76808586977,2573.76808586977,2576.47083563102,2576.47083563102,3587.13065067849,3587.13065067849,3747.07801096282,3747.07801096282,3831.49581364081,4031.31405665119,4031.31405665119,4031.31405665119,4031.31405665119,4050.04289071892,4050.04289071892,4067.0685530129,4067.0685530129,4067.0685530129,4441.66181139956,4441.66181139956,4441.66181139956,4441.66181139956,4441.66181139956,4441.66181139956,4441.66181139956,4441.66181139956,4441.66181139956,4441.66181139956,4441.66181139956,4441.66181139956
462,"MDV","Maldives",0,0,0,0,0,0,102.75239714391,102.75239714391,102.75239714391,102.75239714391,265.173371519348,265.173371519348,265.173371519348,265.173371519348,265.173371519348,271.763947426615,271.763947426615,290.191387835848,290.191387835848,290.191387835848,371.14027620956,371.14027620956,473.541774128007,475.165363262013,475.165363262013,475.165363262013,475.165363262013,475.165363262013,475.165363262013,475.165363262013,475.165363262013
466,"MLI","Mali",0,0,0,0,0,0,0,0,0,0,0,0,0,0,0,0,0,0,0,0,0,0,0,0,0,0,0,0,0,0,0
470,"MLT","Malta",0,12.9807326858752,12.9807326858752,12.9807326858752,12.9807326858752,12.9807326858752,12.9807326858752,12.9807326858752,12.9807326858752,12.9807326858752,12.9807326858752,12.9807326858752,12.9821146678558,13.0050274179157,13.0050274172669,13.0050274168979,25.8011456865266,25.8159331871009,27.6045429732408,27.6045429721293,27.6045429716207,196.823529925923,196.823529926825,196.823529927624,196.823529927624,196.823529927624,196.823529927624,3833.21654270361,3833.21654270273,4142.61798166061,4142.61798166061
584,"MHL","Marshall Islands",143.562467872311,143.562467872311,143.562467872311,143.562467872311,143.562467872311,143.562467872311,143.562467872311,143.562467872311,143.562467872311,143.562467872311,143.562467872311,143.562467872311,143.562467872311,3789.41885559199,3789.41885559199,3828.49091935456,3828.49091935456,4777.2818682882,4777.2818682882,4777.2818682882,4777.2818682882,4793.77236115974,4793.77236115974,4795.29096415299,4795.9165883361,4795.9165883361,4795.9165883361,4795.9165883361,4795.9165883361,4795.9165883361,4795.9165883361
478,"MRT","Mauritania",0.421563486054018,2.17268855840287,2.17268855840287,2.17268855840287,2.17268855840287,2.17268855840287,2.17268855840287,2.17268855840287,2.17268855840287,2.17268855840287,2.17268855840287,17.5362874119757,17.5362874119757,17.5362874119757,17.5362874119757,17.5362874119757,17.5362874119757,17.5362874119757,17.5362874119757,17.5362874119757,17.5362882499615,17.5362882499615,17.5362882499615,17.5362882499615,17.5362882499615,17.5362882499615,17.5362882499615,17.5362882499615,17.5362882499615,17.5362882499615,17.5362882499615
480,"MUS","Mauritius",1.06479822619422,1.06479822619422,1.06479822619422,1.06479822619422,1.06479822619422,1.06479822619422,1.06479822619422,1.06479822619422,1.90065948338275,1.90065948338275,1.90065948338275,9.3648428598824,9.36484284654681,9.36484284654681,9.36484284654681,9.36484284654681,9.36484284654681,9.36484284654681,9.36484284654681,9.36484284654681,9.36484284654681,9.36484284654681,9.36484284654681,9.36484284654681,9.36484284654681,9.36484284654681,9.36484284654681,9.36484284654681,9.36484284654681,9.36484284654681,9.36484284654681
484,"MEX","Mexico",0,0,0.025138226358165,0.025138226358165,0.025138226358165,0.025138226358165,0.025138226358165,2128.95679532848,2128.95679532848,2605.94699024719,2605.94698822157,14965.8258619755,14965.8258619755,15283.6383939551,15283.6385161214,22050.2214530913,28266.7469327143,28266.7469327075,32201.2202744155,32206.1330883175,35972.4067643725,35972.4067643725,35972.4067643725,36242.0421234566,36242.0422419922,36242.0422417642,36242.0422419913,542020.986856282,684464.606061472,684464.606061472,684464.606061472
583,"FSM","Micronesia",418.89477908858,418.89477908858,418.89477908858,418.89477908858,418.89477908858,418.89477908858,418.89477908858,418.89477908858,418.89477908858,418.89477908858,418.89477908858,418.89477908858,418.89477908858,418.89477908858,418.89477908858,418.89477908858,418.89477908858,418.89477908858,418.89477908858,418.89477908858,418.89477908858,418.89477908858,418.89477908858,418.89477908858,418.89477908858,418.89477908858,418.89477908858,418.89477908858,418.89477908858,418.89477908858,418.89477908858
498,"MDA","Moldova",NA,NA,0,0,0,0,0,0,0,0,0,0,0,0,0,0,0,0,0,0,0,0,0,0,0,0,0,0,0,0,0
492,"MCO","Monaco",0.0149473907972408,0.0149473907972408,0.0149473907972408,0.0149473907972408,0.0149473907972408,0.0149473907972408,0.0149473907972408,0.0149473907972408,0.173696017416681,0.173696017416681,0.173696017416681,0.173696017416681,0.173696017416681,0.173696017416681,0.173696017416681,0.173696017416681,0.173696017416681,0.173696017416681,0.173696017416681,0.173696017416681,0.173696017416681,0.173696017416681,0.173696017416681,0.173696017416681,0.173696017416681,0.173696017416681,0.173696017416681,0.173696017416681,0.173696017416681,0.173696017416681,0.173696017416681
496,"MNG","Mongolia",0,0,0,0,0,0,0,0,0,0,0,0,0,0,0,0,0,0,0,0,0,0,0,0,0,0,0,0,0,0,0
499,"MNE","Montenegro",NA,NA,NA,NA,3.27085097937584,3.27085097937584,3.27085097937584,3.27085114518318,3.27085114518318,3.27085114518318,3.27085114518318,3.27085114518318,3.27085114518318,3.27085114518318,3.27085114518318,3.27085114518318,3.27085114518318,3.31927596189128,3.31927596189128,3.52496295530914,3.52496309149335,3.52496309149335,3.52496309149335,3.52496309149335,3.52496309149335,3.52496309149335,3.52496309120032,3.52496309120032,3.52496309120032,3.52496309120032,3.52496309120032
504,"MAR","Morocco",19.2971904487763,19.2971904487763,19.2971904487763,19.2971904487763,19.2971904487763,19.2971904487763,19.2971904487763,19.2971904487763,19.2971904487763,19.2971904487763,19.2971904487763,19.2971904487763,19.2971904487763,19.2971904487763,19.2971904487763,19.2971904487763,266.662517670068,266.662517670068,266.662517670068,266.662517670068,266.662517670068,266.662517670068,266.662517670068,266.662517670068,266.662517670068,266.662517670068,266.662517670068,266.662517670068,266.662517670068,266.662517670068,266.662517670068
508,"MOZ","Mozambique",1253.86139029206,1253.86139029206,1253.86139029206,1253.86139029206,1253.86139029206,1253.86139029206,1253.86139029206,1253.86139029206,1253.86139029206,1253.86139029206,1253.86139029206,1253.86139029206,1253.86139029206,1253.86139029206,1253.86139029206,1253.86139029206,1253.86139029206,1253.86139029206,1253.86139029206,1253.86139029206,1253.86139029206,1253.86139029206,1253.86139029206,1253.86139029206,1253.86139029206,1253.86139029206,1253.86139029206,1253.86139029206,1253.86139029206,1253.86139029206,1253.86139029206
104,"MMR","Myanmar",0,0,0,0,0,0,0,1794.62172203792,1794.62172203792,1794.62172203792,1794.62172203792,1794.62172203792,1794.62172203792,1794.62172203792,1794.62172203792,1794.62172203792,1794.62172203792,1794.62172203792,1794.62172203792,1794.62172203792,1794.62172203792,1794.62172203792,1794.62172203792,1794.62172203792,1794.62172203792,1794.62172203792,1794.62172203792,1794.62172203792,1794.62172203792,1794.62172203792,1794.62172203792
516,"NAM","Namibia",NA,0,0,0,0,0,0,0,0,0,0,0,0,0,0,0,0,0,0,0,9463.51305633156,9463.51305633156,9463.51305633156,9463.51305633156,9463.51305633156,9463.51305633156,9463.51305633156,9463.51305633156,9463.51305633156,9463.51305633156,9463.51305633156
520,"NRU","Nauru",0,0,0,0,0,0,0,0,0,0,0,0,0,0,0,0,0,0,0,0,0,0,0,0,0,0,0,0,0,0,0
524,"NPL","Nepal",0,0,0,0,0,0,0,0,0,0,0,0,0,0,0,0,0,0,0,0,0,0,0,0,0,0,0,0,0,0,0
528,"NLD","Netherlands",5202.99000367022,5202.99000367022,5202.99064395075,5202.99064393419,5202.99064393022,5202.99064393022,5364.61134007409,5387.71010598812,5387.71010598689,6458.89115707791,6458.89115708265,7952.87754246447,7952.87754246447,7952.87754246813,7952.87754248352,7952.8775424679,7952.87754246813,7952.87754246036,7952.87754246036,14411.6147553216,14487.0423399627,14487.0455064622,14487.0455064484,14487.0455064484,14487.0455065172,14487.0455061282,14487.0455061182,17363.651700283,17363.6517002043,17363.6517011036,17363.6517011036
540,"NCL","New Caledonia",484.672919907078,485.231136702999,511.439284391249,511.439284391249,583.691549380153,583.761681883275,583.761681883275,583.761681883275,583.761681883275,588.761681883268,588.761681883268,1556.00471218765,1556.00471218765,1556.00471218765,1556.00471218765,1556.00471218765,1556.00471218765,1556.00471218765,1556.00471218765,19382.9102705293,25580.116344256,25580.116344256,25580.116344256,25580.116344256,27942.4947382506,1316265.37046261,1316265.37046261,1316265.37046261,1316265.37046261,1316265.37046261,1316265.37046261
554,"NZL","New Zealand",272.634254046274,7876.32938710987,7876.32938710987,7921.76140994937,7939.43820160932,7939.51666427546,7948.01798377637,7948.01798377637,7951.90118065721,7951.90118065721,7978.3710507917,7978.3710507917,92105.6931078783,92105.6931078783,97104.2590235175,97114.7246409324,97124.0948318648,97155.2059337614,1205947.3473335,1205955.36898803,1205955.36898803,1205955.36898803,1205959.07080197,1205959.07080197,1205959.07080197,1206401.69727281,1206402.28733623,1206402.28733623,1206402.28733623,1206402.28733623,1206402.28733623
558,"NIC","Nicaragua",111.024012073637,213.57978423797,272.469436583588,272.469436583588,272.469436583588,272.469436583588,272.469436583588,272.469436583588,272.469436583588,272.469436583588,272.469436583588,272.469436583588,1617.18446639161,1617.18446639161,1617.18446639161,1617.18446639161,1617.18446639161,1617.18446639161,1617.18446639161,1617.18446639161,1617.18446639161,1617.18446639161,1617.18446639161,1617.18446639161,1617.18446639161,1617.18446639161,1617.18446639161,1617.18446639161,1617.18446639161,1617.18446639161,1617.18446639161
562,"NER","Niger",0,0,0,0,0,0,0,0,0,0,0,0,0,0,0,0,0,0,0,0,0,0,0,0,0,0,0,0,0,0,0
566,"NGA","Nigeria",0,0,0,0,0,0,0,0,0,0,0,0,0,0,0,0,0,0,0,0,0,0,0,0,0,0,0,0,0,0,0
570,"NIU","Niue",0,0,0,0,0,0,0,0,0,0,0,0,0,0,0,0,0,0,0,0,0,0,0,0,0,0,0,0,0,0,0
408,"PRK","North Korea",26.6066699948595,26.6066699948595,26.6066699948595,26.6066699948595,26.6066699948595,26.6066699948595,26.6066699948595,26.6066699948595,26.6066699948595,26.6066699948595,26.6066699948595,26.6066699948595,26.6066699948595,26.6066699948595,26.6066699948595,26.6066699948595,26.6066699948595,26.6066699948595,26.6066699948595,26.6066699948595,26.6066699948595,26.6066699948595,26.6066699948595,26.6066699948595,26.6066699948595,26.6066699948595,26.6066699948595,26.6066699948595,26.6066699948595,26.6066699948595,26.6066699948595
807,"MKD","North Macedonia",NA,NA,NA,NA,0,0,0,0,0,0,0,0,0,0,0,0,0,0,0,0,0,0,0,0,0,0,0,0,0,0,0
578,"NOR","Norway",5514.73675166249,5514.73675166249,5548.29307555464,5548.29708907605,5654.22936578302,5654.22936578302,5687.78028622998,5689.32256033154,5700.10093936452,5700.10093936452,5700.10093935151,5705.99654513212,5705.99654513213,9336.43491787694,12571.4696028574,12648.9092007113,14692.6174546727,14692.6174546727,14692.6284741871,14693.6537052616,82459.1668689463,88120.4348078446,88120.4348077429,88662.1649554291,89211.3207997793,89211.3207997843,89211.3586330478,90025.3471517628,90025.3500162309,90025.3500162208,90025.3500162208
512,"OMN","Oman",0,0,0,0,0,0,0,210.844127302048,221.445373013395,221.445373013395,221.445373013395,221.445373013395,221.445373013395,221.445373013395,221.445373013395,221.445373013395,221.445373013395,221.445373013395,221.445373013395,221.445373013395,221.445373013395,221.445373013395,221.445373013395,221.445373013395,221.445373013395,221.445373013395,221.445373013395,221.445373013395,221.445373013395,221.445373013395,221.445373013395
586,"PAK","Pakistan",0.094482315175239,0.094482315175239,0.094482315175239,0.094482315175239,0.094482315175239,0.094482315175239,0.094482315175239,0.094482315175239,0.094482315175239,0.094482315175239,0.094482315175239,0.094482315175239,470.674444308091,1552.02252873786,1552.02252873786,1552.02252873786,1552.02252873786,1552.02252873786,1552.02252873786,1552.02252873786,1552.02252873786,1552.02252873786,1552.02252873786,1552.02252873786,1552.02252873786,1552.02252873786,1552.02252873786,1552.02252873786,1552.02252873786,1552.02252873786,1552.02252873786
585,"PLW","Palau",100558.185400231,100558.671547238,100558.671547238,100558.671547238,100558.671547238,100558.671547238,100558.671547238,100558.671547238,100559.656925971,100559.656925971,100608.928063737,101411.858304299,101412.631712097,101413.681091164,101413.681091164,101484.706415248,101487.517219494,101494.878703713,101495.969585306,101498.593600576,101498.593600576,101498.593600576,101498.593600576,101498.593600576,101498.593600576,101498.593600576,606253.106360482,606253.106360482,606253.106360482,606253.106360482,606253.106360482
591,"PAN","Panama",2195.50028738484,2195.50028738484,2195.50028738484,2195.50028738484,2195.50028738484,2791.86452367242,2791.86452367242,2791.86452367242,2791.86452367242,2791.86452367242,2791.86452367242,2791.86452367242,2791.86452367242,2791.86452367242,3077.92142738458,3077.92142738458,3077.92142738458,3077.92142738458,3077.92142738458,3077.92142738458,3077.92142738458,3101.01656766314,3101.01656766314,3101.01656766314,3101.01656766314,3101.01656766314,3101.01656766314,3101.01656766314,3101.01656766314,3101.01656766314,3101.01656766314
598,"PNG","Papua New Guinea",2791.30361180942,2791.30361180942,2791.30361180942,2791.30361180942,2791.30361180942,2791.30361180942,2791.30361180942,2791.30361180942,2791.30361180942,2791.30361180942,2791.30361180942,2791.30361180942,2791.30361180942,2792.49320777268,2792.49320777268,2792.49320777268,2792.49320777268,2802.98102787085,2802.98102787085,2802.98102787085,2802.98102787085,2802.98102787085,2802.98102787085,2802.98102787085,2802.98102787085,2802.98102787085,2802.98102787085,2802.98102787085,2802.98102787085,2802.98102787085,2802.98102787085
600,"PRY","Paraguay",0,0,0,0,0,0,0,0,0,0,0,0,0,0,0,0,0,0,0,0,0,0,0,0,0,0,0,0,0,0,0
604,"PER","Peru",0,0,0,0,0,0,0,0,0,0,0,0,0,0,0,0,0,0,0,0,1374.74955306686,1374.74954038304,1395.46731189507,1395.46731189507,1395.46731189507,1395.46734085642,1395.46734085642,1395.46731189507,1395.46731189507,1395.46734085642,1395.46734085642
608,"PHL","Philippines",241.289409813034,250.618567355302,254.231034151093,285.357170038016,345.573064140853,1194.09667797515,1195.6547245589,5677.82283071437,5728.18458131949,11629.3339267152,15330.3299386949,15628.4059379719,17538.4145230026,17554.5109025416,17564.9110562509,17565.1803478752,17580.5148123799,17591.6719098429,17592.1835868892,17593.3732996912,17593.3732996912,17600.31765577,17600.3176556024,17629.5707055299,17630.9502195901,17630.9502195901,17630.9502195901,18517.7080468172,18517.7080468172,18517.7080468172,18517.7080468172
616,"POL","Poland",0.0963260003440351,0.0963260003440351,0.0963260003440351,0.0963260003440351,0.0963260003440351,0.0963260003440351,0.0963260003440351,0.0963260003440351,0.0963260003440351,0.0963260003440351,0.0963260003440351,0.0963260003440351,0.0963260003440351,0.0963260003440351,0.0963260003440351,7152.2289749431,7179.36819831062,7185.20561982619,7185.2056192366,7185.20561924039,7185.21189725577,7185.21189725363,7185.21189725577,7185.21189725385,7185.21189725184,7185.21189723999,7185.21189722219,7185.21189721214,7185.2118971955,7185.21189720777,7185.21189720777
620,"PRT","Portugal",2923.09306050507,3671.55954846679,3671.55954846679,3671.55954846679,3671.55954846679,3671.55954846679,3729.2070329191,3729.2070329191,3748.20383405091,3748.20383406951,3903.40794879592,3903.40794879592,3903.40794879592,3903.40794879592,3903.40794879592,3916.04399870061,3916.04399870036,5055.32831316254,9075.472352951,9186.06454801146,9186.06454799252,9186.06454799252,14889.3989707792,14889.3989707792,14889.3989707706,14889.3991594768,42117.3307628185,71230.757858065,71233.2265746825,71246.3497601657,71246.3497601657
634,"QAT","Qatar",0,0,0,0,0,0,0,0,0,0,0,0,0,0,0,0,0,0,0,0,0,0,0,0,0,0,0,0,0,0,0
178,"COG","Republic of Congo",0,0,0,0,0,0,0,0,0,0,0,0,0,0,0,0,0,0,581.065473951123,581.065473951123,581.065473951123,581.065473951123,581.065473951123,581.065439640288,581.065439640288,581.065439640288,581.065439640288,581.065439640288,581.065439640288,581.065439640288,581.065439640288
642,"ROU","Romania",0,0,0,0,0,0,0,0,0,0,0,72.8678848220549,72.8678848220549,72.8678848220549,72.8678848220549,72.8678848220549,72.8678848220549,76.2753624160261,3844.18005613998,3844.18005613998,3844.18005613998,3844.18005613998,3992.97279204601,3992.97279204528,3992.97279204528,3992.97279204528,3992.97279204528,6208.68056941477,6208.68056941477,6208.68056941477,6208.68056941477
643,"RUS","Russia",NA,NA,4611.71577131202,4611.71577129758,16716.3059510997,140650.815867041,142119.958572718,142213.927030124,142213.927028223,142215.913507552,142215.913507567,142215.913507552,142215.913507567,142215.913507567,142215.913507556,142215.913507556,142215.913507556,142215.913507526,142215.913507526,142215.913507567,142226.539838946,142226.539838946,142226.539838946,142226.539838946,142226.539838946,142226.539838946,142226.539838946,142226.539838946,142226.539838946,142226.539838946,142226.539838946
646,"RWA","Rwanda",0,0,0,0,0,0,0,0,0,0,0,0,0,0,0,0,0,0,0,0,0,0,0,0,0,0,0,0,0,0,0
652,"BLM","Saint Barthelemy",0,0,0,0,0,0,0,11.1042321881625,11.1042321881625,11.1042321881625,11.1042321881625,11.1042321881625,11.1042321881625,11.1042321881625,11.1042321881625,11.1042321881625,11.1042321881625,11.1042321881625,11.1042321881625,11.1042321881625,11.1042321881625,4133.21603332183,4133.21603332183,4133.21603332183,4133.21603332183,4133.21603332183,4133.21603332183,4133.21603332183,4133.21603332183,4133.21603332183,4133.21603332183
659,"KNA","Saint Kitts and Nevis",0.0238129272391122,0.0238129272391122,0.0238129272391122,0.0238129272391122,0.0238129272391122,0.0238129272391122,0.0238129272391122,0.0238129272391122,0.0238129272391122,0.0238129272391122,0.0238129272391122,0.0238129272391122,0.0238129272391122,0.0238129272391122,0.0238129272391122,0.0238129272391122,0.0238129272391122,0.0238129272391122,0.0238129272391122,0.0238129272391122,0.0238129272391122,0.0238129272391122,0.0238129272391122,0.0238129272391122,0.0238129272391122,0.0238129272391122,0.0238129272391122,421.673883295981,421.673883295981,421.673883295981,421.673883295981
662,"LCA","Saint Lucia",0.411697185659132,1.28512925429821,1.28512925429821,1.28512925429821,1.28512925429821,1.28512925429821,17.7189780513877,17.7189780513877,17.7189780513877,26.3969375489618,26.3969375489618,26.3969375489618,26.3969375489618,27.2469375489621,27.2469375489621,27.2469375489621,27.2469375489621,27.2469375489621,27.246937125655,27.246937125655,27.246937125655,27.246937125655,27.246937125655,27.246937125655,27.246937125655,27.246937125655,27.246937125655,27.246937125655,27.246937125655,27.246937125655,27.246937125655
670,"VCT","Saint Vincent and the Grenadines",78.1367430561871,78.1367430561871,78.1367430561871,78.1367430561871,78.1367430561871,78.1367430561871,78.1367430561871,78.1367430561871,78.1367430561871,78.1367430561871,78.1367430561871,78.1367430561871,78.1367430561871,78.1367430561871,78.1367430561871,78.1367430561871,78.1367430561871,78.1367430561871,78.1367430561871,78.1367430561871,78.1367430561871,78.1367430561871,78.1367430561871,78.1367430561871,78.1367430561871,78.1367430561871,78.1367430561871,78.1367430561871,78.1367430561871,78.1367430561871,78.1367430561871
882,"WSM","Samoa",9.7282450263961,45.2496483656366,45.2496483656366,45.2496483656366,45.2496483656366,59.2496483656357,59.2496483656357,64.4130276388348,77.590903512983,88.7884381606384,111.550747158357,112.415786590981,112.643701199784,113.082859164047,113.639259164047,113.836563942699,114.326563942699,115.506104914405,116.898450234037,116.898450234037,116.898450234037,116.898450234037,116.898450234037,116.898450234037,116.898450234037,116.898450234037,116.898450234037,116.898450234037,116.898450234037,116.898450234037,116.898450234037
674,"SMR","San Marino",0,0,0,0,0,0,0,0,0,0,0,0,0,0,0,0,0,0,0,0,0,0,0,0,0,0,0,0,0,0,0
678,"STP","Sao Tome and Principe",0,0,0,0,0,0,0,0,0,0,0,0,0,0,0,0,0,0,0,0,0,0,0,0,0,0,0,0,0,0,0
682,"SAU","Saudi Arabia",4666.31770525191,4666.31770525191,4666.31770525191,4666.31770525191,4666.31770525191,4666.31770525191,4666.31770525191,4666.31770525191,4666.31770525191,4666.31770525191,4666.31770525191,4666.31770525191,4666.31770525191,4666.31770525191,4666.31770525191,4666.31770525191,4666.31770525191,4666.31770525191,4666.31770525191,4666.31770525191,4666.31770525191,4666.31770525191,4666.31770525191,4666.31770525191,4666.31770525191,4666.31770525191,4666.31770525191,4666.31770525191,4666.31770525191,4666.31770525191,4666.31770525191
686,"SEN","Senegal",668.371033675136,668.371033675136,668.371033675136,668.371033675136,668.371033675136,668.371033675136,668.371033675136,668.371033675136,668.371033675136,668.371033675136,668.371033675136,668.371033675136,668.371033675136,668.371033675136,668.371033675136,1537.90519305134,1537.90519305134,1537.90519305134,1537.90519305134,1537.90519305134,1537.90519305134,1537.90519305134,1537.90519305134,1537.90519305134,1537.90519305134,1537.90519305134,1537.90519305134,1537.90519305134,1537.90517280631,1537.90517280631,1537.90517280631
688,"SRB","Serbia",NA,NA,NA,NA,NA,NA,NA,NA,NA,NA,NA,NA,NA,NA,NA,NA,NA,0,0,0,0,0,0,0,0,0,0,0,0,0,0
690,"SYC","Seychelles",210042.118070604,210042.118070604,210043.529525683,210043.529525683,210043.529525683,210043.529525683,210043.529525683,210043.529525683,210044.365935203,210044.365935203,210044.365935203,210044.365935203,210044.365935203,210044.365935203,210044.365935203,210044.365935204,210044.365935204,210044.365935204,210044.365935204,210044.365935204,210044.365935204,210045.411732141,210045.411732141,210045.411732141,210045.411732141,210045.411732141,210045.411732141,210045.411732141,210045.411732141,210045.411732141,210045.411732141
694,"SLE","Sierra Leone",0,0,0,0,0,0,0,0,0,0,712.407271555238,712.407271555238,712.407271555238,712.407271555238,712.407271555238,712.407271555238,712.407271555238,712.407271555238,712.407271555238,712.407271555238,712.407271555238,712.407271555238,712.407271555238,972.624016027302,972.624016027302,972.624016027302,972.624016027302,972.624016027302,972.624016027302,972.624016027302,972.624016027302
702,"SGP","Singapore",0,0,0,0,0,0,0,0,0,0,0,0,0,0,0,0,0,0,0,0,0,0,0,0,0,0,0,0,0,0,0
534,"SXM","Sint Maarten",0,0,0,0,0,0,0,0,16.7629053271678,16.7629053271678,16.7629053271678,16.7629053271678,16.7629053271678,16.7629053271678,16.7629053271678,16.7629053271678,16.7629053271678,16.7629053271678,16.7629053271678,16.7629053271678,16.7629053271678,16.7629053271678,16.7629053271678,16.7629053271678,16.7629053271678,16.7629053271678,16.7629053271678,16.7629053271678,16.7629053271678,16.7629053271678,16.7629053271678
703,"SVK","Slovakia",NA,NA,NA,0,0,0,0,0,0,0,0,0,0,0,0,0,0,0,0,0,0,0,0,0,0,0,0,0,0,0,0
705,"SVN","Slovenia",0,5.96155024112313,6.16470681025326,6.16470681025326,6.16470681132563,6.16470681132563,6.16470681132563,6.16470681132563,6.16470681132563,6.16470681132563,6.16470681132563,6.16470681132563,6.16470681132563,6.16470681132563,6.16470681132563,213.727514004388,213.727514004388,213.727514004388,213.727514004388,213.727514004388,213.727514004388,213.727514004388,213.727514004388,213.727514004388,213.736977111421,213.736977111421,213.736977111421,213.736977111421,213.736977111421,213.736977111322,213.736977111322
90,"SLB","Solomon Islands",15.0356871592571,15.0356871592571,15.0356871592571,15.0356871592571,15.0356871592571,196.038058998285,347.056715482257,347.056715482257,347.056715482257,370.218831030051,370.218831030051,370.218831030051,370.218831030051,370.218831030051,370.246028743276,371.685928914439,373.213630557092,377.12322459518,1107.39587812278,1238.04575542496,1238.04575542496,1238.04575542496,1238.04575542496,1238.04575542496,1238.04575542496,1238.04575542496,1238.04575542496,1238.04575542496,1238.04575542496,1238.04575542496,1238.04575542496
706,"SOM","Somalia",0,0,0,0,0,0,0,0,0,0,0,0,0,0,0,0,0,0,0,0,0,0,0,0,0,0,0,0,0,0,0
710,"ZAF","South Africa",823.727315752033,823.726914853335,823.726914853335,823.726914784801,823.726914784801,823.726914784801,823.726914784801,823.726914784801,823.726914784801,823.726914784801,823.726914784801,1955.83740603073,2067.59593611062,2067.59593611062,2067.59593611062,4382.4503512557,4382.4503512544,4382.45035126089,4382.45035125547,4413.08915053314,4413.08915053314,4413.08915053314,4659.07502680675,4659.07502680675,174594.905191597,174594.905191597,174594.905191597,174594.905191597,174594.905191597,174594.905191597,213349.637289242
410,"KOR","South Korea",5125.46694163307,5125.46694163307,5125.46694162919,5125.46694158881,5125.46694162919,5125.46694162919,5125.46694162919,5125.46694162919,5138.24130651811,5138.24130651811,5171.78276257745,5628.66283586576,5628.6635391827,5639.61993912954,5829.25487842588,5903.96190475891,5904.00136847987,5908.50457112572,5972.94723597306,6230.64344469947,6236.81641418421,6256.0866753138,6262.92943495527,6332.74689966698,6341.22504255657,6376.45540401499,6376.58424978628,6463.0783763709,6471.90333240418,7453.56614790844,7453.56614790844
728,"SSD","South Sudan",NA,NA,NA,NA,NA,NA,NA,NA,NA,NA,NA,NA,NA,NA,NA,NA,NA,NA,NA,NA,NA,NA,0,0,0,0,0,0,0,0,0
724,"ESP","Spain",468.354276945843,590.995906416923,731.538689954701,1051.52355457507,1051.52355457507,1196.90101067167,1776.95779421605,1785.72010930634,2168.41103378518,2174.42250477031,4028.71638215135,6261.07032627872,6540.06986653469,6579.17872351659,6962.28346519407,7143.66389530447,7144.71857621261,7248.8027816493,7623.1152844946,10019.0807383645,10083.5187315891,10083.5187315933,10083.5187608112,10083.5187608087,10083.4650405262,70375.2495776835,83111.9150312558,83116.7263111443,83116.0294926717,126498.887824152,126498.887824152
144,"LKA","Sri Lanka",7.8292453978378,7.8292453978378,7.8292453978378,310.863759971649,310.863759971649,310.863759971649,310.863759971649,310.863759971649,310.863759971649,310.863759971649,310.863759971649,310.863759971649,311.145004949144,313.399284064482,315.679615572292,315.679615572292,315.679615572292,315.679615572292,315.679615572292,315.679615572292,315.679615572292,393.820916624955,393.820916624955,393.820916624955,393.820916624955,393.820916624955,393.820916624955,393.820916624955,393.820916624955,393.820916624955,393.820916624955
275,"PSE","State of Palestine",0,0,0,0,0,0,0,0,0,0,0,0,0,0,0,0,0,0,0,0,0,0,0,0,0,0,0,0,0,0,0
729,"SDN","Sudan",0,0,12.0000000000001,12.0000000000001,12.0000000000001,12.0000000000001,12.0000000000001,12.0000000000001,12.0000000000001,12.0000000000001,12.0000000000001,12.0000000000001,12.0000000000001,12.0000000000001,12.0000000000001,12.0000000000001,12.0000000000001,12.0000000000001,12.0000000000001,12.0000000000001,8871.80940155285,8871.80940155285,8871.80940155285,8871.80940155285,8871.80940155285,8871.80940155285,8871.80940155285,8871.80940155285,8871.80940155285,8871.80940155285,8871.80940155285
740,"SUR","Suriname",0,0,0,0,0,0,0,0,0,0,0,0,0,0,0,0,0,0,0,0,0,0,0,0,0,0,0,0,0,0,0
752,"SWE","Sweden",1558.30054885572,1558.45605325235,1562.05740596444,1576.34153687187,1619.95484964112,1766.33289321181,2612.50202426578,3133.75695533457,3498.35694298366,3650.03927129579,3674.01039190242,4305.66491857386,4514.4528207252,4562.12167399459,4899.57966684458,4919.6074039215,5901.11662165518,5956.00673855133,6128.79325745826,9401.22934892235,9415.26392627168,9422.95750883194,10804.1311468033,10838.3001085874,10883.7987792416,11253.0772937507,11275.448657279,22066.4495148958,22085.9952384066,22241.7348582818,22328.5741550816
756,"CHE","Switzerland",0,0,0,0,0,0,0,0,0,0,0,0,0,0,0,0,0,0,0,0,0,0,0,0,0,0,0,0,0,0,0
760,"SYR","Syria",0,0,0,0,0,0,0,11.9301235334631,11.9301235334631,11.9301236224154,24.3169160791649,24.3169160791649,24.3169160791649,24.3169160791649,24.3169160791649,24.3169160791649,24.3169160791649,24.3169160791649,24.3169160791649,24.3169160791649,24.3169160791649,24.3169160791649,24.3169160791649,24.3169160791649,24.3169160791649,24.3169160791649,24.3169160791649,24.3169160791649,24.3169160791649,24.3169160791649,24.3169160791649
158,"TWN","Taiwan",0,0,0,0,0,0,0.00748276578279988,0.0074827680106645,0.0074827680106645,0.0074827680106645,0.0074827680106645,0.0074827680106645,14.0286512210983,16.4159980596651,16.4159980596651,16.4159980596651,16.4159980596651,16.4159980596651,3617.25723901726,3617.25723901726,3617.25723910822,3617.25723910822,3617.25723910822,3617.25723910822,3617.25723910822,3620.3248302495,3620.3248302495,3620.3248302495,3620.3248302495,3620.3248302495,3620.3248302495
762,"TJK","Tajikistan",NA,NA,0,0,0,0,0,0,0,0,0,0,0,0,0,0,0,0,0,0,0,0,0,0,0,0,0,0,0,0,0
834,"TZA","Tanzania",855.75924279622,855.75924279622,855.75924279622,855.75924279622,855.75924279622,856.380715888988,856.380715888988,856.380715888988,1329.91428739404,1329.91428739404,1329.91428739404,2321.6511079313,2321.6511079313,2321.6511079313,2321.6511079313,2321.6511079313,2321.6511079313,2321.6511079313,2321.6511079313,2321.6511079313,2321.6511079313,2322.27176510695,2322.27176510695,2322.27176510695,2322.27176510695,2322.27176510695,2322.27176510695,2322.27176510695,2322.27176510695,2322.27176510695,2322.27176510695
764,"THA","Thailand",3590.59701884023,3699.10957085809,3699.10957085809,3699.10957085809,3699.10957085809,3699.10957085809,3699.10957085809,3699.10957085809,3699.10957085809,3699.10957085809,3962.83812315749,3962.83812315749,4450.99420595239,4940.69877539339,4940.69877539339,4940.69877539339,4940.69877539339,4940.69877539339,4940.69877539339,4984.50088927055,4984.50088927055,4984.50088927055,4984.50088927055,4984.50088927055,5093.4712984158,5093.4712984158,5093.4712984158,5093.4712984158,5093.4712984158,5093.4712984158,5093.4712984158
626,"TLS","Timor-Leste",NA,NA,NA,NA,NA,NA,NA,NA,NA,NA,NA,NA,NA,0,0,0,0,0,0,0,0,0,0,0,0,0,0,1.31020041003521,1.31020041003521,1.31020041003521,1.31020041003521
768,"TGO","Togo",0,0,0,0,0,0,0,0,0,0,0,0,0,0,0,0,0,0,0,0,0,0,0,0,0,0,0,0,0,0,0
776,"TON","Tonga",252.708094293742,252.708094293742,252.708094293742,252.708094293742,252.708094293742,252.708094293742,252.708094293742,252.708094293742,252.708094293742,252.708094293742,252.708094293742,252.708094293742,252.708094293742,252.708094293742,252.708094293742,252.708094293742,252.708094293742,300.877163442664,311.988976257816,345.130966688054,345.130966688054,345.130966688054,345.130966688054,345.130966688054,345.130966688054,345.130966688054,345.130966688054,345.130966688054,345.130966688054,345.130966688054,345.130966688054
780,"TTO","Trinidad and Tobago",0,0,0,0,0,0,0,0,0,0,0,0,0,0,0,0,33.8320339831007,33.8320339831007,33.8320339831007,33.8320339831007,33.8320339831007,33.8320339831007,33.8320339831007,33.8320339831007,33.8320339831007,33.8320339831007,33.8320339831007,33.8320339831007,33.8320339831007,33.8320339831007,33.8320339831007
788,"TUN","Tunisia",360.62638234961,360.62638234961,360.62638234961,360.62638234961,360.62638234961,360.62638234961,360.62638234961,360.62638234961,360.62638234961,360.62638234961,360.62638234961,360.62638234961,442.904057476814,442.904057476814,442.904057476814,442.904057476814,442.904057476814,442.904057476814,617.920547437187,617.920547437187,617.920547437187,617.920547437187,617.920547437187,988.026514740836,988.026514740836,988.026514740836,988.026514740836,988.026514740836,988.026514740836,988.026514740836,988.026514740836
792,"TUR","Turkey",0,0,0,0,0,0,0,0,0,0,0,0,0,0,0,0,0,0,0,0,0,0,0,0,0,0,0,0,0,0,0
795,"TKM","Turkmenistan",NA,NA,0,0,0,0,0,0,0,0,0,0,0,0,0,0,0,0,0,1880.1705704224,1880.1705704224,1880.1705704224,1880.1705704224,1880.1705704224,1880.1705704224,1880.1705704224,1880.1705704224,1880.1705704224,1880.1705704224,1880.1705704224,1880.1705704224
796,"TCA","Turks and Caicos Islands",27.9530809325007,27.9530809325007,27.9530809325007,62.3041659171386,62.3041659171386,62.3041659171386,62.3041659171386,62.3041659171386,62.3041659171386,62.3041659171386,62.3041659171386,62.3041659171386,62.3041659171386,62.3041659171386,62.3041659171386,62.3041659171386,62.3041659171386,62.3041659171386,62.3041659171386,62.3041659171386,62.3041659171386,62.3041659171386,62.3041659171386,62.3041659171386,62.3041659171386,62.3041659171386,62.3041659171386,62.3041659171386,62.3041659171386,62.3041659171386,62.3041659171386
798,"TUV","Tuvalu",0,0,0,0,0,0,0,39.2234298203869,39.2234298203869,39.2234298203869,39.2234298203869,39.2234298203869,39.2234298203869,39.2234298203869,39.2234298203869,39.2234298203869,39.2234298203869,39.2234298203869,39.2234298203869,39.2234298203869,39.2234298203869,39.2234298203869,39.2234298203869,39.2234298203869,39.2234298203869,39.2234298203869,39.2234298203869,39.2234298203869,39.2234298203869,39.2234298203869,39.2234298203869
800,"UGA","Uganda",0,0,0,0,0,0,0,0,0,0,0,0,0,0,0,0,0,0,0,0,0,0,0,0,0,0,0,0,0,0,0
804,"UKR","Ukraine",NA,NA,2167.36765278914,2167.36765278914,2167.38412250363,2167.38412250363,3552.96683584012,3553.00278468306,3553.10812923633,3553.10812901273,3553.10812901273,3553.10812901273,3553.10812901273,3553.10812901273,3553.10812901273,3559.36420296488,3559.36420296488,3559.36420296488,3559.36420296488,3559.36420296488,3559.36420296488,3559.36420296488,3559.36420296488,3559.36420296488,3559.36420296488,3559.36420296488,3559.36420296488,3559.36420296488,3559.36420296488,3559.36420296488,3559.36420296488
784,"ARE","United Arab Emirates",0,0,0,0,0,0,2.9218736374135,2.9218736374135,2.9218736374135,2.9218736374135,2.9218736374135,2.9218736374135,2.9218736374135,2.9218736374135,2.9218736374135,2.9218736374135,2.9218736374135,2.9218736374135,3836.80341920768,3836.80341920768,5886.75983314005,5886.75983314005,5886.75983314005,5886.75983314005,5886.75983314005,6000.18426030329,6000.18426030329,6109.14392454104,6109.14392454104,6109.14392454104,6109.14392454104
826,"GBR","United Kingdom",4161.45220013428,4650.52861931087,4710.13297754547,6428.58140718258,6538.2733682436,7051.42218767536,7249.39341928846,14646.4496552697,15563.5806455805,15965.2575781143,16707.227458877,16806.2869647155,17177.4332907154,17268.9227624909,17278.8383978444,17533.4654394106,17677.7507763142,17677.7882591201,18178.0163580175,24365.2676010245,24420.5345890324,44477.3273574121,57201.8489941349,1296341.48359906,1305334.76978379,1364974.92394545,1364976.53773551,2226367.16780623,2265035.07438931,2266675.84471652,2715567.20926645
840,"USA","United States of America",81978.2379100348,576252.010475336,576252.010676112,635162.758374256,635375.819889877,642903.128838955,642903.129037361,642903.128867443,1249167.87044125,1249401.16147325,1249412.74528859,1331619.26845804,1339664.56106971,2119408.4865515,2119558.37542591,2119560.15611383,2119561.85730315,3280094.90774177,3280153.09454381,3546905.10159805,5018940.72219556,5019196.69374222,5019204.63928709,5019901.80774494,5020460.60372623,5020460.59539903,5020460.59539891,5020488.54530586,5020488.54530586,5020488.54530586,5020488.54530586
858,"URY","Uruguay",0,0,0,0,0,0,0,0,0,0,0,0,0,0,0,0,0,0,0,0,198.483235849579,198.483235849579,268.634744156423,268.634744156423,268.634744156423,556.107216447718,556.107216447718,556.107216447718,603.021391025002,603.021391025002,603.021391025002
860,"UZB","Uzbekistan",NA,NA,0,0,0,0,0,0,0,0,0,0,0,0,0,0,0,0,0,0,0,0,0,0,0,0,0,0,0,0,0
548,"VUT","Vanuatu",35.0118735178742,35.0118735178742,35.6917473774887,35.6917473774887,35.8566690373816,42.2784246666444,43.061826773416,43.061826773416,43.061826773416,43.061826773416,43.061826773416,43.061826773416,47.7672772169569,47.7672772169569,47.7672772169569,47.7672772169569,47.7672772169569,47.7672772169569,47.7672772169569,47.7672772169569,47.7672772169569,47.7672772169569,47.7672772169569,47.7672772169569,47.7672772169569,47.7672772169569,47.7672772169569,47.7672772169569,47.7672772169569,47.7672772169569,47.7672772169569
862,"VEN","Venezuela",5497.75220642264,5497.75220642264,5497.75220737182,9074.11108498647,9074.11108498647,9074.11108498647,9074.11108498647,9701.95100966344,9701.95100966344,9701.95100966344,9701.95100966344,9701.95100966344,9701.95100966344,9701.95100966344,9701.95100966344,9701.95100966344,9701.95100966344,9701.95100966344,9701.95100966344,9701.95100966344,9701.95100966344,9701.95100966344,9701.95100966344,9701.95100966344,9701.95100966344,9701.95100966344,9701.95100966344,9701.95100966344,9701.95100966344,9701.95100966344,9701.95100966344
704,"VNM","Viet Nam",486.592401731889,486.592401731889,486.592401731889,486.592401731889,486.592401731889,486.592401731889,486.592401748123,486.592401748123,486.592401731889,486.592401731889,599.644290836853,599.644290836853,599.644290836853,2653.62636666369,2653.62636685415,2653.62636685415,2653.62636631856,2653.62636631856,2653.62636685415,2653.62636685415,2653.62636631856,2653.62636631856,2653.62636685415,2653.62636685415,2863.87285510502,2863.87285462345,2863.87285510502,2863.87285510502,2863.87285510502,2863.87285510502,2863.87285510502
876,"WLF","Wallis and Futuna Islands",0,0,0,0,0,0,0,0,0,0,0,0,0,0,0,0,0,0,0,0,0,0,0,0,0,0,0,0,0,0,0
732,"ESH","Western Sahara",0,0,0,0,0,0,0,0,0,0,0,0,0,0,0,0,0,0,0,0,0,0,0,0,0,0,0,0,0,0,0
887,"YEM","Yemen",0,0,0,0,0,0,0,1309.73222697922,1309.73222697922,1309.73222697922,1309.73222697922,1309.73222697922,1309.73222697922,1309.73222697922,1309.73222697922,1309.73222697922,1309.73222697922,1309.73222697922,1313.54530229695,1313.54530229695,1313.54530229695,1313.54530229695,1313.54530229695,1313.54530229695,1313.54530229695,1313.54530229695,1313.54530229695,1313.54530229695,1313.54530229695,1313.54530229695,1313.54530229695
894,"ZMB","Zambia",0,0,0,0,0,0,0,0,0,0,0,0,0,0,0,0,0,0,0,0,0,0,0,0,0,0,0,0,0,0,0
716,"ZWE","Zimbabwe",0,0,0,0,0,0,0,0,0,0,0,0,0,0,0,0,0,0,0,0,0,0,0,0,0,0,0,0,0,0,0
