"code","iso","country","CCO.raw.1996","CCO.raw.1998","CCO.raw.2000","CCO.raw.2002","CCO.raw.2003","CCO.raw.2004","CCO.raw.2005","CCO.raw.2006","CCO.raw.2007","CCO.raw.2008","CCO.raw.2009","CCO.raw.2010","CCO.raw.2011","CCO.raw.2012","CCO.raw.2013","CCO.raw.2014","CCO.raw.2015","CCO.raw.2016","CCO.raw.2017","CCO.raw.2018"
4,"AFG","Afghanistan",-1.291705,-1.180848,-1.29538,-1.263366,-1.351042,-1.345281,-1.443609,-1.43289,-1.587331,-1.638287,-1.534796,-1.635723,-1.579179,-1.419888,-1.436761,-1.354784,-1.341994,-1.526352,-1.517341,-1.496648
8,"ALB","Albania",-0.8939035,-1.033112,-0.8572564,-0.868602,-0.8122751,-0.6991984,-0.7861931,-0.803845,-0.687789,-0.5937066,-0.5384951,-0.5250779,-0.6830084,-0.7265007,-0.6986033,-0.5481988,-0.4790328,-0.405266,-0.418309,-0.5218667
12,"DZA","Algeria",-0.5667409,-0.8817795,-0.9379111,-0.8756811,-0.6922612,-0.679478,-0.482172,-0.5213351,-0.5599289,-0.5945694,-0.5778834,-0.5248498,-0.5445848,-0.5032176,-0.4734841,-0.600029,-0.6455669,-0.6778925,-0.6041752,-0.636465
20,"AND","Andorra",1.318143,1.377704,1.359712,1.349896,1.37669,1.137412,1.278153,1.259531,1.269965,1.288655,1.325579,1.308072,1.279277,1.268373,1.260798,1.225222,1.218502,1.228779,1.242215,1.238614
24,"AGO","Angola",-1.167702,-1.405836,-1.522685,-1.183629,-1.320665,-1.313559,-1.296139,-1.220061,-1.289693,-1.284621,-1.404655,-1.32573,-1.344287,-1.268587,-1.3097,-1.44389,-1.394778,-1.439703,-1.412488,-1.144541
660,"AIA","Anguilla",NA,NA,NA,NA,NA,0.8550555,1.278153,1.259531,1.269965,1.288655,1.325579,1.308072,1.279277,1.268373,1.260798,1.225222,1.218502,1.228779,1.242215,1.238614
28,"ATG","Antigua and Barbuda",0.8698972,0.9177213,0.8956164,0.8801265,0.8889436,0.8566598,0.7499956,1.127545,1.154757,1.288655,1.325579,1.308072,1.279277,1.268373,1.260798,0.6399029,0.6896325,0.6937485,0.2420828,0.2766346
32,"ARG","Argentina",-0.1013172,-0.1134242,-0.1921188,-0.4682112,-0.4783363,-0.4249913,-0.3881924,-0.3412537,-0.3402916,-0.4355765,-0.4449961,-0.3614692,-0.3661579,-0.4431399,-0.432282,-0.5416201,-0.5470577,-0.2840413,-0.255946,-0.0834675
51,"ARM","Armenia",-0.4730513,-0.8611854,-0.7595353,-0.7465239,-0.5700286,-0.6104831,-0.6741413,-0.6708225,-0.7423844,-0.7080976,-0.6197577,-0.6963042,-0.656885,-0.5877874,-0.5319471,-0.5239985,-0.5338237,-0.5719545,-0.5604561,-0.3491127
533,"ABW","Aruba",NA,NA,NA,NA,NA,1.184472,1.278153,1.259531,1.269965,1.288655,1.116361,1.127209,1.109981,1.10298,1.126605,1.018918,1.297111,1.285848,1.291643,1.252027
36,"AUS","Australia",1.877356,1.849893,1.923246,1.809628,1.949854,2.028761,1.952358,1.960568,2.010918,2.042482,2.051661,2.031455,2.044637,1.985774,1.785322,1.853449,1.882113,1.816115,1.79505,1.806201
40,"AUT","Austria",1.732164,1.851166,1.809211,1.966434,2.019736,2.049625,1.92206,1.914531,2.013397,1.843035,1.703025,1.585462,1.431896,1.389731,1.550795,1.474735,1.519276,1.548537,1.526011,1.596262
31,"AZE","Azerbaijan",-1.445619,-1.300265,-1.300618,-1.179272,-1.007087,-1.163042,-1.04491,-1.089759,-1.122895,-1.148548,-1.188454,-1.243802,-1.178858,-1.126894,-0.9667774,-1.018747,-0.9299806,-0.8385039,-0.8853458,-0.8286031
44,"BHS","Bahamas",1.15681,1.33757,1.348332,1.45681,1.453112,1.430822,1.337382,1.35162,1.336277,1.342183,1.367955,1.354776,1.353807,1.323943,1.341892,1.313177,1.135789,1.108054,1.173819,1.131102
48,"BHR","Bahrain",0.3286887,0.2731056,0.3809991,0.8205786,0.3998932,0.4514511,0.3900585,0.1940299,0.1807736,0.18894,0.1851566,0.183213,0.2173178,0.3738421,0.4330941,0.2788305,0.1388495,-0.0158624,-0.1409596,-0.1472867
50,"BGD","Bangladesh",-0.9696822,-0.7163028,-1.108687,-1.361227,-1.442822,-1.496538,-1.387597,-1.434258,-1.056078,-1.034565,-1.06978,-1.057121,-1.087314,-0.8498433,-0.8870706,-0.8869383,-0.8083352,-0.8570897,-0.8317309,-0.9050215
52,"BRB","Barbados",1.542726,1.587918,1.571706,1.527845,1.544669,1.428756,1.419329,1.334153,1.410959,1.370844,1.384172,1.48343,1.724581,1.656359,1.619429,1.138043,1.490528,1.257364,1.421109,1.411373
112,"BLR","Belarus",-0.3896092,-0.4289593,-0.3834206,-0.7032999,-0.5923605,-0.8002411,-0.7539873,-0.6202697,-0.6594017,-0.6288756,-0.628215,-0.6940987,-0.679451,-0.5174967,-0.4712293,-0.3049268,-0.3350453,-0.2570701,-0.2575778,-0.1922756
56,"BEL","Belgium",1.359654,1.355769,1.496779,1.499904,1.419816,1.379904,1.385844,1.309614,1.355735,1.37489,1.460206,1.527498,1.575072,1.608068,1.673882,1.573292,1.573307,1.638705,1.497117,1.510279
84,"BLZ","Belize",-0.0265951,-0.0905186,-0.1810936,-0.236138,-0.085157,-0.2873777,-0.298595,-0.3611995,-0.3668478,-0.3382112,-0.0466371,-0.1069449,-0.3307131,-0.1363785,-0.0969268,-0.1982074,-0.222516,-0.2428283,-0.2719799,-0.138192
204,"BEN","Benin",-0.5481149,-0.5426646,-0.4736178,-0.7264618,-0.478256,-0.4649507,-0.8500885,-0.5886191,-0.4631715,-0.5033103,-0.6156271,-0.6608168,-0.5935286,-0.8565331,-0.7441061,-0.6660711,-0.5508218,-0.5134378,-0.5541117,-0.3833744
60,"BMU","Bermuda",1.318143,1.377704,1.359712,1.349896,1.37669,1.32565,1.278153,1.259531,1.269965,1.288655,1.325579,1.308072,1.279277,1.268373,1.260798,1.225222,1.218502,1.228779,1.242215,1.238614
64,"BTN","Bhutan",0.9428385,1.000247,0.9876838,1.039471,1.090904,0.7965031,0.8192554,0.8159847,0.8810524,0.8581817,0.9099128,0.9126349,0.8384976,0.9398408,0.9015957,1.280399,1.022321,1.126504,1.568294,1.646514
68,"BOL","Bolivia",-0.8248291,-0.3579106,-0.460205,-0.8996164,-0.8151417,-0.7758362,-0.7362384,-0.4345672,-0.4037066,-0.5232219,-0.6303167,-0.4657613,-0.5694195,-0.7292001,-0.5899193,-0.6301294,-0.6963719,-0.7243935,-0.6573039,-0.62591
70,"BIH","Bosnia and Herzegovina",-0.2705697,-0.3825145,-0.5611669,-0.3965273,-0.2999177,-0.3444514,-0.2380575,-0.3024295,-0.3767459,-0.3626382,-0.3800561,-0.3371409,-0.3209531,-0.3043853,-0.2385885,-0.3080309,-0.3939079,-0.4564562,-0.515448,-0.5718023
72,"BWA","Botswana",0.8179612,0.8894243,0.8311869,0.6551785,1.216737,0.8981798,1.159934,0.9729323,1.003517,1.039068,0.9599887,1.026902,0.995537,0.9336604,0.9236256,0.8543755,0.852122,0.9298862,0.7951009,0.7505108
76,"BRA","Brazil",-0.0185795,0.0754733,0.0402037,0.0810591,0.0914829,0.023013,-0.139791,-0.1090416,-0.0759291,0.00789,-0.0693086,0.04628,0.1659021,-0.0372771,-0.08471,-0.3384546,-0.3964888,-0.3814404,-0.532073,-0.4196956
92,"VGB","British Virgin Islands",NA,NA,NA,NA,NA,NA,NA,NA,NA,NA,NA,NA,NA,NA,NA,NA,NA,NA,NA,NA
96,"BRN","Brunei Darussalam",0.478995,0.3753247,0.3726364,0.3102241,0.3189477,0.4089673,0.2461524,0.2077921,0.2146689,0.4911537,0.9914091,0.8631276,0.8615929,0.5460464,0.6460883,0.531248,0.5724573,0.5684198,0.712635,0.7953077
100,"BGR","Bulgaria",-0.3615052,-0.172699,-0.1333264,-0.1543718,-0.0287626,0.1081774,0.057295,-0.0707363,-0.1834969,-0.2546794,-0.2125671,-0.1851036,-0.2203161,-0.2278577,-0.2672882,-0.2468749,-0.2646455,-0.1684433,-0.1611123,-0.1515335
854,"BFA","Burkina Faso",0.1115191,-0.1027296,-0.0711843,0.0072457,-0.011932,-0.1356784,-0.1257476,-0.3099104,-0.3318754,-0.3048229,-0.3353375,-0.3506111,-0.3678603,-0.4788863,-0.5230929,-0.4648376,-0.277338,-0.1480786,-0.113755,-0.112395
108,"BDI","Burundi",-0.6806349,-0.7793186,-0.8042153,-0.8229926,-0.8953395,-0.8922578,-0.9300242,-1.095598,-1.160764,-1.090768,-1.129477,-1.165457,-1.187131,-1.452943,-1.409685,-1.258653,-1.25752,-1.245702,-1.283875,-1.450633
132,"CPV","Cabo Verde",1.143337,0.5623662,0.6312845,0.5737613,0.5884089,0.460206,0.5570097,0.8103395,0.8898132,0.8676611,0.8674349,0.8561447,0.9037503,0.868031,0.8367285,0.9380258,0.9501761,0.8689056,0.8347586,0.7682196
116,"KHM","Cambodia",-1.019842,-1.150196,-0.9583682,-1.009935,-0.99476,-1.06173,-1.209747,-1.253652,-1.145038,-1.231375,-1.174739,-1.243029,-1.238743,-1.070102,-1.052428,-1.137764,-1.117988,-1.272918,-1.291381,-1.325572
120,"CMR","Cameroon",-1.334985,-1.220239,-1.192397,-1.1672,-0.9788169,-1.108283,-1.181337,-1.086014,-1.020625,-1.022167,-1.003626,-1.061047,-1.145449,-1.261325,-1.205251,-1.164004,-1.074493,-1.154442,-1.199323,-1.149748
124,"CAN","Canada",2.031408,2.090466,2.115544,2.034852,1.986542,1.827714,1.879261,1.962554,2.0009,2.002689,2.061789,2.069799,1.977883,1.927136,1.886833,1.836426,1.886581,1.989901,1.924258,1.873514
136,"CYM","Cayman Islands",1.318143,1.377704,1.359712,1.349896,1.37669,1.278591,1.278153,1.259531,1.269965,0.8069623,1.116361,1.127209,1.351358,1.354136,1.359179,1.018918,1.019122,0.528993,0.5268432,0.4963436
140,"CAF","Central African Republic",-1.140931,-1.006412,-1.176626,-1.091485,-1.160548,-1.385589,-1.278493,-1.210749,-1.189861,-1.115491,-0.9766904,-0.9296519,-0.9467087,-0.9927816,-1.090757,-1.160163,-1.308061,-1.280002,-1.173213,-1.233395
148,"TCD","Chad",-1.380424,-1.257526,-1.106478,-1.147589,-1.37436,-1.380428,-1.506754,-1.351849,-1.383073,-1.522943,-1.402205,-1.381054,-1.328819,-1.313718,-1.351272,-1.31569,-1.363967,-1.487879,-1.432357,-1.410393
152,"CHL","Chile",1.454119,1.380602,1.586007,1.592268,1.311239,1.373608,1.470515,1.457343,1.396431,1.376727,1.380127,1.497289,1.528443,1.582224,1.541565,1.488503,1.27997,1.140054,1.039291,1.012118
156,"CHN","China",-0.2711895,-0.268112,-0.2182887,-0.5182464,-0.359454,-0.5596942,-0.6087338,-0.5145814,-0.5896475,-0.5202951,-0.5149382,-0.5616429,-0.5071135,-0.4357008,-0.3583522,-0.3400691,-0.2821073,-0.2540594,-0.2699364,-0.2712442
170,"COL","Colombia",-0.5122544,-0.4973065,-0.396754,-0.2381676,-0.1789923,-0.12893,-0.1322573,-0.122551,-0.2159635,-0.2376168,-0.309453,-0.385391,-0.2887937,-0.3874514,-0.405205,-0.3686264,-0.2981746,-0.3242517,-0.3700208,-0.3014929
174,"COM","Comoros",-0.998565,-1.226254,-1.106156,-0.8974847,-0.8556129,-0.8999703,-0.8848742,-0.696618,-0.7067446,-0.7902945,-0.8286337,-0.8069158,-0.7906244,-0.7833758,-0.73996,-0.6122024,-0.7191136,-0.6658682,-0.684956,-0.8164125
184,"COK","Cook Islands",NA,NA,0.2264741,0.184678,0.0852634,0.1077814,0.569079,0.6034251,1.047707,NA,-0.579232,-0.2494849,-0.2318753,-0.2187667,-0.2186731,NA,NA,NA,NA,NA
188,"CRI","Costa Rica",0.6961424,0.9049652,0.8729089,0.6675302,0.7497552,0.4228295,0.483341,0.4448589,0.5165263,0.5518208,0.7520683,0.7081604,0.6489542,0.6182616,0.6259013,0.7554398,0.7484275,0.7442378,0.4666402,0.5517608
384,"CIV","Cote d'Ivoire",-0.2605668,-0.4692587,-0.6848614,-0.7691969,-0.9799138,-1.206059,-1.240558,-1.198453,-1.091263,-1.107821,-1.104134,-1.157896,-1.012901,-0.8303831,-0.7355494,-0.4191529,-0.4349297,-0.5300656,-0.5253296,-0.4990963
191,"HRV","Croatia",-0.5786901,-0.5557587,-0.0725567,0.2172349,0.291435,0.2621405,0.1686195,0.0785967,0.0918284,-0.0105806,-0.0464476,0.0592684,0.063671,0.0098654,0.1242202,0.2190414,0.2452261,0.2033308,0.1867006,0.1316391
192,"CUB","Cuba",0.2891525,0.3687192,0.3774331,0.4224055,0.2428005,0.2311668,0.2751988,0.2583992,0.3068026,0.2703176,0.279622,0.3128165,0.2723486,0.2352728,0.120165,0.0684009,0.0704845,0.1691387,0.2656265,0.1654153
531,"CUW","Curacao",NA,NA,NA,NA,NA,NA,NA,NA,NA,NA,NA,NA,NA,NA,NA,NA,NA,NA,NA,NA
196,"CYP","Cyprus",1.331288,1.099473,1.121261,1.161737,1.233545,0.8902328,0.9068687,1.093416,1.080966,1.204644,0.912045,0.9748735,0.866362,1.251134,1.245758,1.075781,1.007444,0.8266463,0.7827289,0.6399662
203,"CZE","Czech Republic",0.6832194,0.565005,0.2109772,0.3797226,0.5074309,0.4357043,0.4873076,0.3565845,0.3026025,0.358294,0.3862098,0.3316386,0.3417933,0.2722682,0.228799,0.3677951,0.4337359,0.5367572,0.567677,0.5037321
180,"COD","Dem. Rep. Congo",-1.647852,-1.722926,-1.548999,-1.292354,-1.4042,-1.454288,-1.418278,-1.525243,-1.357004,-1.244319,-1.38918,-1.437921,-1.427513,-1.312269,-1.318193,-1.300999,-1.285265,-1.337323,-1.41812,-1.503398
208,"DNK","Denmark",2.231308,2.256008,2.39476,2.369858,2.422121,2.43181,2.288495,2.469991,2.446026,2.393064,2.446495,2.358993,2.404429,2.381079,2.404901,2.24726,2.211076,2.230591,2.193379,2.147795
262,"DJI","Djibouti",-0.7199813,-0.7797427,-0.9463864,-0.73935,-0.8247845,-0.5835428,-0.7104241,-0.6622971,-0.5438493,-0.3279797,-0.3680764,-0.4044653,-0.4100284,-0.4623674,-0.5420819,-0.5993779,-0.6576262,-0.6534802,-0.6407171,-0.7168093
212,"DMA","Dominica",0.8698972,0.5294155,0.2996701,0.5236325,0.5291435,0.6092975,0.6628075,0.6151353,0.6231093,0.6787189,0.7261986,0.7088679,0.7094918,0.6641623,0.6666615,0.624052,0.6234236,0.6249671,0.6515269,0.5457337
214,"DOM","Dominican Republic",-0.4229954,-0.7006466,-0.7214085,-0.4760756,-0.703046,-0.5851998,-0.690176,-0.7009554,-0.747674,-0.7259653,-0.7780666,-0.8436301,-0.8120974,-0.8599598,-0.8745857,-0.8161026,-0.8184461,-0.7563761,-0.7389133,-0.74949
218,"ECU","Ecuador",-0.6848738,-0.8493824,-0.894235,-0.886092,-0.7585784,-0.7032968,-0.7129551,-0.7513059,-0.7718189,-0.6871038,-0.8042204,-0.773099,-0.7084506,-0.5780621,-0.5709541,-0.7549306,-0.6712533,-0.6803263,-0.5996184,-0.5617972
818,"EGY","Egypt",-0.4722544,-0.4563391,-0.553568,-0.4093489,-0.552832,-0.6471386,-0.6244493,-0.7474851,-0.7620175,-0.7791319,-0.5154691,-0.6313661,-0.6955042,-0.5980877,-0.6313052,-0.6248149,-0.638062,-0.6447245,-0.5521881,-0.5869341
222,"SLV","El Salvador",-0.8652775,-0.7652702,-0.5150961,-0.6797323,-0.36735,-0.4248564,-0.4547914,-0.2962906,-0.3719791,-0.3617319,-0.2503784,-0.2769412,-0.2619075,-0.412717,-0.3539,-0.3768737,-0.4236757,-0.5230461,-0.5067081,-0.5911077
226,"GNQ","Equatorial Guinea",-1.264369,-1.307548,-1.546498,-1.426698,-1.515184,-1.662699,-1.614473,-1.585843,-1.502982,-1.465785,-1.466522,-1.469079,-1.463094,-1.523855,-1.59372,-1.772761,-1.765891,-1.805882,-1.826361,-1.559684
232,"ERI","Eritrea",0.5056853,0.8065692,0.6890782,-0.0306762,-0.1335291,-0.2249182,-0.3567406,-0.3451256,-0.4389185,-0.3930493,-0.4942169,-0.5593853,-0.6292013,-0.7754393,-0.9017919,-0.8912855,-1.301143,-1.30671,-1.20287,-1.316023
233,"EST","Estonia",0.449223,0.6519922,0.8393674,0.7400399,0.9137154,0.9838896,1.032414,1.020037,1.003259,0.9905757,1.007584,0.9951673,1.052501,1.096038,1.188761,1.303456,1.293648,1.272345,1.242413,1.506318
748,"SWZ","Eswatini",0.0373141,0.0662775,-0.1868788,-0.258673,-0.4328075,-0.5278739,-0.4739575,-0.2181363,-0.2374024,-0.2186498,-0.2288855,-0.2314773,-0.3532206,-0.4128614,-0.4131179,-0.4282998,-0.3909011,-0.4500985,-0.2713712,-0.2178724
231,"ETH","Ethiopia",-0.930546,-0.5713557,-0.4507736,-0.5810344,-0.6589903,-0.7281386,-0.7700803,-0.6461358,-0.6287453,-0.664217,-0.7013902,-0.6906257,-0.6579399,-0.6025902,-0.4949463,-0.4442555,-0.4501761,-0.4170368,-0.5574791,-0.4861672
234,"FRO","Faeroe Islands",NA,NA,NA,NA,NA,NA,NA,NA,NA,NA,NA,NA,NA,NA,NA,NA,NA,NA,NA,NA
238,"FLK","Falkland Islands",NA,NA,NA,NA,NA,NA,NA,NA,NA,NA,NA,NA,NA,NA,NA,NA,NA,NA,NA,NA
242,"FJI","Fiji",0.6593026,0.5021858,0.3135897,0.2961941,0.0565854,0.1584945,-0.3017229,0.0088322,-0.0465872,-0.0481335,-0.3424164,-0.4590918,-0.1258765,-0.1101034,-0.1210985,0.1792584,0.1699192,0.130292,0.3590476,0.3809974
246,"FIN","Finland",2.206872,2.259066,2.443092,2.429387,2.437771,2.435115,2.325073,2.464972,2.40055,2.33726,2.251192,2.159788,2.198592,2.235261,2.202126,2.165775,2.275324,2.239528,2.215811,2.21243
250,"FRA","France",1.247409,1.394023,1.368257,1.228348,1.349144,1.330429,1.366185,1.463727,1.464608,1.407428,1.438242,1.46638,1.532394,1.455788,1.329576,1.314697,1.305666,1.400143,1.259483,1.316893
258,"PYF","French Polynesia",NA,NA,NA,NA,NA,NA,NA,NA,NA,NA,NA,NA,NA,NA,NA,NA,NA,NA,NA,NA
266,"GAB","Gabon",-1.102377,-0.9622233,-0.7115172,-0.5907407,-0.6319908,-0.8465576,-0.6710629,-0.9727553,-1.063236,-1.078963,-1.003024,-0.8671658,-0.8886448,-0.6998112,-0.6577575,-0.6916243,-0.7141645,-0.7533113,-0.8161141,-0.8512049
270,"GMB","Gambia",-0.3741952,-0.4470565,-0.387246,-0.4409165,-0.2874305,-0.6113048,-0.7058645,-0.7218639,-0.728481,-0.7382274,-0.5736223,-0.5945483,-0.5090407,-0.644619,-0.6964284,-0.6938298,-0.7702248,-0.8120448,-0.6292393,-0.4630391
268,"GEO","Georgia",-1.527264,-0.9628553,-1.008173,-1.233965,-0.6959892,-0.4687156,-0.2154314,0.0443966,-0.1345587,-0.108393,-0.1239845,0.007957,0.1183636,0.4012686,0.4692349,0.7859008,0.6796142,0.6853534,0.7445272,0.7079911
276,"DEU","Germany",1.905217,2.053513,1.861064,1.939489,1.929958,1.862092,1.885013,1.803052,1.73584,1.759813,1.755258,1.77627,1.743273,1.829577,1.813811,1.83838,1.837888,1.843418,1.841089,1.946584
288,"GHA","Ghana",-0.3399495,-0.2587137,-0.1009973,-0.3289041,-0.2544806,-0.2531646,-0.3671385,-0.0210537,0.0390468,-0.0705424,-0.0072126,0.0115234,-0.0257114,-0.1265676,-0.0966235,-0.192189,-0.1888184,-0.1490146,-0.2290351,-0.1149039
300,"GRC","Greece",0.3386542,0.7874542,0.6592863,0.424131,0.3888408,0.4649595,0.3582354,0.3637859,0.2673829,0.1335602,0.0674696,-0.0577769,-0.0988188,-0.1892218,-0.0453114,-0.1223881,-0.0766138,-0.0920857,-0.1383459,-0.0660259
304,"GRL","Greenland",NA,NA,NA,NA,NA,NA,NA,NA,NA,NA,1.190772,1.21647,1.228381,1.221596,1.242646,1.207874,1.19055,1.167071,1.182942,1.177301
308,"GRD","Grenada",0.8698972,0.7039568,0.5272376,0.6988198,0.7022477,0.6092975,0.6628075,0.6335925,0.3759046,0.3187275,0.355446,0.425115,0.4217425,0.416996,0.4198451,0.2472716,0.5560133,0.5638935,0.4753434,0.3765373
320,"GTM","Guatemala",-0.8569442,-0.8589314,-0.7540193,-0.6454131,-0.7666503,-0.6092742,-0.6665171,-0.8057335,-0.7421762,-0.6476532,-0.5268559,-0.5322092,-0.527978,-0.6587613,-0.6226556,-0.7359639,-0.7331991,-0.7398213,-0.7398668,-0.8228126
831,"GGY","Guernsey",NA,NA,NA,NA,NA,NA,NA,NA,NA,NA,NA,NA,NA,NA,NA,NA,NA,NA,NA,NA
324,"GIN","Guinea",-0.9399415,-0.9780428,-0.9479084,-0.7173946,-0.8173987,-0.9157502,-1.050257,-1.115179,-1.279774,-1.20396,-1.078125,-1.201466,-1.100235,-1.041696,-1.04008,-1.057489,-0.989652,-0.9189591,-1.011108,-1.041717
624,"GNB","Guinea-Bissau",-1.194655,-1.21337,-1.103883,-1.011044,-1.148657,-1.215099,-1.152722,-1.087825,-1.19099,-1.180871,-1.195958,-1.155414,-1.156242,-1.278939,-1.325588,-1.538464,-1.482593,-1.552299,-1.562825,-1.533724
328,"GUY","Guyana",-0.140642,-0.3288913,-0.3954248,-0.4334842,-0.39756,-0.4475659,-0.5601329,-0.5846797,-0.5934979,-0.5564939,-0.5397137,-0.55865,-0.6082004,-0.7543291,-0.6508378,-0.7415104,-0.6353234,-0.3245524,-0.5081118,-0.2266977
332,"HTI","Haiti",-1.173277,-1.203155,-1.243224,-1.685485,-1.722249,-1.474257,-1.373464,-1.311195,-1.279908,-1.206732,-1.087965,-1.187163,-1.223197,-1.235766,-1.130485,-1.2339,-1.237522,-1.331628,-1.238204,-1.265189
336,"VAT","Holy See",NA,NA,NA,NA,NA,NA,NA,NA,NA,NA,NA,NA,NA,NA,NA,NA,NA,NA,NA,NA
340,"HND","Honduras",-1.078811,-0.9362539,-0.9548938,-0.9709062,-0.9234992,-0.8933676,-0.81171,-0.8319468,-0.7884458,-0.9048845,-0.9043521,-0.8920198,-0.8251965,-0.9540582,-0.9454944,-0.7854443,-0.5667076,-0.6577745,-0.7176982,-0.6164857
344,"HKG","Hong Kong",1.444894,1.34573,1.338571,1.713238,1.852923,1.871349,1.779577,1.866716,1.917979,1.901366,1.886195,1.962114,1.852427,1.740711,1.643634,1.61964,1.651314,1.561687,1.614928,1.676441
348,"HUN","Hungary",0.6669082,0.7662362,0.787683,0.5838848,0.6809823,0.6933732,0.6543485,0.6587242,0.6228059,0.471792,0.4338323,0.3656501,0.3995961,0.3563344,0.3216026,0.1645602,0.1486354,0.0972435,0.0892915,0.053347
352,"ISL","Iceland",1.73311,1.96821,2.267266,2.251494,2.28839,2.190967,2.311686,2.183154,2.208236,2.343693,2.04152,1.942624,1.939586,1.886239,1.912274,1.827839,1.93911,1.949494,1.838121,1.843649
356,"IND","India",-0.3810903,-0.24787,-0.3455512,-0.5158787,-0.4165717,-0.4111507,-0.3607849,-0.276444,-0.3981131,-0.3371764,-0.4519712,-0.4681174,-0.5362822,-0.5132375,-0.51744,-0.4280237,-0.3520183,-0.2822576,-0.2398077,-0.186293
360,"IDN","Indonesia",-0.8641063,-1.176364,-0.9190737,-1.14404,-0.9697266,-0.9321511,-0.8781987,-0.8384197,-0.6190162,-0.5937,-0.8386456,-0.7513602,-0.7018746,-0.6397874,-0.6138193,-0.5617662,-0.4583673,-0.3993267,-0.2527087,-0.2515447
364,"IRN","Iran",-0.4806068,-0.4518096,-0.4012243,-0.1905752,-0.2671599,-0.3893229,-0.4827623,-0.483629,-0.548328,-0.7754393,-0.8393843,-0.9471514,-0.8728954,-0.7907248,-0.6871578,-0.6192047,-0.6045842,-0.7113884,-0.8116927,-0.9588165
368,"IRQ","Iraq",-1.602183,-1.432142,-1.500579,-1.408224,-1.213627,-1.484774,-1.374017,-1.448431,-1.460477,-1.46225,-1.326994,-1.25881,-1.170654,-1.217341,-1.27774,-1.333758,-1.368879,-1.386965,-1.372133,-1.399408
372,"IRL","Ireland",1.708908,1.591999,1.432767,1.40894,1.459252,1.289458,1.593498,1.71035,1.748592,1.749867,1.759452,1.688269,1.562963,1.463658,1.538592,1.60488,1.615371,1.583356,1.548565,1.547376
833,"IMN","Isle of Man",NA,NA,NA,NA,NA,NA,NA,NA,NA,NA,NA,NA,NA,NA,NA,NA,NA,NA,NA,NA
376,"ISR","Israel",1.354008,1.187974,1.053336,1.233176,1.123608,0.9291246,0.8307115,1.007911,0.8503318,0.8951092,0.8098461,0.7551451,0.8048425,0.9097447,0.9131669,0.8657098,0.9430066,1.186809,0.8267115,0.7865694
380,"ITA","Italy",0.4078476,0.5178497,0.7291573,0.5468297,0.512423,0.3757025,0.4105245,0.4838046,0.3368244,0.2701409,0.1990607,0.1269229,0.1818639,0.066175,0.0516357,-0.0296416,0.0162641,0.0844068,0.1885998,0.2356188
388,"JAM","Jamaica",0.1870614,0.112579,0.0261081,-0.458855,-0.3838086,-0.3478818,-0.3063535,-0.256822,-0.2976884,-0.2955904,-0.2847841,-0.231325,-0.1624448,-0.2577827,-0.2753758,-0.2990215,-0.2316051,-0.1590616,-0.1725084,-0.1643905
392,"JPN","Japan",1.192312,1.10376,1.273968,0.9685954,1.210685,1.218695,1.218508,1.329219,1.238238,1.335973,1.377338,1.560462,1.561262,1.627003,1.65568,1.694595,1.569181,1.524958,1.522429,1.424772
832,"JEY","Jersey",NA,NA,NA,NA,NA,NA,NA,NA,NA,NA,NA,NA,1.228381,1.221596,1.242646,1.207874,1.19055,1.140704,1.166274,1.102388
400,"JOR","Jordan",-0.0354075,0.098122,0.0837996,-0.0521463,0.3145591,0.2555923,0.2568047,0.2593156,0.2640594,0.356088,0.1588846,0.0411859,0.1010287,0.072144,0.0679131,0.1356801,0.2600729,0.2652933,0.2597678,0.1495421
398,"KAZ","Kazakhstan",-1.13282,-1.017779,-1.123968,-1.111002,-1.026358,-1.095961,-1.014119,-0.9921018,-0.9900697,-0.9782891,-0.9331235,-0.9978565,-0.9914895,-0.9191352,-0.9289984,-0.830443,-0.8526416,-0.8167171,-0.8209888,-0.5017262
404,"KEN","Kenya",-1.158849,-1.148849,-1.05617,-0.9963042,-0.8803428,-0.8561925,-0.9964005,-0.9332762,-0.9709478,-1.055104,-1.059961,-0.9100319,-0.9502012,-1.093515,-1.031272,-0.9333014,-1.013479,-0.8927898,-0.9537179,-0.8520129
296,"KIR","Kiribati",NA,-0.5842584,-0.3320304,-0.0901322,0.1624471,0.3213347,0.2033174,0.0480343,0.0995177,-0.0265449,-0.1561034,-0.0772883,0.0949826,0.0065245,-0.0424944,0.2517935,0.2201142,0.2495243,0.3900577,0.3364136
689,"XKX","Kosovo",NA,NA,0.3920856,0.3805757,-0.4951826,-0.2942551,-0.5214868,-0.5097122,-0.7324225,-0.6279115,-0.5845309,-0.617669,-0.6107674,-0.6516541,-0.649229,-0.4881476,-0.5355489,-0.4147441,-0.5039746,-0.5190393
414,"KWT","Kuwait",0.4786822,0.5907521,0.5906006,1.014095,0.7991259,0.7864687,0.5074719,0.4330326,0.3705859,0.4201856,0.3093611,0.3022288,0.0862528,-0.1904581,-0.1883423,-0.2403229,-0.2250967,-0.2682074,-0.3315037,-0.2894283
417,"KGZ","Kyrgyzstan",-0.9939234,-0.8411235,-0.9031251,-0.9899997,-0.9836336,-1.104846,-1.253386,-1.317895,-1.31999,-1.222449,-1.305888,-1.17323,-1.218837,-1.149587,-1.162882,-1.127944,-1.149714,-1.079307,-1.054022,-0.9542972
418,"LAO","Laos",-0.7228339,-0.6033329,-0.8859748,-1.151778,-1.182076,-1.236541,-1.302482,-1.314594,-1.269775,-1.197019,-1.238691,-1.193468,-1.177133,-1.019356,-0.9339099,-0.8490518,-0.9116009,-0.9524469,-0.9359312,-0.9826739
428,"LVA","Latvia",-0.2033388,0.1721002,-0.0722135,0.0167397,0.2769963,0.1847784,0.3796195,0.3698641,0.352404,0.2548864,0.2262741,0.2283071,0.2866477,0.245459,0.3284156,0.4153654,0.4681761,0.4311383,0.5358248,0.3285871
422,"LBN","Lebanon",-0.659695,-0.4454119,-0.5427273,-0.4761419,-0.6652666,-0.6629034,-0.5307235,-0.9423331,-0.8884739,-0.8183134,-0.8338656,-0.8750964,-0.902648,-0.8694083,-0.9240747,-1.037225,-0.8837678,-0.9652011,-1.00018,-1.108917
426,"LSO","Lesotho",0.0865449,0.0405158,-0.0037387,-0.0931795,-0.170642,-0.0989184,0.0216869,0.0021442,-0.0688466,0.0497081,0.1559155,0.1685703,0.151321,0.1214297,0.2755961,0.1905199,0.0625368,-0.0225262,-0.0309465,-0.1033081
430,"LBR","Liberia",-1.500141,-1.701552,-1.494852,-1.288059,-1.262588,-1.315888,-1.204036,-0.718835,-0.4577956,-0.7375427,-0.5898559,-0.561761,-0.6711878,-0.5984923,-0.7105706,-0.7714581,-0.6454387,-0.7216154,-0.6628168,-0.8509958
434,"LBY","Libya",-0.871937,-0.9070759,-0.8673233,-0.9503065,-0.8847084,-0.9082967,-0.9624601,-1.084067,-1.045788,-0.9531514,-1.207996,-1.288268,-1.30197,-1.363768,-1.481793,-1.564978,-1.616931,-1.626686,-1.591507,-1.552711
438,"LIE","Liechtenstein",1.318143,1.377704,1.359712,1.349896,1.37669,1.37271,1.278153,1.259531,1.093163,1.186626,1.688023,1.846567,1.811492,1.80148,1.8412,2.081461,2.064388,2.042704,2.056443,2.00771
440,"LTU","Lithuania",0.4210027,0.3199019,0.3574329,0.2021333,0.3789164,0.4285874,0.3280523,0.161695,0.1301493,0.1396623,0.2315532,0.3767319,0.3271061,0.3939939,0.4260329,0.558858,0.6176547,0.7138361,0.5537298,0.4978957
442,"LUX","Luxembourg",1.951375,1.940335,2.04844,2.063325,1.692841,1.844499,1.656579,1.882664,1.971466,1.971972,1.973333,2.046461,2.159844,2.122712,2.123356,2.073182,2.096687,2.096854,1.985497,2.087755
446,"MAC","Macao",0.421651,0.4577389,0.4315208,-0.0594136,0.8889436,1.419769,0.5159156,0.35169,0.454558,0.439987,0.1649591,0.4173084,0.4406563,0.4250763,0.5533845,0.8486614,0.6117634,0.8461854,0.6420048,0.7156818
450,"MDG","Madagascar",-0.3710939,-0.7936238,-0.4506733,-0.18475,-0.1963035,-0.2801116,-0.0732841,-0.1858238,-0.1902263,-0.2661915,-0.339067,-0.4286864,-0.4793393,-0.6651397,-0.7539618,-0.8404085,-0.851298,-0.9073029,-1.050954,-1.000727
454,"MWI","Malawi",-0.3160631,-0.2539123,-0.2718835,-0.958181,-0.7312583,-0.7681208,-0.70995,-0.5493971,-0.514421,-0.4456559,-0.4046172,-0.4871768,-0.4169382,-0.4716163,-0.6073956,-0.7511342,-0.7665762,-0.7566847,-0.6580035,-0.7433892
458,"MYS","Malaysia",0.3830645,0.4497059,0.3370187,0.2749991,0.343969,0.3377635,0.1950662,0.2340544,0.1920508,-0.047309,-0.0564772,0.0892673,0.0294875,0.2376342,0.3501761,0.4111588,0.2350726,0.096051,0.0257437,0.3139765
462,"MDV","Maldives",-0.3229406,-0.3815066,-0.381528,-0.1849878,-0.0530877,-0.3524567,-0.4407611,-0.5997719,-0.8566247,-0.8181251,-0.6669996,-0.5479038,-0.554829,-0.7027972,-0.7477764,-0.3766125,-0.4793896,-0.6661988,-0.7875925,-0.8930011
466,"MLI","Mali",-0.7825618,-0.8465494,-0.839941,-0.6849798,-0.6738481,-0.591962,-0.4975321,-0.4818845,-0.425326,-0.5290691,-0.6739076,-0.6779031,-0.6385996,-0.8253763,-0.7861145,-0.7453915,-0.6828474,-0.6547985,-0.6403126,-0.695331
470,"MLT","Malta",0.478995,0.5553551,0.9574695,0.8031498,0.9545633,0.8481682,0.8240554,1.010357,1.023427,0.9979604,0.7729582,0.7900173,0.7660429,0.9432184,0.9835,0.8517444,0.9003745,0.7212449,0.7396526,0.5799018
584,"MHL","Marshall Islands",NA,-0.5842584,-0.2875369,-0.4837397,-0.8329695,-0.5724694,-0.4646168,-0.5547745,-0.6098314,-0.5667388,-0.3446968,-0.3346615,-0.3320549,-0.2639025,-0.0378926,-0.1077498,-0.1151361,-0.051144,0.001559,-0.0740994
478,"MRT","Mauritania",-0.5556942,-0.4681849,-0.4537375,-0.0252959,-0.0311151,-0.526517,-0.5602201,-0.7424415,-0.5787115,-0.7878206,-0.6133621,-0.7153614,-0.6281309,-0.7825618,-0.8336353,-0.9275495,-0.9233136,-0.7392347,-0.7513137,-0.8072538
480,"MUS","Mauritius",0.0346621,0.3410696,0.3837742,0.4586178,0.3008124,0.2545278,0.3152202,0.3484554,0.4382765,0.5153103,0.5392069,0.5595223,0.5368612,0.3035417,0.2926284,0.3513738,0.2940295,0.2033691,0.2011648,0.2696345
484,"MEX","Mexico",-0.5124286,-0.4543453,-0.245629,-0.1808602,-0.1670818,-0.3039545,-0.2710108,-0.2611699,-0.2726447,-0.2446972,-0.3010224,-0.3615492,-0.4021198,-0.4118239,-0.5120105,-0.7617088,-0.7659356,-0.7196069,-0.927987,-0.8628517
583,"FSM","Micronesia",NA,-0.1954361,-0.2188624,-0.3152156,-0.3352613,-0.0431867,-0.2359343,-0.2524891,-0.3385304,-0.3131559,-0.1349802,-0.1497652,-0.344562,-0.1480404,-0.2045657,0.7684758,0.6804457,0.6545952,0.7492542,0.6930298
498,"MDA","Moldova",-0.4374265,-0.4229914,-0.656654,-0.9451997,-0.8473928,-0.9832295,-0.6684925,-0.6421348,-0.6594599,-0.631423,-0.6991606,-0.6731094,-0.6202185,-0.613747,-0.7546401,-0.8506176,-0.9112523,-0.9516894,-0.7986267,-0.7267502
492,"MCO","Monaco",NA,NA,NA,NA,NA,NA,NA,NA,NA,NA,NA,NA,NA,NA,NA,NA,NA,NA,NA,NA
496,"MNG","Mongolia",0.1117585,0.0555014,-0.309789,-0.0071526,-0.2017621,-0.3980201,-0.6109759,-0.5846398,-0.6148518,-0.661201,-0.75866,-0.7351942,-0.6920975,-0.5350751,-0.479228,-0.4737923,-0.4916258,-0.487203,-0.4517064,-0.4277897
499,"MNE","Montenegro",NA,0.5240871,-0.1715477,-0.1469823,-0.4011799,-0.4574871,-0.3486613,-0.4018944,-0.330248,-0.2145137,-0.1960413,-0.2293579,-0.1982283,-0.1115054,-0.2512437,-0.0591936,-0.1318108,-0.0992209,-0.0877144,0.0227987
504,"MAR","Morocco",-0.106927,0.110848,-0.1097311,-0.1875919,-0.2600439,-0.1432836,-0.3078854,-0.4084886,-0.3449084,-0.3824355,-0.3256046,-0.2049095,-0.4008193,-0.4367572,-0.3711136,-0.2656817,-0.2203408,-0.129715,-0.1394774,-0.2164034
508,"MOZ","Mozambique",-0.4240031,-0.4327063,-0.4310654,-0.5106828,-0.5971819,-0.6029691,-0.5324818,-0.6171736,-0.5154082,-0.4920207,-0.4373404,-0.4467431,-0.4910766,-0.568353,-0.6035165,-0.6722683,-0.7488589,-0.8750069,-0.8348412,-0.7813797
104,"MMR","Myanmar",-1.500767,-1.342322,-1.387619,-1.316296,-1.481886,-1.646097,-1.537207,-1.657953,-1.625108,-1.616428,-1.660424,-1.672876,-1.586771,-1.063331,-1.000095,-0.882174,-0.8361852,-0.621139,-0.5652628,-0.588294
516,"NAM","Namibia",0.8087733,0.6915627,0.5772908,0.1140656,0.2374931,0.1586243,0.197509,0.2430034,0.3195122,0.6075082,0.2950111,0.3374954,0.3063289,0.3410326,0.3264904,0.2885298,0.3193384,0.3328255,0.3206743,0.3399599
520,"NRU","Nauru",NA,NA,NA,NA,NA,NA,NA,NA,-0.3528202,-0.3233833,-0.3968646,0.0135115,-0.0404351,-0.017471,-0.6432885,-0.4725616,-0.5246901,-0.428144,-0.4729842,-0.5539093
524,"NPL","Nepal",-0.6392087,-0.738918,-0.666684,-0.3575014,-0.4582963,-0.8709621,-0.7433895,-0.6936904,-0.7883176,-0.8086575,-0.7025764,-0.6924811,-0.7789357,-0.8130072,-0.686955,-0.5882424,-0.5780479,-0.799911,-0.7495683,-0.6736505
528,"NLD","Netherlands",2.081898,2.146907,2.206632,2.12271,2.052378,1.998249,1.970572,2.050479,2.169937,2.118235,2.134323,2.143759,2.120604,2.117599,2.046002,1.990494,1.884297,1.913111,1.867278,2.009026
540,"NCL","New Caledonia",NA,NA,NA,NA,NA,NA,NA,NA,NA,NA,NA,NA,NA,NA,NA,NA,NA,NA,NA,NA
554,"NZL","New Zealand",2.110246,2.206883,2.251775,2.320816,2.346575,2.376838,2.201448,2.333123,2.328567,2.313838,2.391192,2.337902,2.297513,2.31635,2.341757,2.253289,2.275631,2.283942,2.241115,2.174696
558,"NIC","Nicaragua",-0.5645444,-0.8855853,-1.009483,-0.4816527,-0.4796036,-0.3954273,-0.6086186,-0.6731691,-0.7651211,-0.7624058,-0.7249714,-0.7528315,-0.7265897,-0.7745718,-0.7359387,-0.8853124,-0.8882873,-0.8714551,-0.8722236,-1.06336
562,"NER","Niger",-0.8655901,-0.97673,-0.882167,-0.9945939,-0.9264554,-0.8242223,-0.717895,-0.8477663,-0.7518947,-0.7201005,-0.610281,-0.661096,-0.6397219,-0.6417262,-0.6110697,-0.6868545,-0.6542467,-0.6442041,-0.6633669,-0.5798146
566,"NGA","Nigeria",-1.189009,-1.157752,-1.218683,-1.431231,-1.362079,-1.341822,-1.158724,-1.123634,-1.053003,-0.8918832,-1.031731,-1.048915,-1.172974,-1.169128,-1.221261,-1.274705,-1.079387,-1.025006,-1.076748,-1.04489
570,"NIU","Niue",NA,NA,NA,NA,NA,NA,NA,NA,NA,NA,-0.579232,-0.4597846,-0.4412641,-0.435296,-0.4240158,NA,NA,NA,NA,NA
408,"PRK","North Korea",-1.284347,-1.254913,-1.327406,-1.034389,-1.440077,-1.380663,-1.280531,-1.441222,-1.543278,-1.518725,-1.288771,-1.28243,-1.309837,-1.280697,-1.284762,-1.297456,-1.247948,-1.439879,-1.481146,-1.566256
807,"MKD","North Macedonia",-0.6138462,-0.5145057,-0.5986527,-0.8003366,-0.6358652,-0.5004289,-0.4488492,-0.3672493,-0.3590621,-0.1916581,-0.1318223,-0.0809108,-0.0909267,-0.0409161,-0.0454067,-0.0220428,-0.2560806,-0.2852793,-0.3072253,-0.3648161
578,"NOR","Norway",2.138955,2.220956,2.191578,2.170257,2.067727,1.935271,2.010046,2.133688,1.992581,1.906427,1.994785,2.085211,2.149326,2.256409,2.294475,2.226566,2.242804,2.196583,2.236777,2.089907
512,"OMN","Oman",0.4146422,0.7560632,0.7975249,0.9346274,0.5901475,0.6733904,0.3946556,0.3521665,0.3508053,0.5153807,0.3323366,0.3237071,0.139554,0.1822813,0.159496,0.3100477,0.2689142,0.3394838,0.2476178,0.2460828
586,"PAK","Pakistan",-1.22003,-1.054056,-0.8410398,-0.9082966,-0.762178,-1.08252,-1.053138,-0.8135825,-0.8167263,-0.8950734,-1.069159,-1.087391,-1.076292,-1.062924,-0.9563623,-0.833834,-0.8107558,-0.8754649,-0.7782837,-0.7907338
585,"PLW","Palau",NA,NA,NA,NA,NA,NA,NA,NA,NA,-0.3233833,-0.3968646,-0.5000887,-0.528869,-0.4269804,-0.6432885,-0.4725616,-0.5246901,-0.428144,-0.4729842,-0.5539093
591,"PAN","Panama",-0.2011057,-0.083027,-0.3215199,-0.2992167,-0.34831,-0.2683276,-0.3508974,-0.323002,-0.3004165,-0.0863936,-0.2951975,-0.3207669,-0.3169947,-0.3580228,-0.3458192,-0.3396304,-0.3707323,-0.4947366,-0.5397643,-0.567027
598,"PNG","Papua New Guinea",-0.4334672,-0.7649102,-0.8323221,-0.9128661,-0.8823828,-0.9605086,-1.131622,-1.135809,-1.107466,-1.15477,-1.232532,-1.043986,-1.022846,-0.938081,-0.9615221,-0.9104188,-0.9398028,-0.9333857,-0.8989989,-0.8760095
600,"PRY","Paraguay",-1.166015,-1.33512,-1.379774,-1.335866,-1.394238,-1.373365,-1.321241,-1.140731,-1.183495,-0.9771966,-0.8036359,-0.7290341,-0.7157609,-0.8575233,-1.037924,-0.9696631,-0.9470149,-0.7096779,-0.7252022,-0.8474646
604,"PER","Peru",-0.3988855,-0.3657552,-0.3930036,-0.2731197,-0.0764168,-0.321763,-0.3299646,-0.2001904,-0.2462706,-0.1869539,-0.3052301,-0.2288108,-0.2199591,-0.3704499,-0.4234869,-0.5603161,-0.5338408,-0.3673783,-0.4962631,-0.5401052
608,"PHL","Philippines",-0.3588718,-0.2947631,-0.5104946,-0.5000148,-0.5840759,-0.6489331,-0.6162979,-0.8302639,-0.719775,-0.7562126,-0.7682769,-0.7604865,-0.6671209,-0.5628601,-0.3809597,-0.437062,-0.4534707,-0.4882459,-0.4755699,-0.5448154
616,"POL","Poland",0.7079138,0.8196566,0.710839,0.4018972,0.4244018,0.1388244,0.2669164,0.2741507,0.2991638,0.4613512,0.4450843,0.4970796,0.5570222,0.6632341,0.5960163,0.635148,0.6695215,0.7391052,0.7249848,0.6414219
620,"PRT","Portugal",1.371545,1.294088,1.190105,1.255313,1.158951,1.143963,1.069998,1.016922,1.036281,1.070165,1.092931,1.090371,1.112964,0.9602379,0.9504781,0.9476263,0.964725,0.9255069,0.8739432,0.8498304
634,"QAT","Qatar",-0.0455958,0.5012194,0.5306135,0.684903,0.5357439,0.5193221,0.7125736,0.9306198,0.6772065,0.9427431,1.567186,1.406557,1.008177,1.060762,1.110863,0.9885372,0.8914764,0.9007785,0.7338908,0.7248945
178,"COG","Republic of Congo",-0.8607403,-1.270732,-1.121848,-0.9945744,-1.010288,-0.9279816,-1.044834,-1.10221,-1.146641,-1.175675,-1.19568,-1.146635,-1.11917,-1.211273,-1.153927,-1.178787,-1.196039,-1.186978,-1.33061,-1.358807
642,"ROU","Romania",-0.4460427,-0.615191,-0.4912803,-0.4441305,-0.3749062,-0.2958707,-0.2416546,-0.1638925,-0.1827063,-0.1428367,-0.26255,-0.2265265,-0.2132552,-0.2633975,-0.1879764,-0.1126162,-0.0176464,-0.0187149,-0.0314776,-0.1216504
643,"RUS","Russia",-1.053342,-0.9787812,-0.9952419,-0.9293682,-0.7613105,-0.7982659,-0.8232302,-0.9108945,-1.01379,-1.114999,-1.132048,-1.090531,-1.065019,-1.042335,-1.013369,-0.9192259,-0.9491526,-0.822688,-0.8923913,-0.8451133
646,"RWA","Rwanda",-0.74514,-0.7195555,-0.6028345,-0.4185515,-0.4663844,-0.4406287,-0.6179556,-0.2080816,-0.0012737,0.0962692,0.0899276,0.3536429,0.3575973,0.5579525,0.6279649,0.7624834,0.6357123,0.6441216,0.6330296,0.5782577
652,"BLM","Saint Barthelemy",NA,NA,NA,NA,NA,NA,NA,NA,NA,NA,NA,NA,NA,NA,NA,NA,NA,NA,NA,NA
659,"KNA","Saint Kitts and Nevis",NA,0.1933861,0.1105929,0.3213253,0.3235539,0.2605553,0.9767146,0.8765422,0.8882463,0.9792951,1.037111,1.006664,1.017656,0.9435372,0.9406232,0.2472716,0.5045007,0.5139216,0.5075246,0.4525903
662,"LCA","Saint Lucia",NA,0.1933861,0.5045158,0.3213253,0.3235539,0.3103756,1.119378,1.053336,1.064785,1.159736,1.218976,1.201563,1.207379,1.012583,1.042831,0.4145029,0.6177639,0.6305575,0.5868739,0.5362028
670,"VCT","Saint Vincent and the Grenadines",NA,0.1933861,0.1105929,0.3213253,0.3235539,0.3103756,0.9767146,0.8765422,0.8882463,0.9792951,1.037111,1.006664,1.017656,0.9435372,0.9406232,0.624052,0.6747008,0.6759044,0.7241976,0.7688255
882,"WSM","Samoa",-0.0265951,-0.0905186,0.0933743,0.0699039,0.0762563,0.1280995,0.1817049,0.2411329,0.246864,0.2070555,0.1171295,0.120351,0.0969804,0.1068205,0.1452058,0.2960498,0.2910067,0.2763768,0.6594559,0.6423859
674,"SMR","San Marino",NA,NA,NA,NA,NA,NA,NA,NA,NA,NA,NA,NA,NA,NA,NA,NA,NA,NA,NA,NA
678,"STP","Sao Tome and Principe",0.4016672,0.0117231,0.1957908,-0.069497,-0.2562698,-0.3641294,-0.5369121,-0.2851349,-0.3041009,-0.3017965,-0.1968128,-0.2529863,-0.1792379,-0.1782128,-0.1755021,-0.0019088,-0.0451635,-0.0661725,0.1712368,0.1838712
682,"SAU","Saudi Arabia",-0.1633033,-0.2509797,-0.1896649,0.1987404,-0.1522317,-0.2869727,-0.0974841,-0.1903617,-0.1651608,-0.0084042,-0.0165912,0.0405474,-0.3050303,-0.0386107,-0.0204593,0.0873251,0.0521352,0.2309044,0.3638232,0.3596962
686,"SEN","Senegal",-0.1427147,-0.1497897,-0.076041,0.176479,-0.1573349,-0.0501518,-0.050289,-0.3728657,-0.5078148,-0.4978309,-0.4863388,-0.6379941,-0.4963229,-0.2566233,-0.1868612,0.0556562,0.0590133,-3.23e-06,-0.0891061,-0.0247014
688,"SRB","Serbia",-1.140072,-1.200814,-1.177213,-0.8668053,-0.490907,-0.4962658,-0.4125223,-0.2927563,-0.3531059,-0.312101,-0.312435,-0.2947092,-0.2733609,-0.3297033,-0.3009326,-0.2269956,-0.2670502,-0.3224787,-0.3751129,-0.3702148
690,"SYC","Seychelles",0.5459515,0.3250741,0.4540175,0.3406863,0.4068457,0.2735617,0.2304281,0.1202286,0.1893788,0.3869213,0.427948,0.4488375,0.422816,0.4179208,0.4419724,0.4380095,0.8836091,0.7761543,0.6810741,0.7026863
694,"SLE","Sierra Leone",-0.7564744,-0.8054562,-0.8885542,-0.8344228,-0.9079413,-0.9077232,-1.066617,-1.019453,-0.9119571,-0.9686922,-0.9311493,-0.7746728,-0.8429905,-0.9511303,-0.9058447,-0.9406572,-0.7997045,-0.8191309,-0.5661565,-0.4921698
702,"SGP","Singapore",2.107434,2.113981,2.208549,2.32098,2.228928,2.32558,2.16617,2.185165,2.241867,2.247644,2.217089,2.179523,2.109704,2.124057,2.078066,2.071365,2.092715,2.088102,2.133582,2.174524
534,"SXM","Sint Maarten",NA,NA,NA,NA,NA,NA,NA,NA,NA,NA,NA,NA,NA,NA,NA,NA,NA,NA,NA,NA
703,"SVK","Slovakia",0.2180543,0.0888453,0.2258145,-0.0066482,0.310931,0.3941474,0.4919471,0.4223817,0.349663,0.3621189,0.2703549,0.2946005,0.275088,0.096679,0.083146,0.1627372,0.1778616,0.2291559,0.2237696,0.3629198
705,"SVN","Slovenia",1.114188,1.212757,0.8847986,0.8068106,0.9278055,1.033518,0.9099379,1.034196,1.009254,0.9819186,1.058566,0.9228679,0.9488065,0.8397469,0.7293216,0.7267765,0.7729982,0.8229882,0.8137993,0.8702175
90,"SLB","Solomon Islands",0.3407821,0.0299748,-0.3637805,-0.7050016,-0.6321664,-0.3655732,0.0421122,-0.2189573,-0.3899688,-0.3707808,-0.2926673,-0.3474709,-0.343326,-0.3581027,-0.4002708,-0.2779669,-0.3408384,-0.3443829,0.1115308,-0.0049462
706,"SOM","Somalia",-1.273832,-1.403338,-1.56871,-1.040783,-1.565278,-1.787207,-1.683327,-1.730775,-1.75985,-1.868714,-1.715286,-1.739246,-1.706142,-1.591648,-1.580707,-1.659763,-1.615163,-1.701287,-1.716338,-1.800085
710,"ZAF","South Africa",0.7329274,0.6744444,0.6253357,0.3545168,0.3545151,0.4645096,0.5681056,0.4522487,0.2487841,0.2112635,0.1821967,0.1314679,0.061732,-0.115579,-0.0700488,-0.0615351,0.0251445,0.1183915,-0.0218271,-0.021569
410,"KOR","South Korea",0.3821974,0.3517909,0.3226252,0.5032603,0.5583808,0.388703,0.623883,0.3483674,0.6020547,0.4701436,0.5350723,0.4694922,0.528293,0.5351672,0.614448,0.5475607,0.373622,0.4569126,0.4808298,0.6041095
728,"SSD","South Sudan",NA,NA,NA,NA,NA,NA,NA,NA,NA,NA,NA,-0.8176964,-1.395799,-1.280866,-1.382362,-1.589431,-1.687515,-1.714806,-1.713314,-1.727954
724,"ESP","Spain",1.129211,1.399345,1.374994,1.3561,1.393117,1.35659,1.336209,1.185721,1.086643,1.190226,1.0622,1.084354,1.104124,1.128226,0.9030925,0.6298417,0.5839002,0.5156305,0.4917679,0.613507
144,"LKA","Sri Lanka",-0.0565393,-0.1476559,-0.1829986,-0.1835918,-0.2262302,-0.1458181,-0.3397865,-0.2000842,-0.1529482,-0.2252109,-0.3974278,-0.4213479,-0.3932713,-0.2367883,-0.214865,-0.3438567,-0.3441554,-0.3107294,-0.4518555,-0.3355435
275,"PSE","State of Palestine",0.0414915,0.0435232,-0.0796011,-0.3233478,-0.3667901,-0.0089478,-0.4915588,-0.2983292,-0.1123842,-0.4358965,-0.1047164,-0.1102194,-0.4457549,-0.250646,-0.2520654,-0.2777715,-0.4533325,-0.1494718,-0.0280455,-0.1954203
729,"SDN","Sudan",-1.240006,-1.068467,-0.8668337,-1.022159,-1.242393,-1.279614,-1.372326,-1.180791,-1.324397,-1.416898,-1.146193,-1.187256,-1.180683,-1.485605,-1.468973,-1.445423,-1.466466,-1.525665,-1.531964,-1.426933
740,"SUR","Suriname",0.1856471,0.2769014,0.4778312,0.2797251,0.3304509,0.2765499,0.2229512,-0.0983354,-0.0074156,-0.0210493,-0.2570023,-0.3299012,-0.2773958,-0.3338954,-0.275392,-0.4432834,-0.239112,-0.303487,-0.1743335,-0.2114844
752,"SWE","Sweden",2.173986,2.22813,2.29683,2.257393,2.20724,2.156202,2.022613,2.196596,2.244637,2.227349,2.253191,2.274587,2.196957,2.312869,2.291621,2.153375,2.241128,2.19184,2.138935,2.139578
756,"CHE","Switzerland",1.986976,2.10851,2.114552,2.113175,2.06927,2.008047,2.019937,2.093455,2.150764,2.124064,2.070191,2.072074,2.035801,2.14676,2.13242,2.151519,2.136473,1.988357,1.989034,2.00971
760,"SYR","Syria",-0.8811762,-0.9145523,-1.026092,-0.3949512,-0.7984651,-0.8213503,-0.848048,-1.061148,-1.104746,-1.151093,-1.129414,-1.134325,-1.092982,-1.212995,-1.258988,-1.553168,-1.545719,-1.572115,-1.562994,-1.626812
158,"TWN","Taiwan",0.580821,0.6124514,0.7259406,0.6445099,0.8482103,0.8291048,0.7494035,0.5339415,0.5250053,0.5228266,0.6201826,0.7434051,0.8722242,0.7228127,0.6794211,0.8071234,0.773747,0.8801996,0.9647804,1.027658
762,"TJK","Tajikistan",-1.273033,-1.268679,-1.275289,-1.166876,-1.142904,-1.288288,-1.169656,-1.033867,-1.036954,-1.18186,-1.214975,-1.29106,-1.218264,-1.275634,-1.2844,-1.127138,-1.125708,-1.146538,-1.331051,-1.415102
834,"TZA","Tanzania",-0.7027624,-0.7853448,-0.8051588,-0.8048667,-0.6782916,-0.5605041,-0.5973649,-0.2327513,-0.3374165,-0.4170312,-0.4454531,-0.5352294,-0.5917395,-0.7569411,-0.7741532,-0.7544573,-0.6878198,-0.5069014,-0.4630897,-0.4479853
764,"THA","Thailand",-0.361192,-0.0654143,-0.1869879,-0.312025,-0.173061,-0.225242,-0.1905972,-0.3842641,-0.3694969,-0.4077929,-0.3097054,-0.3338629,-0.3234649,-0.366163,-0.3435557,-0.4502737,-0.4934002,-0.3889846,-0.3858818,-0.3988041
626,"TLS","Timor-Leste",NA,NA,NA,-0.2136295,-0.2214026,-0.2953654,-0.5644838,-0.6023827,-0.6503537,-0.6473844,-0.8001626,-0.7594984,-0.8097405,-0.7359263,-0.6838787,-0.5264052,-0.5216289,-0.510681,-0.5402249,-0.4735851
768,"TGO","Togo",-0.8426208,-0.7959197,-0.7603036,-0.8126608,-0.9153492,-0.9592494,-0.8747956,-1.039965,-0.9900438,-0.9731315,-1.018094,-0.9596605,-1.009964,-1.000225,-1.026878,-0.8932849,-0.7238495,-0.6773949,-0.7109718,-0.7275374
776,"TON","Tonga",NA,-0.1954361,-0.400705,-0.5402989,-0.5048001,-0.4335981,-1.329141,-1.339974,-1.039538,-0.6556217,-0.6779904,-0.3343297,-0.3317521,-0.3211578,-0.2826757,-0.3144994,-0.4673948,-0.4451802,-0.1609317,-0.0708953
780,"TTO","Trinidad and Tobago",0.9012263,0.5874037,0.240538,-0.0195763,0.0576755,-0.0261127,0.0158104,-0.1079766,-0.0433679,-0.0643966,-0.0410869,-0.1738511,-0.109661,-0.1553719,-0.2166158,-0.4135527,-0.3007314,-0.2402743,-0.3645433,-0.317267
788,"TUN","Tunisia",-0.5336781,-0.2380091,-0.2312204,0.3699424,0.1597376,0.0828652,-0.2578937,-0.189283,-0.249607,-0.3039028,-0.2209633,-0.2587942,-0.0567588,-0.0597201,-0.0670398,-0.0368847,-0.0688108,-0.1348448,-0.1086418,-0.0534863
792,"TUR","Turkey",-0.1480735,-0.2964204,-0.1972148,-0.5218159,-0.1838556,-0.1751383,-0.0313143,0.0273459,0.1052756,0.1123597,0.0877801,0.0292634,0.0442165,0.1577393,0.0922462,-0.1479384,-0.1543817,-0.1915608,-0.193241,-0.3353838
795,"TKM","Turkmenistan",-1.021493,-1.103732,-1.133726,-1.271739,-1.221208,-1.474577,-1.464484,-1.523663,-1.523284,-1.498502,-1.528696,-1.531711,-1.543366,-1.431322,-1.408111,-1.314361,-1.346634,-1.518626,-1.482324,-1.357742
796,"TCA","Turks and Caicos Islands",NA,NA,NA,NA,NA,NA,NA,NA,NA,NA,NA,NA,NA,NA,NA,NA,NA,NA,NA,NA
798,"TUV","Tuvalu",NA,NA,0.4688683,0.5859712,-0.4714947,0.637419,-0.1148843,-0.0989187,-0.236194,-0.2121344,-0.2157806,-0.2564616,-0.5269832,-0.3504546,-0.3964055,-0.0146536,-0.032997,0.0305533,0.0616561,0.0285799
800,"UGA","Uganda",-0.7237571,-0.8898923,-0.8738403,-0.9083948,-0.8139555,-0.7794363,-0.8235874,-0.7859881,-0.8213381,-0.8326218,-0.901867,-0.9175547,-0.9205488,-0.9884557,-1.042657,-1.085041,-1.051651,-1.056744,-1.042315,-1.037357
804,"UKR","Ukraine",-1.110137,-1.269784,-1.149965,-1.053279,-0.9283369,-0.9333908,-0.7218982,-0.7508178,-0.7974216,-0.8384962,-1.039394,-1.027054,-1.049992,-1.077377,-1.131518,-0.9941977,-0.979916,-0.8141002,-0.783947,-0.8736908
784,"ARE","United Arab Emirates",-0.0055791,0.0512062,0.1169043,1.146778,0.8603278,1.057324,0.998801,0.8932872,1.013516,1.082439,0.9129345,0.8962536,1.077532,1.163516,1.280844,1.203578,1.071927,1.171709,1.133604,1.151608
826,"GBR","United Kingdom",1.980519,2.109126,2.139308,2.055666,2.039183,1.933308,1.901079,1.792327,1.742208,1.682487,1.632727,1.604827,1.616091,1.674153,1.699135,1.738478,1.876371,1.898977,1.843343,1.826577
840,"USA","United States of America",1.571041,1.596428,1.657759,1.924038,1.755439,1.832575,1.545693,1.353316,1.385467,1.450212,1.294352,1.271479,1.269101,1.41072,1.313262,1.376068,1.396935,1.373532,1.381242,1.323218
858,"URY","Uruguay",1.124996,1.079483,0.9251407,0.9126395,1.050345,0.8986151,1.074672,1.114514,1.243985,1.308401,1.238403,1.279333,1.27888,1.355477,1.375125,1.378793,1.316853,1.267499,1.292709,1.265534
860,"UZB","Uzbekistan",-1.128821,-1.158051,-1.052387,-1.030034,-1.090016,-1.134173,-1.226991,-1.004751,-1.031079,-1.063894,-1.268171,-1.297227,-1.370555,-1.30156,-1.263263,-1.185224,-1.261961,-1.168891,-1.159287,-1.068714
548,"VUT","Vanuatu",0.2163094,0.1017004,-0.2819904,-0.2938749,-0.2219644,-0.3243554,0.235829,0.1670396,0.2271524,0.287317,0.3045432,0.2922294,0.2992629,0.3367192,0.2883865,0.4617497,-0.1168138,-0.0959523,0.0057819,-0.1629424
862,"VEN","Venezuela",-0.8629471,-0.9242285,-0.6734996,-1.06225,-1.064031,-0.9815668,-1.028939,-1.042506,-1.113234,-1.16722,-1.192175,-1.22752,-1.173889,-1.268169,-1.314032,-1.399562,-1.391322,-1.353828,-1.364057,-1.467512
704,"VNM","Viet Nam",-0.4897989,-0.4680435,-0.568332,-0.5696136,-0.4990683,-0.734896,-0.7242912,-0.7458543,-0.6293012,-0.7071454,-0.5441679,-0.6235763,-0.6073088,-0.5280005,-0.4782664,-0.4362011,-0.4261965,-0.4524708,-0.583135,-0.4853567
876,"WLF","Wallis and Futuna Islands",NA,NA,NA,NA,NA,NA,NA,NA,NA,NA,NA,NA,NA,NA,NA,NA,NA,NA,NA,NA
732,"ESH","Western Sahara",NA,NA,NA,NA,NA,NA,NA,NA,NA,NA,NA,NA,NA,NA,NA,NA,NA,NA,NA,NA
887,"YEM","Yemen",-0.7437322,-0.9788756,-1.051369,-0.9794725,-0.9378718,-1.081317,-0.8853425,-0.7883423,-0.7903727,-0.7904962,-1.069216,-1.189516,-1.227556,-1.248456,-1.245088,-1.555118,-1.474062,-1.663732,-1.592786,-1.637971
894,"ZMB","Zambia",-0.8406407,-0.7731454,-0.7157777,-0.7307748,-0.5969002,-0.5916286,-0.5917786,-0.5515967,-0.4050106,-0.3910125,-0.4610739,-0.5060785,-0.3963221,-0.2842946,-0.3067903,-0.3422427,-0.3412615,-0.401866,-0.5422128,-0.6561365
716,"ZWE","Zimbabwe",-0.2788472,-0.480248,-0.9821414,-1.22844,-1.245055,-1.333829,-1.309262,-1.358917,-1.401328,-1.355687,-1.355277,-1.368883,-1.401749,-1.368143,-1.404895,-1.391291,-1.310461,-1.259387,-1.273584,-1.235616
