"code","iso","country","EEZ.raw.1990","EEZ.raw.1991","EEZ.raw.1992","EEZ.raw.1993","EEZ.raw.1994","EEZ.raw.1995","EEZ.raw.1996","EEZ.raw.1997","EEZ.raw.1998","EEZ.raw.1999","EEZ.raw.2000","EEZ.raw.2001","EEZ.raw.2002","EEZ.raw.2003","EEZ.raw.2004","EEZ.raw.2005","EEZ.raw.2006","EEZ.raw.2007","EEZ.raw.2008","EEZ.raw.2009","EEZ.raw.2010","EEZ.raw.2011","EEZ.raw.2012","EEZ.raw.2013","EEZ.raw.2014","EEZ.raw.2015","EEZ.raw.2016","EEZ.raw.2017","EEZ.raw.2018","EEZ.raw.2019","EEZ.raw.2020"
4,"AFG","Afghanistan",0,0,0,0,0,0,0,0,0,0,0,0,0,0,0,0,0,0,0,0,0,0,0,0,0,0,0,0,0,0,0
8,"ALB","Albania",12177.2156845426,12177.2156845426,12177.2156845426,12177.2156845426,12177.2156845426,12177.2156845426,12177.2156845426,12177.2156845426,12177.2156845426,12177.2156845426,12177.2156845426,12177.2156845426,12177.2156845426,12177.2156845426,12177.2156845363,12177.2156845363,12177.2156845363,12177.2156845374,12177.2156845374,12177.2156845374,12177.2156845374,12177.2156845408,12177.2156845402,12177.2156845402,12177.2156845402,12177.2156845402,12177.2156845402,12177.2156845402,12177.2156845402,12177.2156845402,12177.2156845402
12,"DZA","Algeria",131425.409022918,131425.409022918,131425.409022918,131425.409022918,131425.409022918,131425.409022918,131425.409022918,131425.409022918,131425.409022918,131425.409022918,131425.409022918,131425.409022918,131425.409023071,131425.409023071,131425.409023087,131425.409023087,131425.409023087,131425.409023087,131425.409023087,131425.409023087,131425.409023087,131425.409023087,131425.409023087,131425.409023087,131425.409023087,131425.409023087,131425.409023087,131425.409023087,131425.409023087,131425.409023087,131425.409023087
20,"AND","Andorra",0,0,0,0,0,0,0,0,0,0,0,0,0,0,0,0,0,0,0,0,0,0,0,0,0,0,0,0,0,0,0
24,"AGO","Angola",498906.881945225,498906.881945225,498906.881945225,498906.881945225,498906.881945225,498906.881945225,498906.881945225,498906.881945225,498906.881945225,498906.881945225,498906.881945225,498906.881945225,498906.881945225,498906.881945225,498906.881945225,498906.881945225,498906.881945225,498906.881945225,498906.881945225,498906.881945225,498906.881945225,498906.881945225,498906.881945225,498906.881945225,498906.881945225,498906.881945225,498906.881945225,498906.881945225,498906.881945225,498906.881945225,498906.881945225
660,"AIA","Anguilla",90625.4314912755,90625.4314912755,90625.4314912755,90625.4314912755,90625.4314913037,90625.4314913037,90625.4314913037,90625.4314913037,90625.4314913037,90625.4314913037,90625.4314913037,90625.4314913037,90625.4314913037,90625.4314913037,90625.4314913037,90625.4314913037,90625.4314913037,90625.4314913037,90625.4314913037,90625.4314913037,90625.4314913037,90625.4314913037,90625.4314913037,90625.4314913037,90625.4314913037,90625.4314913037,90625.4314913037,90625.4314913037,90625.4314913037,90625.4314913037,90625.4314913037
28,"ATG","Antigua and Barbuda",112162.305926427,112162.305926427,112162.305926427,112162.305926427,112162.305926427,112162.305926427,112162.305926427,112162.305926427,112162.305926427,112162.305926427,112162.305926407,112162.305926407,112162.305926407,112162.305926407,112162.305926407,112162.305926407,112162.305926505,112162.305926505,112162.305926505,112162.305926505,112162.305926505,112162.305926505,112162.305926505,112162.305926505,112162.305926505,112162.305926505,112162.305926505,112162.305926505,112162.305926505,112162.305926505,112162.305926505
32,"ARG","Argentina",2897653.80351984,2897653.80351985,2897653.80351986,2897653.80351986,2897653.80351986,2897653.80351986,2897653.80351986,2897653.80351982,2897653.80351985,2897653.80351977,2897653.80351977,2897653.80351982,2897653.80351992,2897653.80351992,2897653.80351992,2897653.80351992,2897653.80351991,2897653.80351991,2897653.80351991,2897653.80351991,2897653.80351992,2897653.80351991,2897653.80351992,2897653.80351983,2897653.80351983,2897653.80351983,2897653.80351983,2897653.80351983,2897653.80351983,2897653.80351786,2897653.80351786
51,"ARM","Armenia",NA,NA,0,0,0,0,0,0,0,0,0,0,0,0,0,0,0,0,0,0,0,0,0,0,0,0,0,0,0,0,0
533,"ABW","Aruba",31288.2741422563,31288.2741422563,31288.2741422563,31288.2741422563,31288.2741422563,31288.2741422563,31288.2741422563,31288.2741422563,31288.2741422563,31288.2741422563,31288.2741422563,31288.2741422563,31288.2741422563,31288.2741422563,31288.2741422563,31288.2741422563,31288.2741422563,31288.2741422563,31288.2741422563,31288.2741422563,31288.2741422563,31288.2741422563,31288.2741422563,31288.2741422563,31288.2741422563,31288.2741422563,31288.2741422563,31288.2741422563,31288.2741422563,31288.2741422563,31288.2741422563
36,"AUS","Australia",9025415.79580947,9025415.79580946,9025415.79580944,9025415.7958094,9025415.79580964,9025415.79580964,9025415.79580963,9025415.79581039,9025415.79581039,9025415.79581044,9025415.79581035,9025415.7958103,9025415.79581039,9025415.79615521,9025415.79615524,9025415.7961565,9025415.79615602,9025415.79615645,9025415.79615626,9025415.79615526,9025415.79615536,9025415.79615513,9025415.79615512,9025415.79588383,9025415.79588345,9025415.79588332,9025415.79588341,9025415.79588285,9025415.79588275,9025415.79535766,9025415.79535766
40,"AUT","Austria",0,0,0,0,0,0,0,0,0,0,0,0,0,0,0,0,0,0,0,0,0,0,0,0,0,0,0,0,0,0,0
31,"AZE","Azerbaijan",NA,NA,80681.4473351742,80681.4473351742,80681.4473351742,80681.4473351742,80681.4473351742,80681.4473351742,80681.4473351742,80681.4473351742,80681.4473351742,80681.4473351742,80681.4473351793,80681.4473351793,80681.4473351793,80681.4473351793,80681.4473351257,80681.4473351257,80681.4473351257,80681.4473351257,80681.4473351257,80681.4473351257,80681.4473351257,80681.4473351257,80681.4473351257,80681.4473351257,80681.4473351257,80681.4473351257,80681.4473351257,80681.4473351257,80681.4473351257
44,"BHS","Bahamas",622458.219762921,622458.219762921,622458.219762921,622458.219762921,622458.219762921,622458.219762921,622458.219762921,622458.219762921,622458.219762921,622458.219762921,622458.219762921,622458.219762921,622458.219762921,622458.219762873,622458.219762873,622458.219762873,622458.219762873,622458.219762873,622458.219762873,622458.219762801,622458.219762934,622458.219762934,622458.219762934,622458.219762934,622458.219762934,622458.219762934,622458.21975936,622458.21975936,622458.21975936,622458.21975936,622458.21975936
48,"BHR","Bahrain",7546.21757157509,7546.21757157509,7546.21757157509,7546.21757157509,7546.21757157509,7546.21757157509,7546.21757157509,7546.21757157509,7546.21757160305,7546.21757160305,7546.21757160305,7546.21757160305,7546.21757160305,7546.21757160305,7546.21757159314,7546.21757159314,7546.21757159314,7546.21757160085,7546.21757160085,7546.21757160085,7546.21757160085,7546.21757160085,7546.21757160085,7546.21757160085,7546.21757160085,7546.21757160085,7546.21757160085,7546.21757160085,7546.21757160085,7546.21757160085,7546.21757160085
50,"BGD","Bangladesh",112793.932700916,112793.932700916,112793.932700916,112793.932700916,112793.932700916,112793.932700916,112793.932700916,112793.932700916,112793.932700916,112793.932700916,112793.932700916,112793.932700916,112793.932700916,112793.932700916,112793.932700916,112793.932700916,112793.932700916,112793.932700916,112793.932700916,112793.932700916,112793.932700916,112793.932700916,112793.932700916,112793.932700809,112793.932700809,112793.932700808,112793.932700808,112793.932700808,112793.932700808,112793.932700808,112793.932700808
52,"BRB","Barbados",186188.69778341,186188.69778341,186188.69778341,186188.69778341,186188.69778341,186188.69778341,186188.69778341,186188.69778341,186188.69778341,186188.69778341,186188.69778341,186188.69778341,186188.69778341,186188.69778341,186188.69778341,186188.69778341,186188.69778341,186188.69778341,186188.69778341,186188.69778341,186188.69778341,186188.69778341,186188.69778341,186188.69778341,186188.69778341,186188.69778341,186188.69778341,186188.69778341,186188.69778341,186188.69778341,186188.69778341
112,"BLR","Belarus",NA,NA,0,0,0,0,0,0,0,0,0,0,0,0,0,0,0,0,0,0,0,0,0,0,0,0,0,0,0,0,0
56,"BEL","Belgium",3487.99333433688,3487.99333433688,3487.99333433688,3487.99333433688,3487.99333434087,3487.99333434087,3487.99333434087,3487.99333434087,3487.99333433699,3487.99333433699,3487.99333433699,3487.99333433699,3487.99333433699,3487.99333433699,3487.99333433699,3487.99333433699,3487.99333433598,3487.99333433598,3487.99333433598,3487.99333433598,3487.99333433598,3487.99333480063,3487.99333480063,3487.99333477031,3487.99333477031,3487.99333477031,3487.99333477031,3487.99333477031,3487.99333477031,3487.99333477031,3487.99333477031
84,"BLZ","Belize",34500.8911816354,34500.8911816354,34500.8911816354,34500.8911816354,34500.8911816353,34500.8911816353,34500.8911816353,34500.8911816881,34500.8911816881,34500.8911813778,34500.8911813778,34500.8911814233,34500.8911814233,34500.8911814275,34500.8911814275,34500.8911814275,34500.8911814275,34500.8911814275,34500.8911814275,34500.8911814275,34500.8911814275,34500.8911815123,34500.8911815123,34500.8911814654,34500.8911814654,34500.8911814654,34500.8911814654,34500.8911814654,34500.8911814654,34500.8911814654,34500.8911814654
204,"BEN","Benin",35740.574244091,35740.574244091,35740.574244091,35740.574244091,35740.574244091,35740.574244091,35740.574244091,35740.574244091,35740.574244091,35740.574244091,35740.574244091,35740.574244091,35740.574244091,35740.574244091,35740.574244091,35740.574244091,35740.574244091,35740.574244091,35740.574244091,35740.574244091,35740.574244091,35740.574244091,35740.574244091,35740.574244091,35740.574244091,35740.574244091,35740.574244091,35740.574244091,35740.574244091,35740.574244091,35740.574244091
60,"BMU","Bermuda",465727.317958054,465727.317958054,465727.317958054,465727.317958054,465727.317958054,465727.317958054,465727.317958054,465727.317958054,465727.317958054,465727.317958054,465727.317958054,465727.317958054,465727.317958054,465727.317958054,465727.317958054,465727.317958053,465727.317958053,465727.317958053,465727.317958053,465727.317958053,465727.317958053,465727.317958053,465727.317958053,465727.317958053,465727.317958053,465727.317958053,465727.317958053,465727.317958053,465727.317958053,465727.317958053,465727.317958053
64,"BTN","Bhutan",0,0,0,0,0,0,0,0,0,0,0,0,0,0,0,0,0,0,0,0,0,0,0,0,0,0,0,0,0,0,0
68,"BOL","Bolivia",0,0,0,0,0,0,0,0,0,0,0,0,0,0,0,0,0,0,0,0,0,0,0,0,0,0,0,0,0,0,0
70,"BIH","Bosnia and Herzegovina",NA,NA,NA,12.9862039109008,12.9862039109008,12.9862039109008,12.9862039109008,12.9862039109008,12.9862039109008,12.9862039109008,12.9862039109008,12.9862039109008,12.9862039109008,12.9862039109008,12.9862039109008,12.9862039109008,12.9862039109008,12.9862039109008,12.9862039109008,12.9862039109008,12.9862039109008,12.9862039109008,12.9862039109008,12.9862039109008,12.9862039109008,12.9862039109008,12.9862039109008,12.9862039109008,12.9862039109008,12.9862039109008,12.9862039109008
72,"BWA","Botswana",0,0,0,0,0,0,0,0,0,0,0,0,0,0,0,0,0,0,0,0,0,0,0,0,0,0,0,0,0,0,0
76,"BRA","Brazil",3698542.58322505,3698542.58322506,3698542.58322497,3698542.58322491,3698542.58322497,3698542.58322498,3698542.58322499,3698542.58322498,3698542.58322504,3698542.5832251,3698542.58322522,3698542.58322547,3698542.58322556,3698542.58322559,3698542.58322511,3698542.58322495,3698542.58322495,3698542.58322473,3698542.58322474,3698542.58322529,3698542.58322519,3698542.5832252,3698542.58322526,3698542.58322526,3698542.58322511,3698542.58322511,3698542.5832251,3698542.58322509,3698542.58322509,3698542.58322585,3698542.58322586
92,"VGB","British Virgin Islands",81980.8130412728,81980.8130412728,81980.8130412728,81980.8130412728,81980.8130412728,81980.8130412728,81980.8130412728,81980.8130412728,81980.8130412728,81980.8130412728,81980.8130412728,81980.8130412728,81980.8130412728,81980.8130412728,81980.8130412728,81980.8130412728,81980.8130412728,81980.8130412728,81980.8130412728,81980.8130412728,81980.8130412728,81980.8130412728,81980.8130412728,81980.8130412728,81980.8130412728,81980.8130412728,81980.8130412728,81980.8130412728,81980.8130412728,81980.8130412728,81980.8130412728
96,"BRN","Brunei Darussalam",43424.7829732759,43424.7829732759,43424.7829732759,43424.7829732759,43424.7829732759,43424.7829732759,43424.7829732759,43424.7829732759,43424.7829732759,43424.7829732759,43424.7829732759,43424.7829732759,43424.7829732759,43424.7829732759,43424.7829732759,43424.7829732759,43424.7829732759,43424.7829732759,43424.7829732759,43424.7829732759,43424.7829732759,43424.7829732759,43424.7829732759,43424.7829732759,43424.7829732759,43424.7829732759,43424.7829732759,43424.7829732759,43424.7829732759,43424.7829732759,43424.7829732759
100,"BGR","Bulgaria",34767.3702727238,34767.3702727238,34767.3702727238,34767.3702727296,34767.3702727588,34767.3702727513,34767.3702727302,34767.3702727302,34767.3702727302,34767.3702727302,34767.3702727302,34767.3702727302,34767.3702727301,34767.3702727091,34767.370272723,34767.370272723,34767.370272723,34767.370272723,34767.3702727181,34767.3702727167,34767.3702727181,34767.3702727167,34767.3702727181,34767.3702727167,34767.3702727408,34767.3702727408,34767.3702727408,34767.3702727408,34767.3702727408,34767.3702727408,34767.3702727408
854,"BFA","Burkina Faso",0,0,0,0,0,0,0,0,0,0,0,0,0,0,0,0,0,0,0,0,0,0,0,0,0,0,0,0,0,0,0
108,"BDI","Burundi",0,0,0,0,0,0,0,0,0,0,0,0,0,0,0,0,0,0,0,0,0,0,0,0,0,0,0,0,0,0,0
132,"CPV","Cabo Verde",806497.020121572,806497.020121572,806497.020121572,806497.020121572,806497.020121572,806497.020121572,806497.020121572,806497.020121572,806497.020121572,806497.020121572,806497.020121572,806497.020121572,806497.020121572,806497.020121572,806497.020121572,806497.020121572,806497.020121572,806497.020121572,806497.020121572,806497.020121572,806497.020121572,806497.020121572,806497.020121572,806497.020121572,806497.020121572,806497.020121572,806497.020121572,806497.020121572,806497.020121572,806497.020121572,806497.020121572
116,"KHM","Cambodia",49004.3488537826,49004.3488537826,49004.3488537826,49004.3488537826,49004.3488537826,49004.3488537826,49004.3488537826,49004.3488537826,49004.3488537826,49004.3488537826,49004.3488537826,49004.3488537826,49004.3488537826,49004.3488537826,49004.3488537826,49004.3488537826,49004.3488537826,49004.3488537826,49004.3488537826,49004.3488537826,49004.3488537826,49004.3488537826,49004.3488537826,49004.3488537826,49004.3488537826,49004.3488537826,49004.3488537826,49004.3488537826,49004.3488537826,49004.3488537826,49004.3488537826
120,"CMR","Cameroon",15243.8827974693,15243.8827974693,15243.8827974693,15243.8827974693,15243.8827974693,15243.8827974693,15243.8827974693,15243.8827974693,15243.8827974693,15243.8827974693,15243.8827974693,15243.8827974693,15243.8827974693,15243.8827974693,15243.8827974693,15243.8827974693,15243.8827974693,15243.8827974693,15243.8827974693,15243.8827974693,15243.8827974693,15243.8827974693,15243.8827974693,15243.8827974693,15243.8827974693,15243.8827974693,15243.8827974693,15243.8827974693,15243.8827974693,15243.8827974693,15243.8827974693
124,"CAN","Canada",5744566.99786284,5744566.99786284,5744566.99786285,5744566.99786295,5744566.99786233,5744566.99786233,5744566.99786235,5744566.99786231,5744566.99786227,5744566.997863,5744566.99786301,5744566.99786361,5744566.9978636,5744566.9978636,5744566.99786344,5744566.99786359,5744566.9978636,5744566.99786369,5744566.99786369,5744566.99786349,5744566.99786363,5744566.99786375,5744566.9978638,5744566.99786381,5744566.99786388,5744566.99786397,5744566.99786355,5744566.99786351,5744566.99786193,5744566.99786193,5744566.99786188
136,"CYM","Cayman Islands",121059.623230354,121059.623230354,121059.623230354,121059.623230354,121059.623230354,121059.623230354,121059.623230354,121059.623230354,121059.623230354,121059.623230354,121059.623230354,121059.623230354,121059.623230354,121059.623230356,121059.623230356,121059.623230356,121059.623230356,121059.623230356,121059.623230356,121059.623230356,121059.623230356,121059.623230357,121059.623230357,121059.623230357,121059.623230357,121059.623230356,121059.623230356,121059.623230356,121059.623230356,121059.623230356,121059.623230356
140,"CAF","Central African Republic",0,0,0,0,0,0,0,0,0,0,0,0,0,0,0,0,0,0,0,0,0,0,0,0,0,0,0,0,0,0,0
148,"TCD","Chad",0,0,0,0,0,0,0,0,0,0,0,0,0,0,0,0,0,0,0,0,0,0,0,0,0,0,0,0,0,0,0
152,"CHL","Chile",3676760.68362781,3676760.68362781,3676760.68362781,3676760.68362771,3676760.68362771,3676760.68362771,3676760.68362771,3676760.68362766,3676760.68362766,3676760.68362766,3676760.68362766,3676760.68362766,3676760.68362766,3676760.68362766,3676760.68362769,3676760.68362768,3676760.68362765,3676760.68362758,3676760.68362761,3676760.68362761,3676760.68362761,3676760.68362761,3676760.68362761,3676760.68362761,3676760.68362761,3676760.68362761,3676760.6836277,3676760.6836277,3676760.68362617,3676760.68362569,3676760.68362845
156,"CHN","China",1382159.87773722,1382159.87773722,1382159.87773722,1382159.87773717,1382159.87773717,1382159.87773717,1382159.87773717,1382159.87773717,1382159.87773717,1382159.87773717,1382159.87773717,1382159.87773717,1382159.87773717,1382159.87773711,1382159.87773711,1382159.87773711,1382159.87773711,1382159.87773711,1382159.87773711,1382159.87773711,1382159.87773711,1382159.87773711,1382159.87773711,1382159.87773711,1382159.87773711,1382159.87773711,1382159.87773711,1382159.87773711,1382159.87773711,1382159.87773711,1382159.87773711
170,"COL","Colombia",780576.284759114,780576.284759114,780576.284759114,780576.284759114,780576.284759114,780576.284759114,780576.284759245,780576.284759245,780576.284759245,780576.284759146,780576.284759146,780576.284759146,780576.284759147,780576.284759146,780576.284759147,780576.28475916,780576.284755729,780576.284755729,780576.284755729,780576.284755729,780576.284755729,780576.284755763,780576.284755763,780576.284755763,780576.284755773,780576.284755878,780576.284755876,780576.284755879,780576.284748918,780576.284748918,780576.284748918
174,"COM","Comoros",232637.034355725,232637.034355725,232637.034355725,232637.034355725,232637.034355725,232637.034355725,232637.034355725,232637.034355725,232637.034355725,232637.034355725,232637.034355725,232637.034355725,232637.034355725,232637.034355725,232637.034355725,232637.034355725,232637.034355725,232637.034355728,232637.034355728,232637.034355728,232637.034355728,232637.034355728,232637.034355728,232637.034355728,232637.034355728,232637.034355728,232637.034355728,232637.034355728,232637.034355728,232637.034355728,232637.034355728
184,"COK","Cook Islands",1980804.08897776,1980804.08897776,1980804.08897776,1980804.08897776,1980804.08897776,1980804.08897776,1980804.08897776,1980804.08897776,1980804.08897776,1980804.08897777,1980804.08897777,1980804.08897778,1980804.08897778,1980804.08897778,1980804.08897778,1980804.08897778,1980804.08897778,1980804.08897778,1980804.08897778,1980804.08897778,1980804.08897778,1980804.08897778,1980804.08897778,1980804.08897778,1980804.08897778,1980804.08897778,1980804.08897778,1980804.08897778,1980804.08899569,1980804.08899569,1980804.08899569
188,"CRI","Costa Rica",603010.807524828,603010.807524828,603010.807524847,603010.807524857,603010.807524857,603010.807524848,603010.807524859,603010.807524859,603010.807524859,603010.80752491,603010.80752491,603010.80752491,603010.80752491,603010.80752491,603010.80752491,603010.80752491,603010.80752491,603010.807524855,603010.807524855,603010.807524855,603010.807524855,603010.807524855,603010.807524856,603010.807524856,603010.807524856,603010.807524856,603010.807524856,603010.807524856,603010.807524921,603010.807524921,603010.807524921
384,"CIV","Cote d'Ivoire",172903.151536359,172903.151536359,172903.151536359,172903.151536359,172903.151536359,172903.151536359,172903.151536359,172903.151536359,172903.151536359,172903.151536359,172903.151536359,172903.151536359,172903.151536359,172903.151536359,172903.151536359,172903.151536359,172903.151536496,172903.151536496,172903.151536496,172903.151536496,172903.151536496,172903.151536496,172903.151536496,172903.151536496,172903.151536496,172903.151536496,172903.151536496,172903.151536496,172903.151536496,172903.151536496,172903.151536496
191,"HRV","Croatia",55526.8877255662,55526.8877255662,55526.8877255662,55526.8877255662,55526.8877255662,55526.8877255551,55526.8877255551,55526.8877255551,55526.8877255551,55526.8877255551,55526.8877255551,55526.8877255551,55526.8877255551,55526.8877255551,55526.8877255551,55526.8877255551,55526.8877255551,55526.8877255551,55526.8877255551,55526.8877255551,55526.8877255551,55526.8877255551,55526.8877255551,55526.8877255551,55526.8877263857,55526.8877263857,55526.887726259,55526.8877262744,55526.8877262744,55526.8877262744,55526.8877262744
192,"CUB","Cuba",353970.778826015,353970.778826015,353970.778826015,353970.778826015,353970.778826015,353970.778826015,353970.778826015,353970.778826015,353970.778826015,353970.778826015,353970.778826015,353970.778826015,353970.778825997,353970.778825997,353970.778825997,353970.778825997,353970.778825997,353970.778825997,353970.778825997,353970.778825998,353970.778825998,353970.778826026,353970.778826026,353970.778826109,353970.778826109,353970.778826109,353970.778826109,353970.778826109,353970.778826109,353970.778826109,353970.778826109
531,"CUW","Curacao",25552.7879800061,25552.7879800061,25552.7879800061,25552.7879800061,25552.7879800061,25552.7879800061,25552.7879800061,25552.7879800061,25552.7879800061,25552.7879800061,25552.7879800061,25552.7879800061,25552.7879800061,25552.7879800061,25552.7879800061,25552.7879800061,25552.7879800061,25552.7879800061,25552.7879800061,25552.7879800061,25552.7879800061,25552.7879800061,25552.7879800061,25552.7879800061,25552.7879800061,25552.7879800061,25552.7879800061,25552.7879800061,25552.7879800061,25552.7879800061,25552.7879800061
196,"CYP","Cyprus",98691.6179954137,98691.6179954137,98691.6179954137,98691.6179954137,98691.6179954137,98691.6179954137,98691.6179954137,98691.6179954137,98691.6179954137,98691.6179954137,98691.6179954137,98691.6179954137,98691.6179954137,98691.6179954137,98691.6179954137,98691.6179954932,98691.6179954932,98691.6179954932,98691.6179954932,98691.6179954932,98691.6179954932,98691.6179954932,98691.6179954932,98691.6179954932,98691.6179954932,98691.6179954433,98691.6179954433,98691.6179954899,98691.6179954899,98691.6179954899,98691.6179954899
203,"CZE","Czech Republic",NA,NA,NA,0,0,0,0,0,0,0,0,0,0,0,0,0,0,0,0,0,0,0,0,0,0,0,0,0,0,0,0
180,"COD","Dem. Rep. Congo",13450.4615012723,13450.4615012723,13450.4615012723,13450.4615012723,13450.4615012723,13450.4615012723,13450.4615012723,13450.4615012723,13450.4615012723,13450.4615012723,13450.4615012723,13450.4615012723,13450.4615012723,13450.4615012723,13450.4615012723,13450.4615012723,13450.4615012723,13450.4615012723,13450.4615012723,13450.4615012723,13450.4615012723,13450.4615012723,13450.4615012723,13450.4615012723,13450.4615012723,13450.4615012723,13450.4615012723,13450.4615012723,13450.4615012723,13450.4615012723,13450.4615012723
208,"DNK","Denmark",104662.293647363,104662.293647363,104662.293647363,104662.293647384,104662.29364742,104662.293647384,104662.293647438,104662.293647438,104662.293647438,104662.293646699,104662.293646659,104662.29364672,104662.29364672,104662.293646617,104662.293646712,104662.293647249,104662.293647673,104662.29364773,104662.293647548,104662.293647512,104662.293648823,104662.293648813,104662.29364882,104662.293648886,104662.293648891,104662.293648881,104662.293648881,104662.293648815,104662.293648889,104662.293648888,104662.293648888
262,"DJI","Djibouti",7514.38827660447,7514.38827660447,7514.38827660447,7514.38827660447,7514.38827660447,7514.38827660447,7514.38827660447,7514.38827660447,7514.38827660447,7514.38827660447,7514.38827660447,7514.38827660447,7514.38827660447,7514.38827661079,7514.38827661079,7514.38827661079,7514.38827661079,7514.38827661079,7514.38827661079,7514.38827661079,7514.38827661079,7514.38827661079,7514.38827661079,7514.38827661079,7514.38827661079,7514.38827661079,7514.38827661079,7514.38827661079,7514.38827661079,7514.38827661079,7514.38827661079
212,"DMA","Dominica",28741.5520449646,28741.5520449646,28741.5520449646,28741.5520449646,28741.5520449646,28741.5520449646,28741.5520449646,28741.5520449646,28741.5520449646,28741.5520449501,28741.5520449501,28741.5520449501,28741.5520449501,28741.5520449501,28741.5520449501,28741.5520449501,28741.5520449501,28741.5520449501,28741.5520449501,28741.5520449501,28741.5520449501,28741.5520449501,28741.5520449501,28741.5520449501,28741.5520449501,28741.5520449501,28741.5520449501,28741.5520449501,28741.5520449501,28741.5520449501,28741.5520449501
214,"DOM","Dominican Republic",387235.10935175,387235.10935175,387235.10935175,387235.10935175,387235.10935175,387235.10935175,387235.10935175,387235.10935175,387235.10935175,387235.10935175,387235.10935175,387235.10935175,387235.10935175,387235.10935175,387235.10935175,387235.109352308,387235.109352308,387235.109352308,387235.109352308,387235.109352308,387235.109352428,387235.109352428,387235.109352456,387235.109352456,387235.109352454,387235.109352443,387235.109352443,387235.109352443,387235.109352443,387235.109352443,387235.109352443
218,"ECU","Ecuador",1137414.14189584,1137414.14189584,1137414.14189584,1137414.14189584,1137414.14189584,1137414.14189584,1137414.14189584,1137414.14189584,1137414.14189584,1137414.14189489,1137414.14189489,1137414.14189494,1137414.14189494,1137414.14189497,1137414.14189496,1137414.14189496,1137414.14189496,1137414.14189486,1137414.14189488,1137414.1418949,1137414.14189489,1137414.14189489,1137414.14189494,1137414.14189499,1137414.14189499,1137414.14189518,1137414.14189521,1137414.14189515,1137414.14189505,1137414.14189505,1137414.14189505
818,"EGY","Egypt",263956.147840131,263956.147840131,263956.147840131,263956.147840131,263956.147840131,263956.147840131,263956.147840131,263956.147840131,263956.147840131,263956.147840131,263956.147840131,263956.147840131,263956.147840131,263956.147840131,263956.147840131,263956.147840131,263956.147840131,263956.147840186,263956.147840186,263956.147840186,263956.147840186,263956.147840317,263956.147840317,263956.147840317,263956.147840317,263956.147840317,263956.147840317,263956.147840317,263956.147840317,263956.147840317,263956.147840317
222,"SLV","El Salvador",95685.2123133695,95685.2123133695,95685.2123133695,95685.2123133695,95685.2123133695,95685.2123133695,95685.2123133695,95685.2123133695,95685.2123133695,95685.2123133695,95685.2123133695,95685.2123133695,95685.2123133695,95685.2123133695,95685.2123133695,95685.2123133695,95685.2123133695,95685.2123133695,95685.2123133851,95685.2123133851,95685.2123133851,95685.2123133851,95685.2123133851,95685.2123133851,95685.2123133851,95685.2123135465,95685.2123135465,95685.2123135465,95685.2123135465,95685.2123135465,95685.2123135465
226,"GNQ","Equatorial Guinea",306175.937935507,306175.937935507,306175.937935507,306175.937935507,306175.937935507,306175.937935507,306175.937935507,306175.937935507,306175.937935507,306175.937935507,306175.937935507,306175.937935477,306175.937935477,306175.937935477,306175.937935477,306175.937935477,306175.937935477,306175.937935477,306175.937935477,306175.937935477,306175.937935477,306175.937935477,306175.937935477,306175.937935477,306175.937935477,306175.937935477,306175.937935477,306175.937935477,306175.937935477,306175.937935477,306175.937935477
232,"ERI","Eritrea",NA,NA,NA,NA,78803.3945015612,78803.3945015612,78803.3945015612,78803.3945015612,78803.3945015612,78803.3945015612,78803.3945015612,78803.3945015612,78803.3945015612,78803.3945015612,78803.3945015612,78803.3945015612,78803.3945015612,78803.3945015612,78803.3945015612,78803.3945015612,78803.3945015612,78803.3945015612,78803.3945015612,78803.3945015612,78803.3945015612,78803.3945015612,78803.3945015612,78803.3945015612,78803.3945015612,78803.3945015612,78803.3945015612
233,"EST","Estonia",36333.0737204532,36333.0737204532,36333.0737204532,36333.0737204532,36333.0737204532,36333.0737204532,36333.0737204532,36333.0737204532,36333.073720363,36333.073720363,36333.0737205397,36333.0737205397,36333.0737205397,36333.0737205397,36333.0737205525,36333.0737203677,36333.0737203207,36333.0737204075,36333.0737203264,36333.0737203264,36333.0737200122,36333.07372001,36333.0737199603,36333.0737199592,36333.0737198591,36333.0737199603,36333.0737195653,36333.0737195759,36333.073719613,36333.0737195275,36333.0737195275
748,"SWZ","Eswatini",0,0,0,0,0,0,0,0,0,0,0,0,0,0,0,0,0,0,0,0,0,0,0,0,0,0,0,0,0,0,0
231,"ETH","Ethiopia",78803.4203919937,78803.4203919937,78803.4203919937,78803.4203919937,0,0,0,0,0,0,0,0,0,0,0,0,0,0,0,0,0,0,0,0,0,0,0,0,0,0,0
234,"FRO","Faeroe Islands",273769.203628136,273769.203628136,273769.203628136,273769.203628136,273769.203628136,273769.203628136,273769.203628136,273769.203628136,273769.203628136,273769.203628136,273769.203628136,273769.203628136,273769.203628136,273769.203628136,273769.203628136,273769.203628136,273769.203628136,273769.203628136,273769.203628136,273769.203628136,273769.203628136,273769.203628136,273769.203628136,273769.203628136,273769.203628136,273769.203628136,273769.203628136,273769.203628136,273769.203628136,273769.203628136,273769.203628136
238,"FLK","Falkland Islands",549451.687836182,549451.687836182,549451.687836182,549451.687836182,549451.687836182,549451.687836182,549451.687836182,549451.687836182,549451.687836182,549451.687836182,549451.687836182,549451.687836182,549451.687836182,549451.687836182,549451.687836182,549451.687836182,549451.687836182,549451.687836182,549451.687836182,549451.687836182,549451.687836182,549451.687836182,549451.687836182,549451.687836182,549451.687836182,549451.687836182,549451.687836182,549451.687836182,549451.687836182,549451.687836182,549451.687836182
242,"FJI","Fiji",1296309.10710665,1296309.10710665,1296309.10710665,1296309.10710665,1296309.10710665,1296309.10710665,1296309.10710665,1296309.10710665,1296309.10710664,1296309.10710664,1296309.10710666,1296309.10710671,1296309.10710673,1296309.10710679,1296309.10710677,1296309.10710674,1296309.10710683,1296309.10710695,1296309.10710723,1296309.10710723,1296309.10710723,1296309.10710723,1296309.10710723,1296309.10710723,1296309.10710723,1296309.10710723,1296309.10710723,1296309.10710723,1296309.10710723,1296309.10710727,1296309.10710727
246,"FIN","Finland",80996.6978223121,80996.6978223277,80996.6978221092,80996.6978220649,80996.697822083,80996.6978220639,80996.6978219695,80996.6978220512,80996.6978220764,80996.6978217938,80996.6978218574,80996.6978218307,80996.6978218011,80996.6978218324,80996.6978218417,80996.6978221273,80996.6978226603,80996.697822667,80996.6978226175,80996.697822697,80996.6978226929,80996.697822679,80996.697822718,80996.6978229178,80996.6978229726,80996.6978228871,80996.6978226304,80996.697822651,80996.6978226198,80996.6978226283,80996.6978226283
250,"FRA","France",3726623.95132056,3726623.95132056,3726623.95132056,3726623.95132056,3726623.95132057,3726623.95132056,3726623.95132056,3726623.95132056,3726623.95132056,3726623.95132057,3726623.95132043,3726623.95132044,3726623.95132044,3726623.95132035,3726623.95132051,3726623.95132053,3726623.95132006,3726623.95132093,3726623.95132092,3726623.95132097,3726623.95132097,3726623.95132011,3726623.95132009,3726623.95132004,3726623.95132004,3726623.95132011,3726623.95131998,3726623.9513192,3726623.95132403,3726623.95132393,3726623.95132393
258,"PYF","French Polynesia",4791756.292438,4791756.292438,4791756.292438,4791756.292438,4791756.292438,4791756.292438,4791756.292438,4791756.292438,4791756.292438,4791756.292438,4791756.292438,4791756.292438,4791756.292438,4791756.292438,4791756.292438,4791756.292438,4791756.292438,4791756.292438,4791756.292438,4791756.29243799,4791756.29243799,4791756.29243799,4791756.29243799,4791756.29243799,4791756.29243799,4791756.29243799,4791756.29243799,4791756.29243799,4791756.29243799,4791756.29243799,4791756.29243799
266,"GAB","Gabon",203102.692461845,203102.692461845,203102.692461845,203102.692461845,203102.692461845,203102.692461845,203102.692461845,203102.692461845,203102.692461845,203102.692461845,203102.692461845,203102.692461845,203102.692461845,203102.692461845,203102.692461806,203102.692461806,203102.692461806,203102.692461806,203102.692461806,203102.692461806,203102.692461806,203102.692461806,203102.692461806,203102.692461806,203102.692461806,203102.692461806,203102.692461806,203102.692461806,203102.692462563,203102.692462563,203102.692462563
270,"GMB","Gambia",23095.1519930729,23095.1519930729,23095.1519930729,23095.1519930729,23095.1519930729,23095.1519930729,23095.1519930729,23095.1519930729,23095.1519930729,23095.1519930729,23095.1519930729,23095.1519930729,23095.1519930729,23095.1519930729,23095.1519930729,23095.1519930729,23095.1519930729,23095.1519930729,23095.1519930729,23095.1519930729,23095.1519930729,23095.1519930729,23095.1519930729,23095.1519930729,23095.1519930729,23095.1519930729,23095.1519930729,23095.1519930729,23095.1519930729,23095.1519930729,23095.1519930729
268,"GEO","Georgia",NA,NA,22964.736041646,22964.736041646,22964.736041646,22964.736041646,22964.736041646,22964.736041646,22964.736041646,22964.736041646,22964.736041646,22964.736041646,22964.736041646,22964.736041646,22964.736041646,22964.736041646,22964.736041646,22964.736041646,22964.736041646,22964.736041646,22964.736041646,22964.736041646,22964.736041646,22964.736041646,22964.736041646,22964.736041646,22964.736041646,22964.736041646,22964.736041646,22964.736041646,22964.736041646
276,"DEU","Germany",56636.6847597975,56636.6606075994,56636.6606077324,56636.6606077324,56636.6606077509,56636.6606077509,56636.6606077509,56636.6606078096,56636.6606078096,56636.6606079489,56636.6606079086,56636.6606081824,56636.6606082274,56636.6606082273,56636.6606082659,56636.6606090952,56636.6606088675,56636.6606089869,56636.6606089649,56636.6606100658,56636.6606104932,56636.6606104981,56636.6606105329,56636.6606104927,56636.6606104773,56636.6606104915,56636.6606104328,56636.660610485,56636.6606090889,56636.6606090432,56636.6606090432
288,"GHA","Ghana",228995.928003129,228995.928003129,228995.928003129,228995.928003182,228995.928003182,228995.928003182,228995.928003182,228995.928003182,228995.928003182,228995.928003182,228995.928003182,228995.928003182,228995.928003182,228995.928003182,228995.928003182,228995.928003182,228995.928003182,228995.928003182,228995.928003182,228995.928003182,228995.928003182,228995.928003182,228995.928003182,228995.928003182,228995.928003182,228995.928003182,228995.928003182,228995.928003182,228995.928003182,228995.928003182,228995.928003182
300,"GRC","Greece",483849.415695894,483849.415695932,483849.41569593,483849.415695887,483849.415695888,483849.415695892,483849.415695887,483849.415695885,483849.415695865,483849.415695867,483849.415695854,483849.415695855,483849.415695957,483849.415696048,483849.415696044,483849.415696101,483849.415696097,483849.415696095,483849.415696091,483849.415696076,483849.415696076,483849.415696057,483849.415696057,483849.415696058,483849.415696058,483849.415696058,483849.415696058,483849.415696058,483849.415696058,483849.415696058,483849.415696058
304,"GRL","Greenland",2257929.57520059,2257929.57520059,2257929.57520059,2257929.57520059,2257929.57520059,2257929.57520059,2257929.57520059,2257929.57520059,2257929.57520059,2257929.57520059,2257929.57520059,2257929.57520059,2257929.57520059,2257929.57520059,2257929.57520059,2257929.57520059,2257929.57520059,2257929.57520059,2257929.57520059,2257929.57520057,2257929.57520057,2257929.57520057,2257929.57520058,2257929.57520058,2257929.57520058,2257929.57520058,2257929.57520058,2257929.57520058,2257929.57520058,2257929.57520058,2257929.57520058
308,"GRD","Grenada",25730.9431051835,25730.9431051835,25730.9431051835,25730.9431051835,25730.9431051835,25730.9431051835,25730.9431051835,25730.9431051835,25730.9431051835,25730.9431051835,25730.943105187,25730.943105187,25730.943105187,25730.943105187,25730.943105187,25730.943105187,25730.943105187,25730.943105187,25730.943105187,25730.943105187,25730.9431051878,25730.9431051878,25730.9431051878,25730.9431051957,25730.9431051957,25730.9431051957,25730.9431051957,25730.9431051957,25730.9431051957,25730.9431052386,25730.9431052386
320,"GTM","Guatemala",111341.77957843,111341.77957843,111341.77957843,111341.77957843,111341.77957843,111341.77957843,111341.77957843,111341.77957843,111341.77957843,111341.77957843,111341.77957843,111341.77957843,111341.77957843,111341.77957843,111341.77957843,111341.77957843,111341.77957843,111341.77957843,111341.779578433,111341.779578433,111341.779578433,111341.779578433,111341.779578433,111341.779578433,111341.779578433,111341.779578433,111341.779578433,111341.779578433,111341.779578433,111341.779578433,111341.779578433
831,"GGY","Guernsey",6520.14155388414,6520.14155388414,6520.14155388414,6520.14155388414,6520.14155388414,6520.14155388414,6520.14155388414,6520.14155388414,6520.14155388414,6520.14155388414,6520.14155388414,6520.14155388414,6520.14155388414,6520.14155388414,6520.14155388414,6520.14155388414,6520.14155386297,6520.14155385895,6520.14155385895,6520.14155385895,6520.14155385895,6520.14155385895,6520.14155385895,6520.14155385895,6520.14155385895,6520.14155385895,6520.14155385895,6520.14155385895,6520.14155385895,6520.14155385895,6520.14155385895
324,"GIN","Guinea",102818.726367462,102818.726367462,102818.726367462,102818.726367463,102818.726367463,102818.726367463,102818.726367463,102818.726367463,102818.726367463,102818.726367463,102818.726367463,102818.726367463,102818.726367463,102818.726367463,102818.726367463,102818.726367463,102818.726367463,102818.726367463,102818.726367463,102818.726367463,102818.726367463,102818.726367463,102818.726367463,102818.726367463,102818.726367463,102818.726367463,102818.726367463,102818.726367463,102818.726367463,102818.726367463,102818.726367463
624,"GNB","Guinea-Bissau",171327.57609924,171327.57609924,171327.57609924,171327.57609924,171327.57609924,171327.57609924,171327.57609924,171327.576099238,171327.576099238,171327.576099238,171327.576099238,171327.576099238,171327.576099238,171327.576099238,171327.576099238,171327.576099238,171327.576099238,171327.576099238,171327.576099238,171327.576099238,171327.576099238,171327.576099238,171327.576099238,171327.576099238,171327.576099238,171327.576099236,171327.576099236,171327.576099236,171327.576099236,171327.576099236,171327.576099236
328,"GUY","Guyana",139610.460175559,139610.460175559,139610.460175559,139610.460175559,139610.460175559,139610.460175559,139610.460175559,139610.460175559,139610.460175559,139610.460175559,139610.460175559,139610.460175559,139610.460175559,139610.460175559,139610.460175559,139610.460175559,139610.460175559,139610.460175559,139610.460175559,139610.460175559,139610.460175559,139610.460175559,139610.460175559,139610.460175559,139610.460175559,139610.460175559,139610.460175559,139610.460175559,139610.460175559,139610.460175559,139610.460175559
332,"HTI","Haiti",118020.909699737,118020.909699737,118020.909699737,118020.909699737,118020.909699737,118020.909699737,118020.909699737,118020.909699737,118020.909699737,118020.909699737,118020.909699737,118020.909699737,118020.909699737,118020.909699737,118020.909699737,118020.909699737,118020.909699737,118020.909699737,118020.909699737,118020.909699737,118020.909699737,118020.909699737,118020.909699737,118020.909699737,118020.909699635,118020.909699635,118020.909699635,118020.909699635,118020.909699638,118020.909699638,118020.909699638
336,"VAT","Holy See",0,0,0,0,0,0,0,0,0,0,0,0,0,0,0,0,0,0,0,0,0,0,0,0,0,0,0,0,0,0,0
340,"HND","Honduras",211835.169918946,211835.169918946,211835.169918946,211835.169918946,211835.16991896,211835.16991896,211835.16991896,211835.16991896,211835.16991896,211835.16991896,211835.169918966,211835.169918966,211835.169918966,211835.169918966,211835.169918806,211835.169918806,211835.169918763,211835.169918763,211835.169918763,211835.169918763,211835.169918763,211835.169918763,211835.169918763,211835.169918763,211835.169918973,211835.169918973,211835.169918973,211835.169918973,211835.169918973,211835.169918973,211835.169918973
344,"HKG","Hong Kong",0,0,0,0,0,0,0,0,0,0,0,0,0,0,0,0,0,0,0,0,0,0,0,0,0,0,0,0,0,0,0
348,"HUN","Hungary",0,0,0,0,0,0,0,0,0,0,0,0,0,0,0,0,0,0,0,0,0,0,0,0,0,0,0,0,0,0,0
352,"ISL","Iceland",806403.770854187,806403.770854187,806403.770854187,806403.770854187,806403.770854187,806403.770854156,806403.770854164,806403.770854238,806403.770854238,806403.770854238,806403.770854238,806403.770854238,806403.770854237,806403.770854237,806403.770854237,806403.770854237,806403.770854237,806403.770854238,806403.770854245,806403.770854238,806403.770854274,806403.770854274,806403.770854274,806403.770854282,806403.770854245,806403.770854245,806403.770854245,806403.770854245,806403.770854245,806403.770854245,806403.770854245
356,"IND","India",2337689.74623799,2337689.74623799,2337689.74623799,2337689.74623799,2337689.74623799,2337689.74623799,2337689.74623799,2337689.74623807,2337689.74623807,2337689.74623806,2337689.74623806,2337689.74623806,2337689.74623806,2337689.74623794,2337689.74623794,2337689.74623794,2337689.74623794,2337689.74623794,2337689.74623794,2337689.7462381,2337689.7462381,2337689.7462381,2337689.7462381,2337689.7462381,2337689.7462381,2337689.7462381,2337689.7462381,2337689.7462381,2337689.7462381,2337689.7462381,2337689.7462381
360,"IDN","Indonesia",6138474.54734966,6138474.54734967,6138474.54734966,6138474.54734966,6138474.54734966,6138474.54734966,6138474.54734966,6138474.54734966,6138474.54734966,6138474.54734967,6138474.54734966,6138474.54734966,6138474.54734966,6060515.26614536,6060515.26614538,6060515.26614538,6060515.26614537,6060515.26614541,6060515.26614526,6060515.26614526,6060515.26614533,6060515.26614531,6060515.26614531,6060515.26614527,6060515.26614531,6060515.26614525,6060515.26614531,6060515.26614522,6060515.26614529,6060515.26614526,6060515.26614526
364,"IRN","Iran",222277.703765819,222277.703765819,222277.703765819,222277.703765819,222277.703765819,222277.703765819,222277.703765819,222277.703765819,222277.703765819,222277.703765819,222277.703765984,222277.703765984,222277.70376598,222277.703765953,222277.703765953,222277.703765953,222277.703765953,222277.703765953,222277.703765953,222277.703765953,222277.703765953,222277.703765953,222277.703765953,222277.703765953,222277.703765953,222277.703765953,222277.703765953,222277.703765953,222277.703765953,222277.703765953,222277.703765953
368,"IRQ","Iraq",1191.55527641359,1191.55527641359,1191.55527641359,1191.55527641359,1191.55527641359,1191.55527641359,1191.55527641359,1191.55527641359,1191.55527641359,1191.55527641359,1191.55527641359,1191.55527641359,1191.55527641359,1191.55527641359,1191.55527641359,1191.55527641359,1191.55527641359,1191.55527641359,1191.55527641359,1191.55527641359,1191.55527641359,1191.55527641359,1191.55527641359,1191.55527641359,1191.55527641359,1191.55527641359,1191.55527641359,1191.55527641359,1191.55527641359,1191.55527641359,1191.55527641359
372,"IRL","Ireland",426258.823292764,426258.823292766,426258.823292766,426258.823292766,426258.823292766,426258.823292819,426258.823292844,426258.823292777,426258.823292755,426258.823292758,426258.823292737,426258.823292724,426258.823292751,426258.823292833,426258.823292835,426258.823292775,426258.823292817,426258.823292808,426258.823292808,426258.823292767,426258.823292748,426258.823292839,426258.82329288,426258.823292851,426258.823292856,426258.823292856,426258.823292879,426258.823292878,426258.823292878,426258.823292878,426258.823292878
833,"IMN","Isle of Man",0,0,0,0,0,0,0,0,0,0,0,0,0,0,0,0,0,0,0,0,0,0,0,0,0,0,0,0,0,0,0
376,"ISR","Israel",25818.8910105897,25818.8910105897,25818.8910105897,25818.8910105897,25818.8910105897,25818.8910105897,25818.8910105897,25818.8910105897,25818.8910105897,25818.8910105897,25818.8910105897,25818.8910105897,25818.8910105897,25818.8910106345,25818.8910106345,25818.8910106345,25818.8910106345,25818.8910106345,25818.8910106345,25818.8910106256,25818.8910105649,25818.8910105649,25818.8910105649,25818.8910105649,25818.8910105649,25818.8910105649,25818.8910105649,25818.8910105649,25818.8910105649,25818.8910105649,25818.8910105649
380,"ITA","Italy",537417.88635423,537417.88635423,537417.886354242,537417.886354242,537417.886354242,537417.886354242,537417.886354133,537417.886354127,537417.886354128,537417.886354125,537417.886353695,537417.886353695,537417.886353696,537417.886353652,537417.886353653,537417.886353651,537417.886353646,537417.886353641,537417.886353636,537417.886353636,537417.886353645,537417.88635365,537417.886353625,537417.886353625,537417.886353352,537417.886353348,537417.886353348,537417.88635335,537417.886353357,537417.886353357,537417.886353357
388,"JAM","Jamaica",287791.821029509,287791.821029509,287791.821029509,287791.821029396,287791.821029396,287791.821029396,287791.821029396,287791.821029389,287791.821029389,287791.82102933,287791.82102933,287791.82102933,287791.82102933,287791.82102933,287791.82102933,287791.82102933,287791.821029331,287791.821029331,287791.821029331,287791.821029331,287791.821029422,287791.821029428,287791.821029428,287791.821029428,287791.821029428,287791.821029428,287791.821029428,287791.821029428,287791.821029428,287791.821029428,287791.821029428
392,"JPN","Japan",4452800.42774564,4452800.42774569,4452800.4277457,4452800.4277456,4452800.42774557,4452800.42774575,4452800.42774575,4452800.42774575,4452800.42774568,4452800.42774558,4452800.42774565,4452800.42774567,4452800.42774565,4452800.42774581,4452800.42774422,4452800.42774396,4452800.42774395,4452800.42774388,4452800.42774382,4452800.42774385,4452800.42774393,4452800.42774381,4452800.42774381,4452800.42774386,4452800.42774382,4452800.42774359,4452800.42774358,4452800.42774358,4452800.42774358,4452800.42774358,4452800.42774358
832,"JEY","Jersey",2274.74580585068,2274.74580585068,2274.74580585068,2274.74580585068,2274.74580585068,2274.74580585068,2274.74580585068,2274.74580585068,2274.74580585068,2274.74580585068,2274.74580585068,2274.74580587389,2274.74580587389,2274.74580587389,2274.74580587389,2274.74580587389,2274.7458058739,2274.7458058739,2274.7458058739,2274.7458058739,2274.7458058739,2274.7458058739,2274.7458058739,2274.7458058739,2274.7458058739,2274.7458058739,2274.7458058739,2274.7458058739,2274.7458058739,2274.7458058739,2274.7458058739
400,"JOR","Jordan",97.4222971991893,97.4222971991893,97.4222971991893,97.4222971991893,97.4222971991893,97.4222971991893,97.4222971991893,97.4222971991893,97.4222971639447,97.4222971639447,97.4222971639447,97.4222971639447,97.4222971639447,97.4222971639447,97.4222971639447,97.4222971639447,97.4222971639447,97.4222971639447,97.4222971639447,97.4222971639447,97.4222971639447,97.4222971639447,97.4222971639447,97.4222971639447,97.4222971639447,97.4222971639447,97.4222971639447,97.4222971639447,97.4222971639447,97.4222971639447,97.4222971639447
398,"KAZ","Kazakhstan",NA,NA,114396.378038682,114396.378038682,114396.378038682,114396.378038682,114396.378038682,114396.378038682,114396.378038682,114396.378038682,114396.378038682,114396.378038682,114396.378038682,114396.378038682,114396.378038682,114396.378038682,114396.378038682,114396.378038682,114396.378038682,114396.378038682,114396.378038648,114396.378038648,114396.378038648,114396.378038648,114396.378038648,114396.378038648,114396.378038648,114396.378038648,114396.378038648,114396.378038648,114396.378038648
404,"KEN","Kenya",165146.650370641,165146.650370641,165146.650370641,165146.650370641,165146.650370641,165146.650370641,165146.650370676,165146.650370676,165146.650370676,165146.650370676,165146.650370676,165146.650370676,165146.650370676,165146.650370676,165146.650370676,165146.650370676,165146.650370665,165146.650370665,165146.650370665,165146.650370665,165146.650370708,165146.650370708,165146.650370754,165146.65037076,165146.65037076,165146.65037076,165146.65037076,165146.65037076,165146.65037076,165146.65037076,165146.65037076
296,"KIR","Kiribati",3462729.89663852,3462729.89663852,3462729.89663852,3462729.89663852,3462729.89663852,3462729.89663852,3462729.89663852,3462729.89663852,3462729.89663852,3462729.89663852,3462729.89663847,3462729.89663847,3462729.89663847,3462729.89663847,3462729.89663847,3462729.89663847,3462729.89663847,3462729.89664856,3462729.89664856,3462729.89664856,3462729.89664856,3462729.89664856,3462729.89664856,3462729.89664856,3462729.8966485,3462729.8966485,3462729.8966485,3462729.8966485,3462729.8966485,3462729.8966485,3462729.8966485
689,"XKX","Kosovo",NA,NA,NA,NA,NA,NA,NA,NA,NA,NA,NA,NA,NA,NA,NA,NA,NA,NA,NA,0,0,0,0,0,0,0,0,0,0,0,0
414,"KWT","Kuwait",11221.4292069658,11221.4292069658,11221.4292069658,11221.4292069658,11221.4292069658,11221.4292069658,11221.4292069658,11221.4292069658,11221.4292069658,11221.4292069658,11221.4292069658,11221.4292069658,11221.4292069658,11221.4292069658,11221.4292069658,11221.4292069658,11221.4292069658,11221.4292069658,11221.4292069658,11221.4292069658,11221.4292069658,11221.4292069658,11221.4292069658,11221.4292069658,11221.4292069658,11221.4292069658,11221.4292069658,11221.4292069558,11221.4292069558,11221.4292069558,11221.4292069558
417,"KGZ","Kyrgyzstan",NA,NA,0,0,0,0,0,0,0,0,0,0,0,0,0,0,0,0,0,0,0,0,0,0,0,0,0,0,0,0,0
418,"LAO","Laos",0,0,0,0,0,0,0,0,0,0,0,0,0,0,0,0,0,0,0,0,0,0,0,0,0,0,0,0,0,0,0
428,"LVA","Latvia",28280.4597094507,28280.4597094507,28280.4597094507,28280.4597094507,28280.4597094507,28280.4597094507,28280.4597094507,28280.4597094507,28280.4597094507,28280.4597094507,28280.4597094507,28280.4597094507,28280.4597094508,28280.4597086064,28280.4597086064,28280.4597086064,28280.4597086064,28280.4597086064,28280.4597086064,28280.4597071505,28280.4597071505,28280.4597071042,28280.4597071042,28280.4597071042,28280.4597081087,28280.4597081087,28280.4597081087,28280.4597081087,28280.4597081087,28280.4597081087,28280.4597081087
422,"LBN","Lebanon",20236.898128547,20236.898128547,20236.898128547,20236.898128547,20236.898128547,20236.898128547,20236.898128547,20236.898128547,20236.898128547,20236.898128547,20236.898128547,20236.898128547,20236.898128547,20236.898128547,20236.898128547,20236.898128547,20236.898128547,20236.898128547,20236.898128547,20236.898128547,20236.898128547,20236.898128547,20236.898128547,20236.898128547,20236.898128547,20236.898128547,20236.898128547,20236.898128547,20236.898128547,20236.898128547,20236.898128547
426,"LSO","Lesotho",0,0,0,0,0,0,0,0,0,0,0,0,0,0,0,0,0,0,0,0,0,0,0,0,0,0,0,0,0,0,0
430,"LBR","Liberia",253451.941762074,253451.941762074,253451.941762074,253451.941762074,253451.941762074,253451.941762074,253451.941762074,253451.941762074,253451.941762074,253451.941762074,253451.941762074,253451.941762074,253451.941762074,253451.941762074,253451.941761905,253451.941761905,253451.941761905,253451.941761895,253451.941761895,253451.941761895,253451.941761895,253451.941761895,253451.941761895,253451.941761895,253451.941761895,253451.941761895,253451.941761895,253451.941761895,253451.941761895,253451.941761895,253451.941761895
434,"LBY","Libya",365463.872120981,365463.872120981,365463.872120981,365463.872121016,365463.872121016,365463.872121016,365463.872121016,365463.872121016,365463.872121016,365463.872121016,365463.872121016,365463.872121016,365463.872121016,365463.872121016,365463.872121016,365463.872121016,365463.872121016,365463.872121016,365463.872121016,365463.872121016,365463.872121016,365463.872121016,365463.872121016,365463.872121016,365463.872121016,365463.872121016,365463.872121016,365463.872121016,365463.872121016,365463.872121016,365463.872121016
438,"LIE","Liechtenstein",0,0,0,0,0,0,0,0,0,0,0,0,0,0,0,0,0,0,0,0,0,0,0,0,0,0,0,0,0,0,0
440,"LTU","Lithuania",6811.28721254807,6811.28721254807,6811.28721254807,6811.28721254807,6811.28721254807,6811.28721254807,6811.28721254807,6811.28721254807,6811.28721254807,6811.28721254807,6811.28721254807,6811.28721254807,6811.28721254807,6811.28721254807,6811.28721254807,6811.28721258177,6811.28721237416,6811.28721237416,6811.28721237416,6811.28721237416,6811.28721225149,6811.28721243315,6811.28721243315,6811.28721243315,6811.28721243315,6811.28720921595,6811.28720953747,6811.28720953747,6811.28720953747,6811.28720953747,6811.28720953747
442,"LUX","Luxembourg",0,0,0,0,0,0,0,0,0,0,0,0,0,0,0,0,0,0,0,0,0,0,0,0,0,0,0,0,0,0,0
446,"MAC","Macao",0,0,0,0,0,0,0,0,0,0,0,0,0,0,0,0,0,0,0,0,0,0,0,0,0,0,0,0,0,0,0
450,"MDG","Madagascar",1245996.55493446,1245996.55493446,1245996.55493446,1245996.55493446,1245996.55493446,1245996.55493446,1245996.55493446,1245996.55493446,1245996.5549345,1245996.5549345,1245996.5549345,1245996.5549345,1245996.5549345,1245996.5549345,1245996.5549345,1245996.5549345,1245996.5549345,1245996.55493449,1245996.55493449,1245996.55493458,1245996.5549346,1245996.55493463,1245996.55493459,1245996.55493456,1245996.55493456,1245996.55493456,1245996.55493456,1245996.55493456,1245996.55493477,1245996.55493477,1245996.55493477
454,"MWI","Malawi",0,0,0,0,0,0,0,0,0,0,0,0,0,0,0,0,0,0,0,0,0,0,0,0,0,0,0,0,0,0,0
458,"MYS","Malaysia",514194.181654264,514194.181654264,514194.181654264,514194.181654274,514194.181654274,514194.181654264,514194.181654264,514194.181654166,514194.181654166,514194.181654166,514194.181654165,514194.181654165,514194.181654165,514194.181654165,514194.181654113,514194.181654113,514194.181654168,514194.181654168,514194.181654168,514194.18165415,514194.18165415,514194.18165415,514194.18165415,514194.18165415,514194.18165415,514194.18165415,514194.18165415,514194.18165415,514194.18165415,514194.18165415,514194.18165415
462,"MDV","Maldives",926876.571233934,926876.571233934,926876.571233934,926876.571233934,926876.571233934,926876.571233934,926876.571233935,926876.571233935,926876.571233935,926876.571233935,926876.571233932,926876.571233932,926876.571233932,926876.571233932,926876.571233932,926876.571233933,926876.571233933,926876.571233933,926876.571233933,926876.571233933,926876.571233932,926876.571233932,926876.571233932,926876.571233941,926876.571233941,926876.571233941,926876.571233941,926876.571233941,926876.571233941,926876.571233941,926876.571233941
466,"MLI","Mali",0,0,0,0,0,0,0,0,0,0,0,0,0,0,0,0,0,0,0,0,0,0,0,0,0,0,0,0,0,0,0
470,"MLT","Malta",53034.8221933423,53034.8221933489,53034.8221933489,53034.8221933489,53034.8221933489,53034.8221933489,53034.8221933489,53034.8221933489,53034.8221933489,53034.8221933489,53034.8221933489,53034.8221933489,53034.8221933489,53034.8221933519,53034.8221933519,53034.8221933467,53034.8221933443,53034.8221933885,53034.8221933754,53034.8221933754,53034.8221933754,53034.8221933426,53034.8221933426,53034.8221933427,53034.8221933427,53034.8221933427,53034.8221933427,53034.8221934465,53034.8221934465,53034.8221934533,53034.8221934533
584,"MHL","Marshall Islands",2013988.40792955,2013988.40792955,2013988.40792955,2013988.40792955,2013988.40792955,2013988.40792955,2013988.40792955,2013988.40792955,2013988.40792955,2013988.40792955,2013988.40792955,2013988.40792955,2013988.40792955,2013988.40792954,2013988.40792954,2013988.40792953,2013988.40792953,2013988.40792953,2013988.40792953,2013988.40792953,2013988.40792953,2013988.4079295,2013988.4079295,2013988.40792951,2013988.40792951,2013988.40792951,2013988.40792951,2013988.40792951,2013988.40792951,2013988.40792951,2013988.40792951
478,"MRT","Mauritania",174130.634316804,174130.634316833,174130.634316833,174130.634316833,174130.634316833,174130.634316833,174130.634316833,174130.634316833,174130.634316833,174130.634316833,174130.634316833,174130.634316683,174130.634316683,174130.634316683,174130.634316683,174130.634316683,174130.634316683,174130.634316683,174130.634316683,174130.634316683,174130.634316644,174130.634316644,174130.634316644,174130.634316644,174130.634316644,174130.634316644,174130.634316644,174130.634316644,174130.634316644,174130.634316644,174130.634316644
480,"MUS","Mauritius",2216361.53514838,2216361.53514838,2216361.53514838,2216361.53514838,2216361.53514838,2216361.53514838,2216361.53514838,2216361.53514838,2216361.53514838,2216361.53514838,2216361.53514838,2216361.53514846,2216361.53514844,2216361.53514844,2216361.53514844,2216361.53514844,2216361.53514844,2216361.53514844,2216361.53514844,2216361.53514844,2216361.53514844,2216361.53514844,2216361.53514844,2216361.53514844,2216361.53514844,2216361.53514844,2216361.53514844,2216361.53514844,2216361.53514844,2216361.53514844,2216361.53514844
484,"MEX","Mexico",3202551.86876612,3202551.86876612,3202551.86876612,3202551.86876612,3202551.86876612,3202551.86876612,3202551.86876612,3202551.8687661,3202551.8687661,3202551.8687661,3202551.86876609,3202551.86876574,3202551.86876574,3202551.86876583,3202551.86876582,3202551.8687657,3202551.86876605,3202551.86876604,3202551.86876585,3202551.86876593,3202551.86876595,3202551.86876595,3202551.86876595,3202551.868766,3202551.868766,3202551.86876599,3202551.868766,3202551.8687675,3202551.8687675,3202551.8687675,3202551.8687675
583,"FSM","Micronesia",3030239.03866656,3030239.03866656,3030239.03866656,3030239.03866656,3030239.03866656,3030239.03866656,3030239.03866656,3030239.03866656,3030239.03866656,3030239.03866656,3030239.03866656,3030239.03866656,3030239.03866656,3030239.03866656,3030239.03866656,3030239.03866656,3030239.03866656,3030239.03866656,3030239.03866656,3030239.03866656,3030239.03866656,3030239.03866656,3030239.03866656,3030239.03866656,3030239.03866656,3030239.03866656,3030239.03866656,3030239.03866656,3030239.03866656,3030239.03866656,3030239.03866656
498,"MDA","Moldova",NA,NA,0,0,0,0,0,0,0,0,0,0,0,0,0,0,0,0,0,0,0,0,0,0,0,0,0,0,0,0,0
492,"MCO","Monaco",287.781891908898,287.781891908898,287.781891908898,287.781891908898,287.781891908898,287.781891908898,287.781891908898,287.781891908898,287.781891906454,287.781891906454,287.781891906454,287.781891906454,287.781891906454,287.781891906454,287.781891906454,287.781891906454,287.781891906454,287.781891906454,287.781891906454,287.781891906454,287.781891906454,287.781891906454,287.781891906454,287.781891906454,287.781891906454,287.781891906454,287.781891906454,287.781891906454,287.781891906454,287.781891906454,287.781891906454
496,"MNG","Mongolia",0,0,0,0,0,0,0,0,0,0,0,0,0,0,0,0,0,0,0,0,0,0,0,0,0,0,0,0,0,0,0
499,"MNE","Montenegro",NA,NA,NA,NA,6387.62646307129,6387.62646307129,6387.62646307129,6387.62646308692,6387.62646308692,6387.62646308692,6387.62646308692,6387.62646308692,6387.62646308692,6387.62646308692,6387.62646308692,6387.62646308692,6387.62646308692,6387.63902997618,6387.63902997618,6387.63902996224,6387.63902998826,6387.63902998826,6387.63902998826,6387.63902998826,6387.63902998826,6387.63902998826,6387.63902998831,6387.63902998831,6387.63902998831,6387.63902998831,6387.63902998831
504,"MAR","Morocco",566711.677437581,566711.677437581,566711.677437581,566711.677437581,566711.677437581,566711.677437581,566711.677437581,566711.677437581,566711.677437581,566711.677437581,566711.677437581,566711.677437581,566711.677437581,566711.677437581,566711.677437581,566711.677437581,566711.67743758,566711.67743758,566711.67743758,566711.67743758,566711.67743758,566711.67743758,566711.67743758,566711.67743758,566711.67743758,566711.67743758,566711.67743758,566711.67743758,566711.67743758,566711.67743758,566711.67743758
508,"MOZ","Mozambique",569144.298108914,569144.298108914,569144.298108914,569144.298108914,569144.298108914,569144.298108914,569144.298108914,569144.298108914,569144.298108914,569144.298108914,569144.298108914,569144.298108914,569144.298108914,569144.298108914,569144.298108914,569144.298108914,569144.298108914,569144.298108914,569144.298108914,569144.298108914,569144.298108914,569144.298108914,569144.298108914,569144.298108914,569144.298108914,569144.298108914,569144.298108914,569144.298108914,569144.298108914,569144.298108914,569144.298108914
104,"MMR","Myanmar",500364.027066474,500364.027066474,500364.027066474,500364.027066474,500364.027066474,500364.027066474,500364.027066474,500364.027066519,500364.027066519,500364.027066519,500364.027066519,500364.027066519,500364.027066519,500364.027066519,500364.027066519,500364.027066519,500364.027066519,500364.027066519,500364.027066519,500364.027066519,500364.027066519,500364.027066519,500364.027066519,500364.027066519,500364.027066519,500364.027066519,500364.027066519,500364.027066519,500364.027066519,500364.027066519,500364.027066519
516,"NAM","Namibia",NA,564779.456285483,564779.456285483,564779.456285483,564779.456285483,564779.456285483,564779.456285483,564779.456285483,564779.456285483,564779.456285483,564779.456285483,564779.456285483,564779.456285483,564779.456285483,564779.456285483,564779.456285483,564779.456285483,564779.456285483,564779.456285483,564779.456285483,564779.456285542,564779.456285542,564779.456285542,564779.456285542,564779.456285542,564779.456285542,564779.456285542,564779.456285542,564779.456285542,564779.456285542,564779.456285542
520,"NRU","Nauru",311340.64122134,311340.64122134,311340.64122134,311340.64122134,311340.64122134,311340.64122134,311340.64122134,311340.64122134,311340.64122134,311340.64122134,311340.64122134,311340.64122134,311340.64122134,311340.64122134,311340.64122134,311340.64122134,311340.64122134,311340.64122134,311340.64122134,311340.64122134,311340.64122134,311340.64122134,311340.64122134,311340.64122134,311340.64122134,311340.64122134,311340.64122134,311340.64122134,311340.64122134,311340.64122134,311340.64122134
524,"NPL","Nepal",0,0,0,0,0,0,0,0,0,0,0,0,0,0,0,0,0,0,0,0,0,0,0,0,0,0,0,0,0,0,0
528,"NLD","Netherlands",88978.8068372365,88978.8068372365,88978.8068372441,88978.8068372247,88978.8068372248,88978.8068372248,88978.8068372887,88978.8068369412,88978.8068369413,88978.806837034,88978.8068370341,88978.8068367095,88978.8068367095,88978.8068367246,88978.8068367246,88978.8068367246,88978.8068367246,88978.8068367247,88978.8068367247,88978.8068353673,88978.8068351832,88978.8068353694,88978.8068353695,88978.8068353695,88978.8068354165,88978.8068353303,88978.8068353304,88978.8068312388,88978.806831163,88978.8068311671,88978.8068311671
540,"NCL","New Caledonia",1369844.28352725,1369844.28352726,1369844.28352726,1369844.28352726,1369844.28352724,1369844.28352726,1369844.28352726,1369844.28352726,1369844.28352726,1369844.28352726,1369844.28352726,1369844.28352728,1369844.28352728,1369844.28352728,1369844.28352728,1369844.28352728,1369844.28352728,1369844.28352728,1369844.28352728,1369844.28352723,1369844.28352728,1369844.28352728,1369844.28352728,1369844.28352728,1369844.28352727,1369844.28352201,1369844.28352201,1369844.28352201,1369844.28352201,1369844.28352201,1369844.28352201
554,"NZL","New Zealand",4385035.75041289,4385035.75041297,4385035.75041297,4385035.75041296,4385035.75041296,4385035.75041297,4385035.75041296,4385035.75041296,4385035.75041296,4385035.75041296,4385035.75041296,4385035.75041296,4385035.750413,4385035.750413,4385035.75041317,4385035.75041316,4385035.75041318,4385035.75041317,4385035.75042391,4385035.7504239,4385035.7504239,4385035.7504239,4385035.7504239,4385035.7504239,4385035.7504239,4385035.75042392,4385035.75042392,4385035.75042392,4385035.75042392,4385035.75042392,4385035.75042392
558,"NIC","Nicaragua",215107.440475397,215107.440475397,215107.440475415,215107.440475415,215107.440475415,215107.440475415,215107.440475415,215107.440475415,215107.440475415,215107.440475415,215107.440475415,215107.440475415,215107.440475427,215107.440475427,215107.440475427,215107.440475427,215107.440475427,215107.440475427,215107.440475427,215107.440475427,215107.440475427,215107.440475427,215107.440475427,215107.440475427,215107.440475427,215107.440475427,215107.440475427,215107.440475427,215107.440475427,215107.440475427,215107.440475427
562,"NER","Niger",0,0,0,0,0,0,0,0,0,0,0,0,0,0,0,0,0,0,0,0,0,0,0,0,0,0,0,0,0,0,0
566,"NGA","Nigeria",215007.784012984,215007.784012984,215007.784012984,215007.784012984,215007.784012984,215007.784012984,215007.784012984,215007.784012984,215007.784012984,215007.784012984,215007.784012984,215007.784012984,215007.784012984,215007.784012984,215007.784012984,215007.784012984,215007.784012984,215007.784012984,215007.784012984,215007.784012984,215007.784012984,215007.784012984,215007.784012984,215007.784012984,215007.784012984,215007.784012984,215007.784012984,215007.784012984,215007.784012984,215007.784012984,215007.784012984
570,"NIU","Niue",319807.37816852,319807.37816852,319807.37816852,319807.37816852,319807.37816852,319807.37816852,319807.37816852,319807.37816852,319807.37816852,319807.37816852,319807.37816852,319807.37816852,319807.37816852,319807.37816852,319807.37816852,319807.37816852,319807.37816852,319807.37816852,319807.37816852,319807.37816852,319807.37816852,319807.37816852,319807.37816852,319807.37816852,319807.37816852,319807.37816852,319807.37816852,319807.37816852,319807.37816852,319807.37816852,319807.37816852
408,"PRK","North Korea",114532.700485985,114532.700485985,114532.700485985,114532.700485985,114532.700485985,114532.700485985,114532.700485985,114532.700485985,114532.700485985,114532.700485985,114532.700485985,114532.700485985,114532.700485985,114532.700485985,114532.700485985,114532.700485985,114532.700485985,114532.700485985,114532.700485985,114532.700485985,114532.700485985,114532.700485985,114532.700485985,114532.700485985,114532.700485985,114532.700485985,114532.700485985,114532.700485985,114532.700485985,114532.700485985,114532.700485985
807,"MKD","North Macedonia",NA,NA,NA,NA,0,0,0,0,0,0,0,0,0,0,0,0,0,0,0,0,0,0,0,0,0,0,0,0,0,0,0
578,"NOR","Norway",2056741.90491549,2056741.90491549,2056741.9049155,2056741.90491553,2056741.90491552,2056741.90491552,2056741.90491563,2056741.90491556,2056741.90491553,2056741.90491553,2056741.90491552,2056741.9049156,2056741.9049156,2056741.90491556,2056741.9049156,2056741.90491557,2056741.90491549,2056741.90491549,2056741.90491551,2056741.90491552,2056741.90491496,2056741.90491509,2056741.90491509,2056741.90491509,2056741.90491482,2056741.90491483,2056741.90491478,2056741.9049067,2056741.90490676,2056741.90490677,2056741.90490677
512,"OMN","Oman",559435.565340193,559435.565340193,559435.565340193,559435.565340193,559435.565340193,559435.565340193,559435.565340193,559435.565340193,559435.565339953,559435.565339953,559435.565339953,559435.565339953,559435.565339953,559435.565339953,559435.565339953,559435.565339953,559435.565339953,559435.565339953,559435.565339953,559435.565339953,559435.565339953,559435.565339953,559435.565339953,559435.565339953,559435.565339953,559435.565339953,559435.565339953,559435.565339953,559435.565339953,559435.565339953,559435.565339953
586,"PAK","Pakistan",225410.586281628,225410.586281628,225410.586281628,225410.586281628,225410.586281628,225410.586281628,225410.586281628,225410.586281628,225410.586281628,225410.586281628,225410.586281628,225410.586281628,225410.586281659,225410.586281596,225410.586281596,225410.586281596,225410.586281596,225410.586281596,225410.586281596,225410.586281596,225410.586281596,225410.586281596,225410.586281596,225410.586281596,225410.586281596,225410.586281596,225410.586281596,225410.586281596,225410.586281596,225410.586281596,225410.586281596
585,"PLW","Palau",618830.09490564,618830.094905549,618830.094905549,618830.094905549,618830.094905549,618830.094905549,618830.094905549,618830.094905549,618830.09490552,618830.09490552,618830.094905538,618830.094905492,618830.094905491,618830.094905491,618830.094905491,618830.094905478,618830.09490548,618830.09490548,618830.094905477,618830.094905478,618830.094905478,618830.094905478,618830.094905478,618830.094905478,618830.094905478,618830.094905478,618830.094904278,618830.094904278,618830.094904278,618830.094904278,618830.094904278
591,"PAN","Panama",333408.297893184,333408.297893184,333408.297893184,333408.297893184,333408.297893184,333408.297893141,333408.297893141,333408.297893141,333408.297893141,333408.297893141,333408.297893141,333408.297893141,333408.297893141,333408.297893141,333408.297893122,333408.297893122,333408.297893122,333408.297893122,333408.297893122,333408.297893122,333408.297893122,333408.297893081,333408.297893081,333408.297893081,333408.297893081,333408.297893081,333408.297893081,333408.297893081,333408.297893081,333408.297893081,333408.297893081
598,"PNG","Papua New Guinea",2419006.94673673,2419006.94673673,2419006.94673673,2419006.94673673,2419006.94673673,2419006.94673673,2419006.94673673,2419006.94673673,2419006.94673673,2419006.94673673,2419006.94673673,2419006.94673673,2419006.94673673,2419006.94673673,2419006.94673673,2419006.94673673,2419006.94673673,2419006.94673669,2419006.94673669,2419006.94673669,2419006.94673669,2419006.94673669,2419006.94673669,2419006.94673669,2419006.94673669,2419006.94673669,2419006.94673669,2419006.94673669,2419006.94673669,2419006.94673669,2419006.94673669
600,"PRY","Paraguay",0,0,0,0,0,0,0,0,0,0,0,0,0,0,0,0,0,0,0,0,0,0,0,0,0,0,0,0,0,0,0
604,"PER","Peru",876110.434885281,876110.434885281,876110.434885281,876110.434885281,876110.434885281,876110.434885281,876110.434885281,876110.434885281,876110.434885281,876110.434885281,876110.434885281,876110.434885281,876110.434885281,876110.434885281,876110.434885281,876110.434885281,876110.434885281,876110.434885281,876110.434885281,876110.434885281,876110.434885339,876110.434885334,876110.434885349,876110.434885349,876110.434885349,876110.434885348,876110.434885348,876110.434885349,876110.434885349,876110.434885348,876110.434885348
608,"PHL","Philippines",1982985.83647201,1982985.83647202,1982985.83647202,1982985.83647203,1982985.83647203,1982985.83647204,1982985.83647202,1982985.83647195,1982985.83647195,1982985.83647194,1982985.83647199,1982985.836472,1982985.836472,1982985.836472,1982985.83647201,1982985.83647202,1982985.836472,1982985.836472,1982985.83647201,1982985.836472,1982985.836472,1982985.836472,1982985.836472,1982985.836472,1982985.83647203,1982985.83647203,1982985.83647203,1982985.8364721,1982985.8364721,1982985.8364721,1982985.8364721
616,"POL","Poland",29908.0521133776,29908.0521133776,29908.0521133776,29908.0521133776,29908.0521133776,29908.0521133776,29908.0521133776,29908.0521133776,29908.0521133776,29908.0521133776,29908.0521133776,29908.0521133776,29908.0521133776,29908.0521133776,29908.0521133776,29908.0521289594,29908.0521293317,29908.0521201889,29908.052120259,29908.052120259,29908.0521200767,29908.0521200766,29908.0521200767,29908.0521200767,29908.0521200766,29908.0521200688,29908.0521200688,29908.0521200687,29908.0521200688,29908.0521200688,29908.0521200688
620,"PRT","Portugal",1731903.92452732,1731903.92452733,1731903.92452733,1731903.92452733,1731903.92452733,1731903.92452733,1731903.92452728,1731903.92452728,1731903.9245273,1731903.92452736,1731903.92452736,1731903.92452736,1731903.92452736,1731903.92452736,1731903.92452736,1731903.92452733,1731903.92452733,1731903.92452737,1731903.92452737,1731903.92452727,1731903.92452727,1731903.92452727,1731903.92452725,1731903.92452725,1731903.92452724,1731903.92452726,1731903.92452725,1731903.92452726,1731903.92452718,1731903.92452724,1731903.92452724
634,"QAT","Qatar",31617.5445848349,31617.5445848349,31617.5445848349,31617.5445848349,31617.5445848349,31617.5445848349,31617.5445848349,31617.5445848349,31617.5445848349,31617.5445848349,31617.5445848349,31617.5445848349,31617.5445848349,31617.5445848349,31617.5445848349,31617.5445848349,31617.5445848349,31617.5445848349,31617.5445848349,31617.5445848349,31617.5445848349,31617.5445848349,31617.5445848349,31617.5445848349,31617.5445848349,31617.5445848349,31617.5445848349,31617.5445848349,31617.5445848349,31617.5445848349,31617.5445848349
178,"COG","Republic of Congo",34028.64695077,34028.64695077,34028.64695077,34028.64695077,34028.64695077,34028.64695077,34028.64695077,34028.64695077,34028.64695077,34028.64695077,34028.64695077,34028.64695077,34028.64695077,34028.64695077,34028.64695077,34028.64695077,34028.64695077,34028.64695077,34028.6469638265,34028.6469638265,34028.6469638265,34028.6469638265,34028.6469638265,34028.646963771,34028.646963771,34028.646963771,34028.646963771,34028.646963771,34028.646963771,34028.646963771,34028.646963771
642,"ROU","Romania",29610.3484622125,29610.3484622125,29610.3484622125,29610.3484622125,29610.3484622125,29610.3484622125,29610.3484622125,29610.3484622125,29610.3484622125,29610.3484622125,29610.3484622125,29610.3484622583,29610.3484622583,29610.3484622583,29610.3484622583,29610.3484622583,29610.3484622583,29610.3484622863,29610.3484616139,29610.3484616139,29610.3484616139,29610.3484616139,29610.3484615688,29610.3484615688,29610.3484615688,29610.3484615688,29610.3484615688,29610.3484610715,29610.3484610715,29610.3484610715,29610.3484610715
643,"RUS","Russia",NA,NA,7918402.66858517,7918402.66858516,7918402.66858518,7918402.6685852,7918402.66858519,7918402.66858519,7918402.66858518,7918402.66858519,7918402.6685852,7918402.66858519,7918402.6685852,7918402.6685852,7918402.6685852,7918402.6685852,7918402.6685852,7918402.6685852,7918402.6685852,7918402.6685852,7918402.66858518,7918402.66858518,7918402.66858518,7918402.66858518,7918402.66858518,7918402.66858518,7918402.66858518,7918402.66858518,7918402.66858518,7918402.66858518,7918402.66858518
646,"RWA","Rwanda",0,0,0,0,0,0,0,0,0,0,0,0,0,0,0,0,0,0,0,0,0,0,0,0,0,0,0,0,0,0,0
652,"BLM","Saint Barthelemy",4201.86816240034,4201.86816240034,4201.86816240034,4201.86816240034,4201.86816240034,4201.86816240034,4201.86816240034,4201.86816239806,4201.86816239806,4201.86816239806,4201.86816239806,4201.86816239806,4201.86816239806,4201.86816239806,4201.86816239806,4201.86816239806,4201.86816239806,4201.86816239806,4201.86816239806,4201.86816239806,4201.86816239806,4201.86816268544,4201.86816268544,4201.86816268544,4201.86816268544,4201.86816268544,4201.86816268544,4201.86816268544,4201.86816268544,4201.86816268544,4201.86816268544
659,"KNA","Saint Kitts and Nevis",9554.89619486892,9554.89619486892,9554.89619486892,9554.89619486892,9554.89619486892,9554.89619486892,9554.89619486892,9554.89619486892,9554.89619486892,9554.89619486892,9554.89619486892,9554.89619486892,9554.89619486892,9554.89619486892,9554.89619486892,9554.89619486892,9554.89619486892,9554.89619486892,9554.89619486892,9554.89619486892,9554.89619486892,9554.89619486892,9554.89619486892,9554.89619486892,9554.89619486892,9554.89619486892,9554.89619486892,9554.89619488241,9554.89619488241,9554.89619488241,9554.89619488241
662,"LCA","Saint Lucia",15504.6346341835,15504.6346341835,15504.6346341835,15504.6346341835,15504.6346341835,15504.6346341835,15504.6346342123,15504.6346342123,15504.6346342123,15504.6346343229,15504.6346343229,15504.6346343229,15504.6346343229,15504.6346343229,15504.6346343229,15504.6346343229,15504.6346343229,15504.6346343229,15504.6346343229,15504.6346343229,15504.6346343229,15504.6346343229,15504.6346343229,15504.6346343229,15504.6346343229,15504.6346343229,15504.6346343229,15504.6346343229,15504.6346343229,15504.6346343229,15504.6346343229
670,"VCT","Saint Vincent and the Grenadines",36462.0612917963,36462.0612917963,36462.0612917963,36462.0612917963,36462.0612917963,36462.0612917963,36462.0612917963,36462.0612917963,36462.0612917963,36462.0612917963,36462.0612917963,36462.0612917963,36462.0612917963,36462.0612917963,36462.0612917963,36462.0612917963,36462.0612917963,36462.0612917963,36462.0612917963,36462.0612917963,36462.0612917963,36462.0612917963,36462.0612917963,36462.0612917963,36462.0612917963,36462.0612917963,36462.0612917963,36462.0612917963,36462.0612917963,36462.0612917963,36462.0612917963
882,"WSM","Samoa",131263.310351144,131263.310351162,131263.310351162,131263.310351162,131263.310351162,131263.310351162,131263.310351162,131263.31035114,131263.310351185,131263.310351142,131263.310351181,131263.310351163,131263.310351154,131263.310351117,131263.310351117,131263.310351123,131263.310351123,131263.31035112,131263.310351123,131263.310351123,131263.310351123,131263.310351123,131263.310351123,131263.310351123,131263.310351123,131263.310351123,131263.310351123,131263.310351123,131263.310351123,131263.310351123,131263.310351123
674,"SMR","San Marino",0,0,0,0,0,0,0,0,0,0,0,0,0,0,0,0,0,0,0,0,0,0,0,0,0,0,0,0,0,0,0
678,"STP","Sao Tome and Principe",166489.39048201,166489.39048201,166489.39048201,166489.39048201,166489.39048201,166489.39048201,166489.39048201,166489.39048201,166489.39048201,166489.39048201,166489.39048201,166489.39048201,166489.39048201,166489.39048201,166489.39048201,166489.39048201,166489.39048201,166489.39048201,166489.39048201,166489.39048201,166489.39048201,166489.39048201,166489.39048201,166489.39048201,166489.39048201,166489.39048201,166489.39048201,166489.39048201,166489.39048201,166489.39048201,166489.39048201
682,"SAU","Saudi Arabia",225409.925715772,225409.925715772,225409.925715772,225409.925715772,225409.925715772,225409.925715772,225409.925715772,225409.925715772,225409.925715772,225409.925715772,225409.925715772,225409.925715772,225409.925715772,225409.925715772,225409.925715772,225409.925715772,225409.925715772,225409.925715772,225409.925715772,225409.925715772,225409.925715772,225409.925715772,225409.925715772,225409.925715772,225409.925715772,225409.925715772,225409.925715772,225409.925715772,225409.925715772,225409.925715772,225409.925715772
686,"SEN","Senegal",223387.408745294,223387.408745294,223387.408745294,223387.408745294,223387.408745294,223387.408745294,223387.408745294,223387.408745294,223387.408745294,223387.408745294,223387.408745294,223387.408745294,223387.408745294,223387.408745294,223387.408745294,223387.408745231,223387.408745231,223387.408745231,223387.408745231,223387.408745231,223387.408745231,223387.408745231,223387.408745231,223387.408745231,223387.408745231,223387.408745231,223387.408745231,223387.408745231,223387.408745307,223387.408745307,223387.408745307
688,"SRB","Serbia",NA,NA,NA,NA,NA,NA,NA,NA,NA,NA,NA,NA,NA,NA,NA,NA,NA,0,0,0,0,0,0,0,0,0,0,0,0,0,0
690,"SYC","Seychelles",1350245.09487222,1350245.09487222,1350245.09487221,1350245.09487221,1350245.09487221,1350245.09487221,1350245.09487221,1350245.09487221,1350245.09487166,1350245.09487166,1350245.09487166,1350245.09487166,1350245.09487166,1350245.09487166,1350245.09487166,1350245.09487166,1350245.09487166,1350245.09487166,1350245.09487166,1350245.09487166,1350245.09487166,1350245.09487159,1350245.09487159,1350245.09487159,1350245.09487159,1350245.09487159,1350245.09487159,1350245.09487159,1350245.09487159,1350245.09487159,1350245.09487159
694,"SLE","Sierra Leone",161631.583992369,161631.583992369,161631.583992369,161631.583992369,161631.583992369,161631.583992369,161631.583992369,161631.583992369,161631.583992369,161631.583992369,161631.583992473,161631.583992473,161631.583992473,161631.583992473,161631.583992473,161631.583992473,161631.583992473,161631.583992473,161631.583992473,161631.583992473,161631.583992473,161631.583992473,161631.583992473,161631.583992394,161631.583992394,161631.583992394,161631.583992394,161631.583992394,161631.583992394,161631.583992394,161631.583992394
702,"SGP","Singapore",718.916858878383,718.916858878383,718.916858878383,718.916858878383,718.916858878383,718.916858878383,718.916858878383,718.916858878383,718.916858878383,718.916858878383,718.916858878383,718.916858878383,718.916858878383,718.916858878383,718.916858878383,718.916858878383,718.916858878383,718.916858878383,718.916858878383,718.916858878383,718.916858878383,718.916858878383,718.916858878383,718.916858878383,718.916858878383,718.916858878383,718.916858878383,718.916858878383,718.916858878383,718.916858878383,718.916858878383
534,"SXM","Sint Maarten",468.529688604975,468.529688604975,468.529688604975,468.529688604975,468.529688604975,468.529688604975,468.529688604975,468.529688604975,468.529688604975,468.529688604975,468.529688604975,468.529688604975,468.529688604975,468.529688604975,468.529688604975,468.529688604975,468.529688604975,468.529688604975,468.529688604975,468.529688604975,468.529688604975,468.529688604975,468.529688604975,468.529688604975,468.529688604975,468.529688604975,468.529688604975,468.529688604975,468.529688604975,468.529688604975,468.529688604975
703,"SVK","Slovakia",NA,NA,NA,0,0,0,0,0,0,0,0,0,0,0,0,0,0,0,0,0,0,0,0,0,0,0,0,0,0,0,0
705,"SVN","Slovenia",214.344850620056,214.34485087731,214.344850872893,214.344850872893,214.344850872894,214.344850872894,214.344850872894,214.344850872894,214.344850872894,214.344850872894,214.344850872894,214.344850872894,214.344850872894,214.344850872894,214.344850872894,214.344850812278,214.344850812278,214.344850812278,214.344850812278,214.344850812278,214.344850812278,214.344850812278,214.344850812278,214.344850812278,214.344850789443,214.344850789443,214.344850789443,214.344850789443,214.344850789443,214.344850789443,214.344850789443
90,"SLB","Solomon Islands",1615380.25537942,1615380.25537942,1615380.25537942,1615380.25537942,1615380.25537942,1615380.25537941,1615380.25537937,1615380.25537937,1615380.25537937,1615380.25537938,1615380.25537938,1615380.25537938,1615380.25537938,1615380.25537938,1615380.25537941,1615380.25537939,1615380.25537941,1615380.25537945,1615380.25537927,1615380.25537932,1615380.25537932,1615380.25537932,1615380.25537932,1615380.25537932,1615380.25537932,1615380.25537932,1615380.25537932,1615380.25537932,1615380.25537932,1615380.25537932,1615380.25537932
706,"SOM","Somalia",837521.932121939,837521.932121939,837521.932121939,837521.932121939,837521.932121939,837521.932121939,837521.932121939,837521.932121939,837521.932121939,837521.932121939,837521.932121939,837521.932121939,837521.932121939,837521.932121939,837521.932121939,837521.932121939,837521.932121939,837521.932121939,837521.932121939,837521.932121939,837521.932121939,837521.932121939,837521.932121939,837521.932121939,837521.932121939,837521.932121939,837521.932121939,837521.932121939,837521.932121939,837521.932121939,837521.932121939
710,"ZAF","South Africa",2115024.61496189,1550244.4691471,1550244.4691471,1550244.46914711,1550244.46914711,1550244.46914711,1550244.46914711,1550244.46914711,1550244.46914711,1550244.46914711,1550244.46914711,1550244.46914689,1550244.46914695,1550244.46914695,1550244.46914695,1550244.46914711,1550244.46914711,1550244.46914712,1550244.46914711,1550244.46914695,1550244.46914695,1550244.46914695,1550244.46914679,1550244.46914679,1550244.46914692,1550244.46914692,1550244.46914692,1550244.46914692,1550244.46914692,1550244.46914692,1550244.46914902
410,"KOR","South Korea",432999.293232676,432999.293232676,432999.293232665,432999.293232665,432999.293232665,432999.293232665,432999.293232665,432999.293232665,432999.293232701,432999.293232701,432999.29323277,432999.293232881,432999.293232868,432999.293232887,432999.293233189,432999.293233214,432999.293233273,432999.293233192,432999.293233266,432999.293233353,432999.293233338,432999.293233262,432999.293233178,432999.293233282,432999.293233308,432999.293233356,432999.293233343,432999.293233311,432999.293233308,432999.293233507,432999.293233507
728,"SSD","South Sudan",NA,NA,NA,NA,NA,NA,NA,NA,NA,NA,NA,NA,NA,NA,NA,NA,NA,NA,NA,NA,NA,NA,0,0,0,0,0,0,0,0,0
724,"ESP","Spain",1013044.19671055,1013044.19671055,1013044.19671054,1013044.19671054,1013044.19671054,1013044.19671054,1013044.19671053,1013044.19671053,1013044.1967105,1013044.19671045,1013044.19671052,1013044.19671027,1013044.19671035,1013044.19671034,1013044.19671043,1013044.19671038,1013044.19671039,1013044.19671043,1013044.19671052,1013044.19671053,1013044.19671053,1013044.19671053,1013044.19671052,1013044.19671052,1013044.19671053,1013044.1967107,1013044.19671069,1013044.19671075,1013044.19671075,1013044.19671072,1013044.19671072
144,"LKA","Sri Lanka",537041.829862698,537041.829862698,537041.829862698,537041.829862698,537041.829862698,537041.829862698,537041.829862698,537041.829862698,537041.829862698,537041.829862698,537041.829862698,537041.829862698,537041.829862696,537041.829862696,537041.829862699,537041.829862699,537041.829862699,537041.829862699,537041.829862699,537041.829862699,537041.829862699,537041.829862712,537041.829862712,537041.829862712,537041.829862712,537041.829862712,537041.829862712,537041.829862712,537041.829862712,537041.829862712,537041.829862712
275,"PSE","State of Palestine",1123.59848515563,1123.59848515563,1123.59848515563,1123.59848515563,1123.59848515563,1123.59848515563,1123.59848515563,1123.59848515563,1123.59848515563,1123.59848515563,1123.59848515563,1123.59848515563,1123.59848515563,1123.59848515563,1123.59848515563,1123.59848515563,1123.59848515563,1123.59848515563,1123.59848515563,1123.59848515563,1123.59848515563,1123.59848515563,1123.59848515563,1123.59848515563,1123.59848515563,1123.59848515563,1123.59848515563,1123.59848515563,1123.59848515563,1123.59848515563,1123.59848515563
729,"SDN","Sudan",82980.095822308,82980.095822308,82980.095822308,82980.095822308,82980.095822308,82980.095822308,82980.095822308,82980.095822308,82980.095822308,82980.095822308,82980.095822308,82980.095822308,82980.095822308,82980.095822308,82980.095822308,82980.095822308,82980.095822308,82980.095822308,82980.095822308,82980.095822308,82980.0958224895,82980.0958224895,82980.0958224895,82980.0958224895,82980.0958224895,82980.0958224895,82980.0958224895,82980.0958224895,82980.0958224895,82980.0958224895,82980.0958224895
740,"SUR","Suriname",134172.733097515,134172.733097515,134172.733097515,134172.733097515,134172.733097515,134172.733097515,134172.733097515,134172.733097515,134172.733097515,134172.733097515,134172.733097515,134172.733097515,134172.733097515,134172.733097515,134172.733097515,134172.733097515,134172.733097515,134172.733097515,134172.733097515,134172.733097515,134172.733097515,134172.733097515,134172.733097515,134172.733097515,134172.733097515,134172.733097515,134172.733097515,134172.733097515,134172.733097515,134172.733097515,134172.733097515
752,"SWE","Sweden",155243.666770318,155243.66677034,155243.666770314,155243.666770282,155243.666770284,155243.666770346,155243.666770312,155243.666770225,155243.666770189,155243.66677019,155243.666770227,155243.666770346,155243.666770247,155243.66677021,155243.666770218,155243.666770163,155243.666770116,155243.666769842,155243.6667698,155243.666769676,155243.666770193,155243.666770163,155243.666769372,155243.666769752,155243.666769789,155243.66676976,155243.666769928,155243.666770085,155243.666770145,155243.666770195,155243.666770198
756,"CHE","Switzerland",0,0,0,0,0,0,0,0,0,0,0,0,0,0,0,0,0,0,0,0,0,0,0,0,0,0,0,0,0,0,0
760,"SYR","Syria",10293.2000706309,10293.2000706309,10293.2000706309,10293.2000706309,10293.2000706309,10293.2000706309,10293.2000706309,10293.2000706189,10293.2000706189,10293.2000706212,10293.2000706385,10293.2000706385,10293.2000706385,10293.2000706385,10293.2000706385,10293.2000706385,10293.2000706385,10293.2000706385,10293.2000706385,10293.2000706385,10293.2000706385,10293.2000706385,10293.2000706385,10293.2000706385,10293.2000706385,10293.2000706385,10293.2000706385,10293.2000706385,10293.2000706385,10293.2000706385,10293.2000706385
158,"TWN","Taiwan",431301.37431589,431301.37431589,431301.37431589,431301.37431589,431301.37431589,431301.37431589,431301.374315891,431301.37431589,431301.37431589,431301.37431589,431301.37431589,431301.37431589,431301.374315868,431301.374315847,431301.374315847,431301.374315847,431301.374315847,431301.374315847,431301.374315846,431301.374315846,431301.374315846,431301.374315846,431301.374315846,431301.374315846,431301.374315846,431301.374315782,431301.374315782,431301.374315782,431301.374315782,431301.374315782,431301.374315782
762,"TJK","Tajikistan",NA,NA,0,0,0,0,0,0,0,0,0,0,0,0,0,0,0,0,0,0,0,0,0,0,0,0,0,0,0,0,0
834,"TZA","Tanzania",243154.803943164,243154.803943164,243154.803943164,243154.803943164,243154.803943164,243154.803943158,243154.803943158,243154.803943158,243154.80394314,243154.80394314,243154.80394314,243154.803942521,243154.803942521,243154.803942521,243154.803942521,243154.803942521,243154.803942521,243154.803942521,243154.803942521,243154.803942521,243154.803942521,243154.803942521,243154.803942521,243154.803942521,243154.803942521,243154.803942521,243154.803942521,243154.803942521,243154.803942521,243154.803942521,243154.803942521
764,"THA","Thailand",300590.871608157,300590.87160817,300590.87160817,300590.87160817,300590.87160817,300590.87160817,300590.87160817,300590.87160817,300590.87160817,300590.87160817,300590.871608188,300590.871608188,300590.871608126,300590.871608096,300590.871608096,300590.871608096,300590.871608096,300590.871608096,300590.871608096,300590.871608123,300590.871608123,300590.871608123,300590.871608123,300590.871608123,300590.871608062,300590.871608062,300590.871608062,300590.871608062,300590.871608062,300590.871608062,300590.871608062
626,"TLS","Timor-Leste",NA,NA,NA,NA,NA,NA,NA,NA,NA,NA,NA,NA,NA,77958.8229997699,77958.8229997699,77958.8229997699,77958.8229997699,77958.8229997699,77958.8229997699,77958.8229997699,77958.8229997699,77958.8229997699,77958.8229997699,77958.8229997699,77958.8229997699,77958.8229997699,77958.8229997699,77958.8229997587,77958.8229997587,77958.8229997587,77958.8229997587
768,"TGO","Togo",15542.8348790826,15542.8348790826,15542.8348790826,15542.8348790826,15542.8348790826,15542.8348790826,15542.8348790826,15542.8348790826,15542.8348790826,15542.8348790826,15542.8348790826,15542.8348790826,15542.8348790826,15542.8348790826,15542.8348790826,15542.8348790826,15542.8348790826,15542.8348790826,15542.8348790826,15542.8348790826,15542.8348790826,15542.8348790826,15542.8348790826,15542.8348790826,15542.8348790826,15542.8348790826,15542.8348790826,15542.8348790826,15542.8348790826,15542.8348790826,15542.8348790826
776,"TON","Tonga",669463.811245438,669463.811245438,669463.811245438,669463.811245438,669463.811245438,669463.811245438,669463.811245438,669463.811245438,669463.811245438,669463.811245438,669463.811245438,669463.811245438,669463.811245438,669463.811245438,669463.811245438,669463.811245438,669463.811245438,669463.811245439,669463.811245385,669463.811245385,669463.811245385,669463.811245385,669463.811245385,669463.811245385,669463.811245385,669463.811245385,669463.811245385,669463.811245385,669463.811245385,669463.811245385,669463.811245385
780,"TTO","Trinidad and Tobago",80670.3983816517,80670.3983816517,80670.3983816517,80670.3983816517,80670.3983816517,80670.3983816517,80670.3983816517,80670.3983816517,80670.3983816517,80670.3983816517,80670.3983816517,80670.3983816517,80670.3983816517,80670.3983816517,80670.3983816517,80670.3983816517,80670.3983816991,80670.3983816991,80670.3983816991,80670.3983816991,80670.3983816991,80670.3983816991,80670.3983816991,80670.3983816991,80670.3983816991,80670.3983816991,80670.3983816991,80670.3983816991,80670.3983816991,80670.3983816991,80670.3983816991
788,"TUN","Tunisia",99943.281042808,99943.281042808,99943.281042808,99943.281042808,99943.281042808,99943.281042808,99943.281042808,99943.281042808,99943.281042808,99943.281042808,99943.281042808,99943.281042808,99943.281042808,99943.281042808,99943.281042808,99943.281042808,99943.281042808,99943.281042808,99943.2810428098,99943.2810428098,99943.2810428098,99943.2810428098,99943.2810428098,99943.2810428112,99943.2810428112,99943.2810428112,99943.2810428112,99943.2810428112,99943.2810428112,99943.2810428112,99943.2810428112
792,"TUR","Turkey",262415.011367169,262415.011367169,262415.011367169,262415.011367169,262415.011367169,262415.011367169,262415.011367169,262415.011367169,262415.011367169,262415.011367169,262415.011367169,262415.011367169,262415.011367169,262415.011367169,262415.011367169,262415.011367169,262415.011367169,262415.011367169,262415.011367169,262415.011367169,262415.011367169,262415.011367169,262415.011367169,262415.011367169,262415.011367169,262415.011367169,262415.011367169,262415.011367169,262415.011367169,262415.011367169,262415.011367169
795,"TKM","Turkmenistan",NA,NA,61306.1701789308,61306.1701789308,61306.1701789308,61306.1701789308,61306.1701789308,61306.1701789308,61306.1701789308,61306.1701789308,61306.1701789308,61306.1701789308,61306.1701789308,61306.1701789308,61306.1701789308,61306.1701789308,61306.1701789308,61306.1701789308,61306.1701789308,61306.1701790708,61306.1701790708,61306.1701790708,61306.1701790708,61306.1701790708,61306.1701790708,61306.1701790708,61306.1701790708,61306.1701790708,61306.1701790708,61306.1701790708,61306.1701790708
796,"TCA","Turks and Caicos Islands",91455.6660030868,91455.6660030868,91455.6660030868,91455.6660030739,91455.6660030739,91455.6660030739,91455.6660030739,91455.6660030739,91455.6660030739,91455.6660030739,91455.6660030739,91455.6660030739,91455.6660030739,91455.6660030739,91455.6660030739,91455.6660030739,91455.6660030739,91455.6660030739,91455.6660030739,91455.6660030739,91455.6660030739,91455.6660030739,91455.6660030739,91455.6660030739,91455.6660030739,91455.6660030739,91455.6660030739,91455.6660030739,91455.6660030739,91455.6660030739,91455.6660030739
798,"TUV","Tuvalu",758006.463039752,758006.463039752,758006.463039752,758006.463039752,758006.463039752,758006.463039752,758006.463039752,758006.463039752,758006.463039752,758006.463039752,758006.463039752,758006.463039752,758006.463039752,758006.463039752,758006.463039752,758006.463039752,758006.463039752,758006.463039752,758006.463039752,758006.463039752,758006.463039752,758006.463039752,758006.463039752,758006.463039752,758006.463039752,758006.463039752,758006.463039752,758006.463039752,758006.463039752,758006.463039752,758006.463039752
800,"UGA","Uganda",0,0,0,0,0,0,0,0,0,0,0,0,0,0,0,0,0,0,0,0,0,0,0,0,0,0,0,0,0,0,0
804,"UKR","Ukraine",NA,NA,136251.953958836,136251.953958836,136251.953958818,136251.953958818,136251.953958791,136251.95395898,136251.953958978,136251.953958994,136251.953958994,136251.953958994,136251.953958994,136251.953958994,136251.953958994,136251.953958982,136251.953958982,136251.953958982,136251.953958982,136251.953958982,136251.953958982,136251.953958982,136251.953958982,136251.953958982,136251.953958982,136251.953958982,136251.953958982,136251.953958982,136251.953958982,136251.953958982,136251.953958982
784,"ARE","United Arab Emirates",58215.0199042279,58215.0199042279,58215.0199042279,58215.0199042279,58215.0199042279,58215.0199042279,58215.0199042147,58215.0199042147,58215.0199042147,58215.0199042147,58215.0199042147,58215.0199042147,58215.0199042147,58215.0199042147,58215.0199042147,58215.0199042147,58215.0199042147,58215.0199042147,58215.0199042244,58215.0199042244,58215.0199042494,58215.0199042494,58215.0199042494,58215.0199042494,58215.0199042494,58215.0199042473,58215.0199042473,58215.0199042456,58215.0199042456,58215.0199042456,58215.0199042456
826,"GBR","United Kingdom",4485875.43115918,4485875.43115921,4485875.43115917,4485875.43115929,4485875.43115926,4485875.43115922,4485875.43115919,4485875.4311592,4485875.43115919,4485875.43115919,4485875.43115918,4485875.43115919,4485875.43115902,4485875.43115889,4485875.43115891,4485875.43115908,4485875.43115911,4485875.43115912,4485875.43115914,4485875.43115811,4485875.4311581,4485875.43115857,4485875.43115798,4485875.43115821,4485875.43115299,4485875.43075359,4485875.43075365,4485875.43078079,4485875.43083746,4485875.4308382,4485875.43083791
840,"USA","United States of America",12223848.7370916,12223848.7370724,12223848.7370751,12223848.7370658,12223848.7370633,12223848.737066,12223848.7370632,12223848.7370663,12223848.7370622,12223848.737063,12223848.737063,12223848.7370618,12223848.7370638,12223848.7370642,12223848.7370638,12223848.7370644,12223848.7370645,12223848.7370708,12223848.737071,12223848.7370632,12223848.7370523,12223848.7370522,12223848.737052,12223848.7370558,12223848.7370525,12223848.7370522,12223848.7370522,12223848.7370523,12223848.7370523,12223848.7370523,12223848.7370523
858,"URY","Uruguay",184899.920662633,184899.920662633,184899.920662633,184899.920662633,184899.920662633,184899.920662633,184899.920662633,184899.920662633,184899.920662633,184899.920662633,184899.920662633,184899.920662633,184899.920662633,184899.920662633,184899.920662633,184899.920662633,184899.920662633,184899.920662633,184899.920662633,184899.920662633,184899.92066272,184899.92066272,184899.920662698,184899.920662698,184899.920662698,184899.920662491,184899.920662491,184899.920662491,184899.920662491,184899.920662491,184899.920662491
860,"UZB","Uzbekistan",NA,NA,0,0,0,0,0,0,0,0,0,0,0,0,0,0,0,0,0,0,0,0,0,0,0,0,0,0,0,0,0
548,"VUT","Vanuatu",815191.176346745,815191.176346745,815191.176346735,815191.176346735,815191.176346729,815191.17634674,815191.176346127,815191.176346127,815191.176346127,815191.176346127,815191.176346127,815191.176346127,815191.176346189,815191.176346189,815191.176346189,815191.176346189,815191.176346189,815191.176346189,815191.176346189,815191.176346189,815191.176346189,815191.176346189,815191.176346189,815191.176346189,815191.176346189,815191.176346189,815191.176346189,815191.176346189,815191.176346189,815191.176346189,815191.176346189
862,"VEN","Venezuela",482164.681803994,482164.681803994,482164.681803997,482164.681803087,482164.681803087,482164.681803087,482164.681803087,482164.681803117,482164.681803117,482164.681803117,482164.681803117,482164.681803117,482164.681803117,482164.681803117,482164.681803117,482164.681803117,482164.681803117,482164.681803117,482164.681803117,482164.681803117,482164.681803117,482164.681803117,482164.681803117,482164.681803117,482164.681803117,482164.681803117,482164.681803117,482164.681803117,482164.681803117,482164.681803117,482164.681803117
704,"VNM","Viet Nam",755607.922466328,755607.922466328,755607.922466328,755607.922466328,755607.922466328,755607.922466328,755607.922466328,755607.922466328,755607.922466328,755607.922466328,755607.922466356,755607.922466356,755607.922466356,755607.922466471,755607.922466492,755607.922466492,755607.922466493,755607.922466493,755607.922466492,755607.922466492,755607.922466493,755607.922466493,755607.922466492,755607.922466492,755607.922466579,755607.922466557,755607.922466579,755607.922466579,755607.922466579,755607.922466579,755607.922466579
876,"WLF","Wallis and Futuna Islands",264345.854685808,264345.854685808,264345.854685808,264345.854685808,264345.854685808,264345.854685808,264345.854685808,264345.854685808,264345.854685808,264345.854685808,264345.854685808,264345.854685808,264345.854685808,264345.854685808,264345.854685808,264345.854685808,264345.854685808,264345.854685808,264345.854685808,264345.854685808,264345.854685808,264345.854685808,264345.854685808,264345.854685808,264345.854685808,264345.854685808,264345.854685808,264345.854685808,264345.854685808,264345.854685808,264345.854685808
732,"ESH","Western Sahara",285373.796081356,285373.796081356,285373.796081356,285373.796081356,285373.796081356,285373.796081356,285373.796081356,285373.796081356,285373.796081356,285373.796081356,285373.796081356,285373.796081356,285373.796081356,285373.796081356,285373.796081356,285373.796081356,285373.796081356,285373.796081356,285373.796081356,285373.796081356,285373.796081356,285373.796081356,285373.796081356,285373.796081356,285373.796081356,285373.796081356,285373.796081356,285373.796081356,285373.796081356,285373.796081356,285373.796081356
887,"YEM","Yemen",530578.621391526,530578.509809479,530578.509809479,530578.509809479,530578.509809479,530578.509809479,530578.509809479,530578.50980946,530578.50980946,530578.50980946,530578.50980946,530578.50980946,530578.50980946,530578.50980946,530578.50980946,530578.50980946,530578.50980946,530578.50980946,530578.509809431,530578.509809431,530578.509809431,530578.509809431,530578.509809431,530578.509809431,530578.509809431,530578.509809431,530578.509809431,530578.509809431,530578.509809431,530578.509809431,530578.509809431
894,"ZMB","Zambia",0,0,0,0,0,0,0,0,0,0,0,0,0,0,0,0,0,0,0,0,0,0,0,0,0,0,0,0,0,0,0
716,"ZWE","Zimbabwe",0,0,0,0,0,0,0,0,0,0,0,0,0,0,0,0,0,0,0,0,0,0,0,0,0,0,0,0,0,0,0
