"code","iso","country","EXG.raw.1994","EXG.raw.1995","EXG.raw.1996","EXG.raw.1997","EXG.raw.1998","EXG.raw.1999","EXG.raw.2000","EXG.raw.2001","EXG.raw.2002","EXG.raw.2003","EXG.raw.2004","EXG.raw.2005","EXG.raw.2006","EXG.raw.2007","EXG.raw.2008","EXG.raw.2009","EXG.raw.2010","EXG.raw.2011","EXG.raw.2012","EXG.raw.2013","EXG.raw.2014","EXG.raw.2015","EXG.raw.2016","EXG.raw.2017","EXG.raw.2018"
4,"AFG","Afghanistan",NA,NA,NA,NA,NA,NA,NA,NA,32.7798412726062,44.3689481305496,30.9215873752968,28.448347745716,25.3178084241677,19.1176988860867,26.9485914693821,22.7003233834436,18.5741706990603,21.9049520576614,18.9665412856843,19.5915817114032,15.7823773876924,11.6879840129778,5.93336084187306,5.90481551542003,NA
8,"ALB","Albania",11.983694347693,12.6408294970517,11.6203287166108,10.1971198968117,11.4671540412496,16.8417766314233,20.1152859466058,21.3334180260315,20.9456069096275,20.8474012180999,22.2175743136482,23.0129851376812,25.2096048388566,28.2478724381783,25.3024181160681,25.2407486083138,27.9794455278464,29.2415371390963,28.9374870105364,28.9163143965459,28.2130014584625,27.267390454066,28.9778991754721,31.5566528565747,31.7219721154084
12,"DZA","Algeria",22.5307252452381,26.1947759790559,29.7604483251847,30.9063113798645,22.5783540098039,28.1501164983628,42.0697183238118,36.6893047524956,35.5045331051175,38.2488291071572,40.0532264952068,47.205193239313,48.810688221487,47.0681635490012,47.9733451352038,35.3716506431356,38.4445478458848,38.7869538761133,36.8905475681754,33.2098977866243,30.2191174257954,23.1717782907161,20.8600106281793,22.6388868549416,NA
20,"AND","Andorra",NA,NA,NA,NA,NA,NA,NA,NA,NA,NA,NA,NA,NA,NA,NA,NA,NA,NA,NA,NA,NA,NA,NA,NA,NA
24,"AGO","Angola",NA,NA,NA,NA,NA,NA,89.6858311851382,75.38894373114,57.0849959046266,54.3213373807344,58.3803455316586,65.5262677696291,63.4678635039226,67.9057833724671,72.475028472181,58.7573030189496,61.5431127231538,60.6699484390186,55.9401314050625,50.7470843910637,44.6950312503076,29.7545994933756,28.1244845605591,29.0041000519815,NA
660,"AIA","Anguilla",NA,NA,NA,NA,NA,NA,NA,NA,NA,NA,NA,NA,NA,NA,NA,NA,NA,NA,NA,NA,NA,NA,NA,NA,NA
28,"ATG","Antigua and Barbuda",74.0477344103989,69.5688213835235,63.5162959469811,65.1304355491765,64.0095101646449,61.7110796727144,56.2376666275398,55.6152970859788,52.5235996412576,54.0690294724817,58.067244514115,53.3431826651277,47.3783263032118,44.3258153364696,45.6996845102791,45.8747920992245,45.4531840092761,47.0871740924054,44.8512534320228,45.7328006015742,46.3116568937456,44.3051711064869,41.5728750742569,NA,NA
32,"ARG","Argentina",7.52994872591672,9.68041025959015,10.4285967560139,10.5608501019262,10.4155819610919,9.82717451494235,10.9863752325576,11.5790080825317,28.3825969991682,25.9309429264225,23.8476194239892,23.2458767338576,23.0266946038115,22.6627503115066,22.0609003826242,19.5609850560818,18.9338234053709,18.4492091453155,16.2378594620246,14.6171733884386,14.4054785893756,10.7056520504538,12.5270951690009,11.2427213207093,14.4013571794071
51,"ARM","Armenia",39.3280393523261,23.9279208283617,23.2400035043381,20.2732693887542,19.0030199716737,20.7582469526567,23.3752591172072,25.4683994105505,29.3565730576275,32.152669630067,29.7348131660371,28.809242612927,23.3589858676515,19.1856344208336,15.0471063000578,15.4744750451275,20.830109172506,23.756853460251,27.5667218763657,28.3591264995539,28.5651387020776,29.7279964768255,33.1480049458355,37.3295085106851,37.5125429677358
533,"ABW","Aruba",NA,84.9110485901043,86.6351163703935,82.5255818363492,79.6502635437322,79.9335886452149,74.4003244390901,70.4975269130055,64.9208633093525,63.1011608623549,65.0789671596891,68.5522531160115,65.852534562212,66.1610766930143,67.7045177045177,63.7826961770624,61.0422996027109,67.8133216476775,65.2413489089707,68.5782298203852,69.8503057136833,69.6139476961395,69.8395947657239,70.8109226313612,NA
36,"AUS","Australia",18.0054664167488,17.9168848710084,18.9391943502546,19.1748110450196,19.5955769201339,18.3438927598724,19.4346594389549,22.2257207126709,20.77459420115,19.0950858969237,17.2032857977397,18.2651015697588,19.8939212990376,20.2036088949588,20.1616732338809,23.0048129381936,19.810007754315,21.4364170540906,21.4808284059974,19.9561676149363,21.0394549992806,19.9874168304202,19.2332240694877,21.180927077855,21.6848742338344
40,"AUT","Austria",32.1585338854777,33.5331403455378,34.2492761073574,37.0280827384957,38.351021186462,39.3570378852981,43.3462739519887,44.6175555179483,45.31938619858,44.57041471914,46.8672149740213,48.6197522046932,50.8416688618235,52.560869422371,53.2488606164087,45.2074165608437,51.2621603273359,53.9486708516394,53.9736761965302,53.4412932967224,53.3865790462424,53.0902634767112,52.3425868673769,53.7330889388046,54.5483893008181
31,"AZE","Azerbaijan",24.7211102215105,32.4866435467242,24.9286393910561,29.0346072254061,22.6995291518921,27.9701199968213,40.1708314787732,41.4986078711716,42.7678350515464,42.0065766459106,48.7890084640454,62.9411060091835,66.5041448400209,68.1289116905555,65.7761378471842,51.6357456848728,54.3047215353821,56.4269805307016,52.9746801915106,48.4158330755216,43.2735566584935,37.7947079906069,46.4276493913136,48.547864732761,54.2921305509467
44,"BHS","Bahamas",51.0214789812826,49.549139690872,48.0376835688556,36.8804047779975,34.6571601675345,36.4568895621607,38.0475628585261,34.0725886439131,36.175454557738,35.8102341689881,38.215231096961,38.7598869482117,38.3092773365463,40.0919541095878,39.4936348090443,34.190679986696,34.9532873206178,37.4352685331837,38.126953033907,39.9497534720915,37.8660801474816,34.9813013576656,35.8085278913403,33.6545497899211,NA
48,"BHR","Bahrain",81.1932702210151,81.9905466031894,87.9135242955814,79.07678217749,64.6036729603028,78.8672455861517,79.1805973202084,73.6106719000445,72.2176603559946,72.0630183506862,78.6051030377881,83.8940300417307,84.6376061742767,79.6795292320647,82.5774337999584,68.4655938651118,69.5373177399286,99.4177449168207,102.147254651981,104.806998357972,96.0507512478313,82.4167842971054,73.7428923680836,75.4427221529586,88.069250319005
50,"BGD","Bangladesh",9.00154364628231,10.864634213863,9.70650764952346,10.5203705573506,11.7573312287186,11.7586423857313,12.3442012279919,13.3865592080649,12.4099689322019,11.4311486959413,11.1465089461353,14.3928418979283,16.3534635652888,16.9953348464905,17.6588584820757,16.9401329056133,16.0241126856916,19.9220749554939,20.1615888634893,19.5378741103687,18.9896599950107,17.3366737865485,16.6497149603036,15.0361076278794,14.800958178109
52,"BRB","Barbados",45.2564191453466,45.9303220134081,47.0315398886827,45.5689043179779,41.5470301311101,40.8520682711036,42.377062309787,40.1552949481013,38.209868753155,42.1011649388522,40.8581956834123,43.9201498473302,46.419250568658,43.7455187543475,43.7128816394814,42.5216799294635,38.9258041016358,37.905769272029,38.8974196527323,41.50027100271,40.7792376881096,35.2279048460456,36.4060895772844,37.9810827003317,NA
112,"BLR","Belarus",71.2696004046535,49.6651647817599,46.3498037416792,59.8598805986424,59.0511292994057,59.2033413701759,69.2108213448948,66.7476067360771,63.6275159440361,65.156379906358,67.8863333586708,59.7978087236099,60.0613117690842,60.9430527153212,60.9377552183976,48.8764618241933,50.1096053919788,78.4653615193087,78.7769072783938,58.3335781066769,54.941004057247,58.0107665670743,62.5093471231924,66.7896002012327,70.1993858596361
56,"BEL","Belgium",57.8158656842799,59.487665854818,60.442784742598,63.8967697738669,63.3972679385354,63.8987249514794,71.8575876571322,71.020368082279,70.3147727574309,68.5960942765708,70.3699698839145,73.5212250642736,75.7111400434884,77.4908365667041,79.6959831488997,69.3097762464767,76.4484573425673,81.6355465472349,82.3058368243002,81.730301131825,82.6662277616896,80.7811527387195,82.7327158648974,85.7581667423769,87.9322281604872
84,"BLZ","Belize",49.8319054883271,47.9610101196439,50.0034222878719,52.7792948450542,52.5814687809714,54.3215336404896,52.9722261565084,50.865958388302,52.5624071197757,53.1852939805925,50.5606395262824,54.6603234761503,61.1338657857377,61.0930844550612,62.3712526399212,51.6912712722834,58.2283412054012,61.5324576301257,62.7659655760703,64.1803685634575,61.2073410660615,57.5240136818121,51.6839779785334,54.2084412729889,NA
204,"BEN","Benin",28.3270186172953,27.3689425027528,26.4988115545834,27.1761345944549,27.0929395510065,23.6881830807318,21.1403892411983,20.3491627220441,20.1878816345702,18.9840514582783,18.8185548019761,18.9320388349515,18.5280226114768,22.5865082139112,22.8546382392536,20.3718071138697,23.7877295637564,21.2220628118898,23.0171740227289,27.2599124687783,31.3334722366913,24.4398193584567,24.8278328737829,27.2863995979696,35.383601152018
60,"BMU","Bermuda",NA,NA,NA,NA,NA,NA,NA,NA,NA,NA,NA,NA,NA,NA,NA,46.4887749299133,47.0831141348796,47.6371840956869,46.7615656563559,47.6682676350223,NA,NA,NA,NA,NA
64,"BTN","Bhutan",29.5287425843095,37.7689358057924,35.4881289332026,35.9047155549097,33.1000112909481,31.1144920421453,29.3772262558174,26.2861735036328,23.8715499463399,25.5290743475142,31.0274938861079,38.2497417564353,54.4194434186474,54.9685607191533,48.7902601198305,44.7019813462701,42.4527911499786,41.2054149499706,38.7253342636964,40.4599044965572,35.9520891439705,33.2193600882453,27.4157037214038,29.0919497737686,NA
68,"BOL","Bolivia",21.6633120258824,22.5514209321009,22.5818704584882,21.1106024594354,19.6986839141652,16.8808984517562,18.274745971826,19.9721485240274,21.6344550697626,25.6007334787844,31.1383905633221,35.5481435047552,41.771714513684,41.7956566240862,44.9065562326816,35.7226252948767,41.1874557703548,44.0917015014068,47.166197111876,44.0924794819743,43.293087488157,30.8682958840268,24.488005709998,24.904144232763,25.9887947757567
70,"BIH","Bosnia and Herzegovina",15.4482894219426,20.4117390235021,23.617706247983,27.8336349003353,27.3031972254601,27.6439467786027,28.6908426725982,28.3925117389574,24.3478518196947,30.2898662530162,27.811093087289,31.6311205127562,35.0218113531714,27.1015531895955,26.8480677196462,25.0093795920079,29.6955409300384,32.0359729547134,32.3505427165995,33.74304868703,33.9801401454966,34.8710711054333,35.6462815245619,40.0765075811991,41.3670367040151
72,"BWA","Botswana",47.8223986846938,50.8364978420338,53.828444483056,60.8807385501806,49.2891721003754,55.1972682896054,51.8318100701299,48.6576082380348,52.1574267782427,48.8268578340104,49.6137877815052,52.9235535447696,52.2544736358281,54.5160825555851,45.6739672040412,34.8009489474016,43.6354644101756,49.9505350343092,49.2507443809676,61.5124934428547,60.7101501410319,53.0331773995781,49.756777086801,39.9706407820021,39.3551326312685
76,"BRA","Brazil",9.66505138718782,7.52887503847073,6.73020968312685,6.98364957530895,7.03050033871807,9.5648982609794,10.1880480043795,12.37171066993,14.2305902713775,15.1807837086861,16.5457615119353,15.2438292665623,14.3743163008972,13.327675103099,13.5340005119683,10.8513711314233,10.8655847746965,11.5825126782808,11.8775390673678,11.742232845639,11.0119409152591,12.9001914177405,12.4709021006972,12.5734550095265,14.8053442461215
92,"VGB","British Virgin Islands",NA,NA,NA,NA,NA,NA,NA,NA,NA,NA,NA,NA,NA,NA,NA,NA,NA,NA,NA,NA,NA,NA,NA,NA,NA
96,"BRN","Brunei Darussalam",51.081210956271,59.7168405365127,59.93345348676,57.1854347544383,50.47197640118,55.8163396178017,67.3543319201318,69.5253059297448,67.1218302942605,69.289251837004,68.7990469672454,70.1684471590321,71.7246979556453,67.8527507652301,78.2992366861295,72.7831762889702,67.41037988229,69.5060721795477,70.1592236272739,68.0418746411061,68.7189571447036,52.2105973675329,49.5777773794133,49.5733065230099,51.93323994414
100,"BGR","Bulgaria",45.0475646879756,32.5341115229908,48.9320477925912,50.0379175571548,42.1898404057147,43.0510260297494,36.474409011809,35.1487756495724,33.9085729836539,34.6832908377273,41.2721589575018,42.8633898523076,47.3215443327677,52.3802470692046,52.5433676169218,42.3320120735649,50.1788787944037,59.0690820837306,60.8018732234363,64.8894963849505,64.9179760255982,64.1043994255729,63.97864655264,67.3689784001782,64.4945161143865
854,"BFA","Burkina Faso",14.2016211454196,14.1405565399915,10.5636052055707,10.8125309984677,12.8081030220056,9.51836806880177,9.5326020849116,9.24340542249341,9.17668489790803,8.71021282149153,11.328440265041,9.74399641841393,11.5750278615233,10.5497022107401,9.96729693724624,12.6993485768163,19.2267419676943,25.0036855362169,25.518517595935,22.2837236621209,22.2616385421324,22.9511985297506,25.96740530279,25.9865767831197,28.698423569567
108,"BDI","Burundi",10.2717650485534,12.9263428540091,5.8203210186241,9.83547257876313,7.99975012493753,7.57575757575758,6.3189705942566,5.17920216470328,4.68580418118256,6.38141402548028,6.95274828690709,6.2,7.3,6.80000013631119,10.5000002616241,6.60000027378396,9.70000163931346,8.80000028373483,9.70000089131591,9.1,8.70000207885354,6.41875997608915,6.40793432328223,NA,NA
132,"CPV","Cabo Verde",15.0462995430568,17.1369526898222,20.1991575607735,27.4417263018333,22.7961528751425,20.9759456250155,27.0072185431265,29.80941288281,32.5449567130458,31.3643511669509,32.004173065871,37.7773604608664,45.1322052608015,36.017413235543,36.8959583313592,31.0774516439262,32.6703180612436,35.5192397447338,40.4318042627331,40.4924428420234,40.3611396874873,44.9074423095252,44.2296890030632,46.1432882779195,48.8593253442938
116,"KHM","Cambodia",25.7919593880254,31.1841815310837,25.3640067394433,33.6169355757404,31.2381457940476,40.5441861783592,49.5227810531323,52.5412471838372,55.422133135624,56.5204703497263,63.6058950058242,64.084707255092,68.5932451239154,65.3259680507156,65.5432507028063,49.2207635019252,54.0827827917917,54.0807559141027,57.8897645349003,62.3879357989172,62.6034741724131,61.7184237585908,61.2815249294976,60.6819578072322,61.5957275117758
120,"CMR","Cameroon",21.0893997914837,20.6370970251072,23.2604197357177,24.8800335982403,22.5484003706493,20.0483271584665,25.9082094134603,25.8393958848958,24.296900395925,20.9277843905082,22.7094586440059,24.5979791508275,25.6386148323031,28.8854045026327,29.0576961452474,21.4032647777329,22.1721440866354,25.9320736431239,26.1182006061942,25.5677642842125,24.9380741891878,22.2596662186221,19.2393495360364,18.5839164717789,16.5681230569052
124,"CAN","Canada",32.8460672292963,36.1741576625535,37.1802157001621,38.2156211970351,40.1213065256936,41.9531727558544,44.311006247375,42.1148526310713,40.1138507480756,36.9067204556924,37.3642462809284,36.866879130123,35.3948212278859,34.2119512027719,34.3789759111586,28.492533647236,29.1252614866097,30.6195979257843,30.2754321903349,30.2314269271875,31.6020158980595,31.6803024634069,31.2496541201211,31.1000370521462,31.8758069525737
136,"CYM","Cayman Islands",NA,NA,NA,NA,NA,NA,NA,NA,NA,NA,NA,NA,NA,NA,NA,NA,NA,NA,NA,NA,NA,NA,NA,NA,NA
140,"CAF","Central African Republic",23.3994108884074,22.2209449568474,21.4703862760844,26.8842802618525,22.6568865727558,19.2236502785935,20.3722135905975,17.1572538375263,15.96270493648,18.2360038377682,13.997917508823,13.3627533256972,14.3160051485309,14.1153274204234,11.0036647020449,9.84164990187971,11.6258010719319,13.127820098599,11.5501330018626,14.8887497649308,16.5663402207996,16.9270900310411,14.3374673539739,15.1938945431171,NA
148,"TCD","Chad",16.10560200014,21.9290175473215,17.54350924621,18.5438360838388,18.4916260621633,18.3181207710371,16.8900964319303,14.6657875448771,12.6899405964434,24.6329669069481,51.0088580567156,47.977274188704,47.5844412158485,44.5034938577556,42.694505409321,35.1383528798525,36.8456059033671,38.8772569320241,38.4680542162362,33.565591667753,34.1613628875217,30.0017608897127,26.2950367647059,33.8729624845644,35.9013967561027
152,"CHL","Chile",27.4632406830305,28.626252008487,26.6455426748618,26.4704496964644,25.5211320708257,28.7661310824037,30.5317001278369,32.3986301151979,32.8039336278624,35.6590455123686,39.8023703887306,40.1598164728269,43.7951067814933,45.069003891647,41.42416774923,37.0407736118743,37.7451125423707,37.7619574718629,34.1218587192481,32.1994733836984,33.1107497213876,29.3763486014856,28.1599027720173,28.5258705988092,28.8116371114336
156,"CHN","China",18.5367485700923,17.9510180778458,17.9232955521271,19.493164459713,18.3423215825108,18.1626961583414,20.8934448164694,20.3121457448267,22.64474567395,26.9807565341723,31.0613375826931,33.8298575661779,36.0350255522634,35.4065178753943,32.5471730653828,24.496205887109,26.3254794194302,26.5681882847529,25.4925200219095,24.599255662746,23.5937400657372,21.4432735618692,19.7520048556821,19.9629564697161,19.5148403052145
170,"COL","Colombia",14.9983618345688,14.5337428892103,15.199461701397,14.8415437434707,15.0073508369912,18.3465787501541,15.915139715438,15.3871357665009,14.8155696775272,16.5752997117627,16.7707514248023,17.0222710950626,17.7758425905137,16.4708878139911,18.1451952180236,16.4177706123445,16.367165641135,19.3049539123025,18.8287412874501,18.0982959539413,16.6347491096509,15.6502115094968,14.7171392781975,15.093339013295,15.8914066188971
174,"COM","Comoros",8.83605447295162,8.83640483484953,8.83645936163212,8.83630551289686,8.83626348797303,8.83595307120855,8.83631405886599,8.83626079762981,8.83617675060801,8.83612987853843,8.83602717918231,8.83628108091383,8.83617933267314,8.97534196697091,8.22134722875202,9.31193867197775,9.63890463485355,9.95641544707353,8.94586923883759,9.04838721379907,9.67647217726497,9.90529987612102,10.6522488349171,11.6181869649505,NA
184,"COK","Cook Islands",NA,NA,NA,NA,NA,NA,NA,NA,NA,NA,NA,NA,NA,NA,NA,NA,NA,NA,NA,NA,NA,NA,NA,NA,NA
188,"CRI","Costa Rica",36.0709694779991,38.3448775532202,40.2191006164425,41.8163530054635,44.1786636947305,42.7354735389056,43.1144408485864,40.6684620049215,39.4004598280128,40.8508771887032,42.3936220778468,43.6658087334377,43.5302315067375,40.795682229586,39.0458154622838,34.8400724720397,33.1729576879781,32.8565829622996,32.1695688294672,31.3330174067949,32.2550051635718,30.824940477367,32.095512468855,33.054264828384,33.7216010213152
384,"CIV","Cote d'Ivoire",40.5274018640381,41.7592996636706,41.1009950896473,42.9159573074908,41.3964022809244,42.4023848973647,40.7810291279491,40.7000579432605,47.4623494754671,41.8914161346606,46.405014716207,49.8983605302186,52.3675889362035,47.2259826098979,47.1160873300615,50.8544423605356,50.6326430216728,53.819957201153,48.9288579039296,41.5310506916494,39.2746510609958,37.7179805791987,33.399075083235,33.7001467883845,29.797001260932
191,"HRV","Croatia",NA,27.6117636058627,30.7297538738016,31.3188763410016,29.4857591356518,30.4572813233422,36.5050424887871,38.6624233216242,37.6855698223902,38.8798393945727,39.5029212930564,39.355577903687,39.7019074316747,38.9818535827706,38.4700684650619,34.4814969424602,37.611023162176,40.3001452856657,41.5280067825693,42.7426284510706,45.2699474937254,48.1360181822938,48.7393803707206,51.0862418070122,51.2278448729362
192,"CUB","Cuba",13.2397137421534,13.4015118655048,15.3133610749521,14.9239679937204,14.2526141926391,14.5374790557335,14.1300293796253,13.2344771860718,11.5270686652476,12.9519347542701,16.0217783943669,21.0180434618464,18.7134547274699,20.3363598668348,20.567605659282,17.4597293814433,22.5702648924263,25.103638208436,25.5109993027167,24.1004303416809,22.0839119222377,17.1473494542825,14.9830360074423,14.5408927114847,NA
531,"CUW","Curacao",NA,NA,NA,NA,NA,NA,NA,NA,NA,NA,NA,59.4962849609475,63.3906524770353,60.8534420640081,69.4667581954085,60.6840139427977,55.5395332218441,71.0205297131383,75.6852063514267,68.9623592066569,72.2413759801192,NA,NA,NA,NA
196,"CYP","Cyprus",47.6894839198586,66.7633023890643,70.2076571213735,69.1855438147285,68.6974738900945,66.9264742754502,69.9628503310058,68.2088554764038,62.4052794298916,57.7621057990906,56.8897927606225,55.6921289596561,53.4357457053179,53.2588721291854,50.0905494949537,48.7272626011258,50.2124147193374,52.9278322718892,53.4443285998978,58.6484157814921,62.0420920409904,64.5108029856835,64.5336448497041,64.7684621840712,64.2839053873816
203,"CZE","Czech Republic",37.2718043516157,40.3995847324241,38.3168292873398,40.4614736627143,42.2085185863327,42.9203399724494,48.1922910591063,49.0279401738654,45.1241477243064,46.9073243423848,57.3404444293512,62.181957290981,65.1862987851849,66.4089661851449,63.2263674242076,58.6842997764355,66.0295210253014,71.3071567311351,76.1700746223071,76.8709518101924,82.5456924295555,81.0493010657814,79.5556198733638,79.7260774989712,78.8347228124047
180,"COD","Dem. Rep. Congo",22.6252944147172,28.4822883100778,30.0027630853046,18.750000234375,29.7900882870708,23.6356699193136,11.4496120313427,11.987684833486,15.6713428067886,24.0004430362555,22.7295135131027,22.9441827774461,21.7000985291454,39.071913788297,39.0277992606373,26.8137878116216,41.1111541550463,39.5156166676622,30.8030090179381,36.4458613092902,36.8321888509167,27.7255678010705,23.9564422024979,35.2505221787043,33.6201804897363
208,"DNK","Denmark",36.851923816504,36.6119849529611,37.0673808665985,37.7628521745807,37.1865482618711,39.3484282585635,44.8472845222592,45.5545137314203,45.7044780754905,43.838424333792,43.9284568868148,47.4521180541544,50.7300298408094,51.482564575911,54.1758119757753,47.1260516693445,50.5229368842239,53.820117886958,54.6304964321937,54.8288133195348,54.6131190486406,55.4181587109523,53.5939160543487,54.5440521343007,54.6769338820361
262,"DJI","Djibouti",NA,NA,NA,NA,NA,NA,NA,NA,NA,NA,NA,NA,NA,NA,NA,NA,NA,NA,NA,36.6469441412206,34.9421864727948,38.6762651488389,33.7137357910575,34.2265940504398,34.6198139257869
212,"DMA","Dominica",39.9809866515703,40.6524576442459,41.5346612564406,45.2650308506305,47.0220444049476,47.2676897431011,43.3357101445412,35.6398324888354,36.9656090802077,34.4908423296123,35.5333709352964,35.4859186485823,37.013296504787,35.0860778114164,34.207128125269,30.2508586326384,36.4147050750043,39.4041087829467,34.0661218161665,36.0886551029678,35.2247562731857,37.6160044490245,37.386064607654,45.4089150055437,46.9534769031027
214,"DOM","Dominican Republic",36.2085399180065,35.2267216224166,34.8867097256752,35.2222875438087,34.3098842791,34.9811021074665,35.4978251417642,31.8906200886267,30.724010155589,42.1529981602708,41.1474766418853,28.3311381514539,28.2249162691947,26.7620220119612,23.9067364940618,21.0309281003904,22.6757522059548,24.186975308385,24.583177865511,25.1671587269999,25.4468906972836,24.5165951017001,24.920178332972,24.8312162553416,25.0936971449589
218,"ECU","Ecuador",20.279818070143,21.2869033721764,22.2732846879762,21.5349262106698,17.8919508668257,26.3775416402476,32.1275352850362,23.2227470913006,21.4923738863205,22.5984000546606,24.5543485987149,27.618174102084,30.3330747691276,31.9317679733426,34.1636395532671,25.2491079369784,27.8949559708311,31.121199802252,30.164809271004,28.6382882966079,28.0518541458062,21.2582213779601,19.5047912651498,20.8328178926217,22.8197630625449
818,"EGY","Egypt",22.5714285714286,22.5490196078431,20.7497820401046,18.8416698006769,16.214335421016,15.0520156046814,16.2011173184358,17.4797881237803,18.3161784111903,21.7964071856287,28.2299608489594,30.3435468895079,29.9498138254816,30.249731471536,33.0429927414852,24.9568221070812,21.3492458146859,20.5674276128656,16.3969666208873,17.0178456245969,14.2441314553991,13.1838454928598,10.3454639403558,15.8184438040346,18.9119754811376
222,"SLV","El Salvador",19.9227229684048,21.5545012590357,21.1409878973678,26.0218365312193,24.3865859021675,24.3964014453133,26.8272702258496,25.0092920568115,25.5130894550755,25.9234207599485,25.9062104819237,25.2665644731807,25.9396841717576,25.5670331970356,26.7405928214523,23.9512099343606,26.9466693264065,28.9817775582263,28.5710945770536,29.7248825313299,29.552830972843,29.4861303579108,28.5025494615411,28.9823439293292,28.9080648349097
226,"GNQ","Equatorial Guinea",NA,NA,NA,NA,NA,NA,NA,NA,NA,NA,NA,87.4173831312055,82.3256504465368,88.621293972478,89.2243501802952,74.342209937853,85.7584331985967,75.0953126572332,71.9049918240751,67.6533166625479,65.9632885983728,56.6584738218082,51.4128299447575,57.4967830827718,56.6729741952164
232,"ERI","Eritrea",28.0196629213483,22.3880193550131,29.2337703579368,29.6148227877297,14.8344835891991,9.53440754918544,9.67062059350866,10.8070403599802,11.7811808402808,6.44232783354792,5.77539898239118,6.16571332006919,6.8995093921478,5.77185258376616,4.42875664923759,4.52862385911089,4.78901223698411,14.3763453384546,NA,NA,NA,NA,NA,NA,NA
233,"EST","Estonia",71.1671576201777,67.8496884399518,61.7945389722772,71.6074053647034,74.3811771304456,70.2322712544099,61.6361238077949,61.3459162142177,58.3192386281315,57.395627832979,61.5182283428432,65.9058939990884,63.4885392231032,63.1956987780916,66.7977432058297,60.8047113869508,75.0782302117066,86.5397252728219,85.9894385872615,84.3030815040284,81.802388001185,77.3450043271335,77.5997859265041,76.5440962780145,75.2431223626465
748,"SWZ","Eswatini",63.6786784546285,60.0157160078692,59.3548318748919,61.3507662144286,67.1737748921722,64.9999048303866,68.7567914843289,74.742167559605,77.1742647906789,84.4443881145222,68.6269789643763,60.3843833935595,59.1295975383403,57.2596399981408,54.4378103229161,51.9515588256861,46.4711133776186,45.7503917189959,44.9475675831449,46.6512265864399,50.2453463419611,49.6308245066768,47.9870397607149,50.3702265866406,NA
231,"ETH","Ethiopia",NA,NA,NA,NA,NA,NA,NA,NA,NA,NA,NA,NA,NA,NA,NA,NA,NA,16.6868531997337,13.7672981990263,12.484073558977,11.6416199095703,9.36331359735926,7.81208050267299,7.63033449491802,8.36742913212249
234,"FRO","Faeroe Islands",NA,NA,NA,NA,44.1949432223824,46.8785587245531,49.8352341778069,49.6560821633845,47.3415994542755,44.6886335233334,41.7592739065095,42.5859439844036,41.5774800654176,41.908910065133,45.8707976162636,41.5193329276516,44.3407431246791,50.5960037091322,52.349928502641,53.5288017730424,51.3575169689621,51.211522002184,NA,NA,NA
238,"FLK","Falkland Islands",NA,NA,NA,NA,NA,NA,NA,NA,NA,NA,NA,NA,NA,NA,NA,NA,NA,NA,NA,NA,NA,NA,NA,NA,NA
242,"FJI","Fiji",NA,NA,NA,NA,NA,NA,NA,NA,NA,NA,NA,NA,NA,NA,NA,NA,NA,NA,NA,NA,NA,NA,NA,NA,NA
246,"FIN","Finland",34.0285122510136,35.7624091886846,36.3276504017245,37.8009355415485,37.4673954577927,37.6023258195914,42.0868773897153,39.7128159682076,39.0858391384391,37.2661955940859,38.5891959085546,40.2556163200253,43.1708899625755,43.9968057282511,45.0779769863353,36.2709842069503,38.6777124532336,39.1595426400297,39.4813632109233,38.8141911497113,37.2222276297731,36.3616445663771,35.8675077404396,38.5132117270827,38.9651259874548
250,"FRA","France",21.6603227312909,22.6229260600867,23.055564872,25.52319541576,26.1264919786729,26.0765353865349,28.5949742490286,28.2658952021844,27.5310502579308,26.1119689746398,26.4688363216607,27.0330510418171,27.9350550901956,27.853257510199,28.1193848563025,24.8355472102672,26.7882998402738,28.4213374764194,29.2030271868495,29.3647378670492,29.666684498073,30.5926223781313,30.2475371833945,30.8198947044155,31.3374754046807
258,"PYF","French Polynesia",3.6654854398235,2.93262342818017,4.20228151905667,4.35428181608517,4.08880524176644,5.01600003577494,4.89658290517091,NA,NA,NA,NA,NA,NA,NA,NA,NA,NA,NA,NA,NA,NA,NA,NA,NA,NA
266,"GAB","Gabon",61.6756399787038,59.3869990303814,62.6632449876407,61.3040108069859,47.4063516068053,59.6125043538837,69.0321767086082,54.2752324798833,52.6088996947807,51.9294344950898,55.0391552768837,60.0086727573886,60.5718165208079,58.528604586134,62.1997120113374,52.1717321839784,57.6634923763037,61.7443721274506,60.9503414381301,57.3574058813271,44.5208923945675,46.0320085043704,44.0353472921111,50.2267539725926,NA
270,"GMB","Gambia",21.239618008448,23.7756490416755,21.7986715984453,22.9322025464249,25.3055746540898,24.3973610833853,25.7986743189831,21.8207981338634,27.1573845831505,31.0937864451292,34.2270295149876,32.7708006279435,33.8482458525972,28.8863167429923,23.4078290486633,25.3531691461433,23.7829120096017,26.4575854902702,30.8519749237779,19.3027110711206,19.3500225832379,16.0817037023947,16.7231393829966,22.7258826098302,NA
268,"GEO","Georgia",57.7721046215228,25.5018957089734,13.3265484438011,15.610566874506,16.4587343939786,19.0559291535829,22.9948469303326,24.4613664968535,29.2288837327826,31.8375906399972,31.5557352686705,33.7481042939506,32.8655980101378,31.205676776236,28.6199004975124,29.739576557192,34.9512411236399,36.2425523437083,38.1504985229657,44.6893225761995,42.9435896468328,44.7378941037171,43.604182082666,50.265665608007,55.073724660579
276,"DEU","Germany",21.1350113916374,22.0064459049545,22.9086029320154,25.3919749477655,26.4533774644119,27.0412324202859,30.8295377230118,31.8706791751726,32.5740396235895,32.591483189795,35.4484237785274,37.7404535695349,41.1903478533375,43.0099115480875,43.4598749287594,37.8022013754532,42.2503740223096,44.8181730740774,45.982539717068,45.3978784533514,45.6448160512355,46.8597442978687,45.8970488171533,47.0472395296185,46.9632014176019
288,"GHA","Ghana",25.2586359269933,24.4964459408904,32.1121821725595,32.4102909291879,33.8713517576318,32.0783389537313,48.8022576190038,45.2330164667316,42.6162518930867,40.67904265112,39.3033251214107,36.449216950714,25.1921187594134,24.5250906044049,25.0294572995074,29.2918659785048,29.4767179831573,36.9366085502594,40.359218174037,25.8293798977892,28.8210838394401,31.9587955628076,31.8806747181584,35.2580038563133,NA
300,"GRC","Greece",14.4456091463048,14.4252834909638,14.2869572693077,16.2222652425479,16.2965833756753,19.2560788540331,23.7183809141659,22.788744320873,20.1128544460134,18.5445830443658,20.7081145744875,21.3122304275532,21.1740087896788,22.5202697630197,23.3615691198983,18.9821866963597,22.1022051218367,25.5354159285239,28.6839940157939,30.3534285061372,32.3730407059617,31.5532707138237,30.0637459339879,32.9903963772026,36.1292311982958
304,"GRL","Greenland",NA,NA,NA,NA,NA,NA,NA,NA,NA,37.7948308435425,39.2903917132992,41.0615607900407,37.8064570020465,36.2038980020086,36.9759903302016,30.7311174683694,34.0531325472368,37.9958507087794,37.5152978533391,37.700188998309,38.4740768603849,37.5822241254208,41.0802170069033,40.1863904685709,NA
308,"GRD","Grenada",38.9917132783604,36.1805794737721,35.8669651744608,35.4268417868636,37.1646520170404,45.2350204041676,45.3283259733251,37.8778583223035,31.9471451865732,30.3773204532014,33.0046385424712,21.4089183924281,23.2297590691886,27.6196679267603,25.1582134949391,24.2763166740618,23.8338601853319,25.194944184447,25.8151697418801,25.4261893776392,60.1550033867754,58.0056015008462,55.8163270966346,NA,NA
320,"GTM","Guatemala",17.5199449479992,19.2590440307493,17.8101172991418,17.9561080230154,18.1716066211,19.0049241253611,20.1950343956927,28.207453999564,26.2989453070751,25.7736698869081,26.9754986752244,25.054684317961,24.931729566218,25.5652641575236,24.7181664381707,23.9753247889949,25.8056744754687,26.6253163497839,24.8685757322037,23.7198167913476,23.1584185549471,21.1604468590806,19.5421021395766,18.7960058950895,18.1206075397002
831,"GGY","Guernsey",NA,NA,NA,NA,NA,NA,NA,NA,NA,NA,NA,NA,NA,NA,NA,NA,NA,NA,NA,NA,NA,NA,NA,NA,NA
324,"GIN","Guinea",22.7523273546939,21.1188077615019,19.1951011381517,19.5610874799331,21.2867043609338,21.6395182620822,24.5238730443766,28.5786627531762,26.4778105826218,25.9567433485115,24.6259751804795,34.785653087248,23.8243111627634,23.5509581400803,21.6404645816157,22.5157910774442,30.3412039762392,32.6022412272725,33.1373915984185,26.4706206459551,26.6885101439274,21.4968703899761,29.3715113131453,47.4896653733503,37.1466944026497
624,"GNB","Guinea-Bissau",16.4544077578653,11.6671696094704,10.524404058905,21.0167632141376,14.4436976190476,24.8611766470287,21.7558574111665,21.1945992940481,17.8331205708016,18.6798108907565,18.4598915805643,16.1497305470477,12.8486662552065,20.191035630237,19.850608604922,18.8493377356219,14.906079450198,25.6740075016207,15.4752133462098,18.2571916032992,20.2074001359927,27.5430439150609,26.5081142999537,27.7739726207238,25.3355679656402
328,"GUY","Guyana",104.951974695711,101.210568427252,102.621309314357,99.6600655297052,95.9327548902846,96.5084717132055,96.0799732120736,92.8742833412542,92.3031854232478,89.6766919563527,95.5626731827216,84.6228685715672,50.3717273217614,51.2359757153914,52.9490424321915,48.9328198626569,51.3847184117863,55.3410306077016,59.8693944430764,51.5650220075515,43.8127444493584,40.8541759122241,45.8444320677298,45.1816386297078,NA
332,"HTI","Haiti",6.42072655589975,9.13356386088413,11.3276309301777,10.4525423101137,9.90047145102148,12.2491119646519,12.6952822892498,12.3617269544924,12.1272386948569,15.8202374789158,15.353985767913,14.0399321569911,14.4888352321724,13.2397437644814,12.731154475438,15.7100194116769,15.3420839701519,17.4499924055816,16.9072215228266,18.2553900092451,18.5172418195514,20.0073646741132,20.7218440105401,18.8381822431515,17.0764526794433
336,"VAT","Holy See",NA,NA,NA,NA,NA,NA,NA,NA,NA,NA,NA,NA,NA,NA,NA,NA,NA,NA,NA,NA,NA,NA,NA,NA,NA
340,"HND","Honduras",44.5134996866406,48.4351276518916,54.7594046632038,57.0026475295202,57.7965578038389,52.9289434584401,53.972182998888,51.3817002306282,52.730582054494,54.0940274951722,58.4229834527808,59.0058417153113,56.0546420538277,53.5090115392915,51.3252766875914,39.5302508197518,45.7589061967483,51.2576866755535,50.9027988216362,47.9414903194725,47.5626547300206,45.1667574562581,42.7141047814182,43.3877791899878,41.7848760727686
344,"HKG","Hong Kong",119.292594392203,126.208617290703,121.684512519621,115.041479648353,110.834708128133,112.718574496907,126.031457172742,122.769694703522,132.076763164041,150.775979991549,167.775897168379,177.45291670355,185.185163012497,186.412407406061,193.415176806617,178.135055401704,205.322597352297,212.852416474103,215.849565476503,221.610060304774,213.090413516784,195.89760161449,187.010889269607,188.756829964861,188.034936001859
348,"HUN","Hungary",25.374666572958,39.1482809148553,41.8457994312081,47.8735737909806,52.8482314922501,55.5183103524513,66.6774581174606,64.7348482735801,57.9719385855902,56.2506668349799,59.5350894172198,62.5494284544067,73.9822765073129,77.9439727410371,79.2894659521366,74.4103979760681,81.8294403528221,86.7450372087019,86.4054192020142,85.6583995727354,87.6748895389263,88.9688478824934,89.7262054159608,88.2493899444703,86.5288645253965
352,"ISL","Iceland",35.1835909397053,34.9464974745152,35.740678263962,35.4811745209726,33.8062129215842,32.4933548605786,32.2044979490213,37.0562005382193,35.5319912381791,32.661995895537,32.3834000484046,30.4021370249444,30.8192106692806,33.0216932239627,40.6301814016621,48.6449517162545,51.984284951387,54.7612573417452,55.0172627742156,53.4930377065601,51.5209256023028,51.9389632181021,47.4127506701892,46.1041878279973,47.218218965954
356,"IND","India",9.88808467953246,10.8439677753825,10.3851690230739,10.6907170622656,11.0184689155205,11.4520643387478,12.9972360001264,12.5583793333549,14.2643835830725,14.9479135004979,17.859124535673,19.6052448635441,21.2679413410664,20.7996999997142,24.0973589411391,20.4005179059397,22.4009335550645,24.5404113195713,24.534430661418,25.430861300519,22.9679630081172,19.8131891564045,19.1947533657266,18.7806122639953,19.69557915442
360,"IDN","Indonesia",26.5114278515733,26.3121650131426,25.8245519820943,27.8592432831317,52.968134566078,35.5141290838601,40.9773084738704,39.0321390955111,32.6876208878375,30.4776547809661,32.2166946182599,34.0672676279992,31.0347163143166,29.4357184851263,29.8082841673732,24.1591196686279,24.2990309366411,26.327353088883,24.5943787881769,23.9235763793601,23.6659845969365,21.1601792598062,19.0889938536663,20.1885592572329,20.965694088615
364,"IRN","Iran",28.2861924143764,21.6762407043409,20.1951302398727,17.2779308650702,12.6833809123583,19.292023195998,21.4670575678449,19.3033203562327,24.4139021536457,24.6274728309232,25.266928255823,30.3308191865397,29.8690352505831,28.8436124054165,26.5771274521598,22.7114891378215,24.399653282909,25.6329524095113,24.1288637454206,26.8818571533025,23.1408614562004,19.7433861706823,22.4040299107485,24.9421768507619,NA
368,"IRQ","Iraq",0.0355659907118372,0.00537675930738319,0.00916177369600626,63.8470089465787,77.898988648591,77.634883408788,75.7037742203896,65.2733913946118,70.5700515170938,77.3927188812537,56.2709085305741,54.3478705800752,51.0319434096732,45.899839083674,50.328307412634,39.4001102563314,39.41682921428,44.4175230392819,44.4487292320132,39.6763888888889,41.3384502923977,35.3401544401544,32.8227307166899,38.4026468613542,43.6132545839521
372,"IRL","Ireland",67.8787623121871,73.4320619051562,74.8183483375703,77.1532026753973,84.4339332133713,86.6077080713767,94.489514667878,95.3262971729131,90.4749947177667,80.852043250907,80.5356210256648,79.5836674442647,79.0015708748446,80.7824180853658,84.1149719738456,93.2367060731826,103.026114701283,103.601091024779,104.449671376484,103.513683440819,109.758088238691,122.135702845929,120.127931050871,119.87197070445,120.520236740839
833,"IMN","Isle of Man",NA,NA,NA,NA,NA,NA,NA,NA,NA,NA,NA,NA,NA,NA,NA,NA,NA,NA,NA,NA,NA,NA,NA,NA,NA
376,"ISR","Israel",27.7842898990789,27.5058310243161,27.085877423996,27.9097302288205,28.6034752463144,32.6704152380668,35.5953180811526,31.3213507570493,32.9076393685517,34.6741053070744,39.1580981208774,40.8068180500258,40.7954635531978,40.507382753431,38.4919922325322,33.3322451532267,35.0157280853341,35.9909806145538,36.0094970698546,33.6776008379417,32.4077605533544,31.3063873324333,29.9435295409701,29.23917025125,NA
380,"ITA","Italy",21.9393308522163,24.7494729352799,23.7629253509155,24.2002801804106,24.1226878567538,23.2504884796622,25.6577863853798,25.7317516138008,24.4721815564371,23.3607361306775,24.0629021998426,24.6516623364506,26.2279674936618,27.4271989427112,26.9645427371049,22.476595932438,25.1882111380109,27.0063462201189,28.5863636786269,28.8625862995935,29.3065130489857,29.9149426536909,29.6237004563789,31.1650611054941,31.7562763182196
388,"JAM","Jamaica",55.5594973476051,51.2758059771229,45.2499107331541,40.589242062011,38.4329891771387,39.0366070862465,38.7900457000845,35.5641570687808,32.7619513128115,36.6134689904685,37.5440247582553,35.2732351244367,40.1315252646825,39.7286909235439,41.9433070929295,34.4795962140846,31.3352666291342,30.368613897616,30.1837114553703,30.5793636992792,31.2577468835718,29.9016816268482,31.2884762919885,34.0666198282509,NA
392,"JPN","Japan",9.0036501742541,8.97179683136026,9.47906921723545,10.5488516641158,10.5244802339333,9.9517600054498,10.6244850068159,10.2290991481917,11.0182210299423,11.6392934662293,12.9720323077118,14.012441121792,15.8729022962927,17.4933165716298,17.4240377234641,12.5209141554358,15.0367569834071,14.9249962098743,14.5447525563827,15.9153981234384,17.540301551347,17.6109755367671,16.2527631298108,17.7742262785627,NA
832,"JEY","Jersey",NA,NA,NA,NA,NA,NA,NA,NA,NA,NA,NA,NA,NA,NA,NA,NA,NA,NA,NA,NA,NA,NA,NA,NA,NA
400,"JOR","Jordan",47.8511686850261,51.722368663469,52.8723679319113,49.2452245260905,44.7947847925291,43.3151614473553,41.8292026516424,42.1338685385902,47.5054368886996,47.3721259362044,52.5666842317424,53.3322804537366,54.4684044098846,54.8642072129064,57.2125944264585,46.2019061066008,48.0945551128818,47.570321259689,46.2687314962423,42.3085944044228,43.0607859989062,37.1931649331352,34.6561264822134,35.1216987855932,35.645106422716
398,"KAZ","Kazakhstan",37.0647377091299,38.9738609136355,35.2688049307021,34.9168566674192,30.344203290498,42.4620955088389,56.6024267995373,45.8950186109102,46.9906407561754,48.4170220946326,52.5004104250221,53.194358254068,50.9752978421833,49.3128208903582,57.1463849391331,41.8384224460915,44.2441794984735,46.4646627947552,44.1096630384291,38.6170377152797,39.3417580907293,28.5167080072354,31.8438886422836,34.3578073476938,NA
404,"KEN","Kenya",37.0402808384151,32.5917012190029,25.2006019494243,22.686387351635,20.1692608275285,20.8327351985075,21.5875711417625,22.9315763643367,24.8979726147002,24.086815305421,26.6102585752973,28.5090302142012,22.9849396441861,21.9189912933699,22.6740575532267,20.0326292529074,20.6569832472743,21.6259724449116,22.2273535709525,19.9253965678206,18.296981382284,16.5924430366316,14.3117653269416,13.2556433404452,13.1760260356769
296,"KIR","Kiribati",19.4150666666667,20.1568421052632,13.44,19.5771428571429,16.9526923076923,18.7738317757009,11.8358620689655,15.6759836065574,19.4141843160392,17.6221981836935,12.1822258397528,14.3385222222374,10.9295589922947,16.7243749842327,15.6902426985269,15.6255705611082,13.0731538222006,14.9598950971543,13.1089546471315,8.50105089678264,10.7843481488541,11.8977060695862,17.5081704795571,13.2157680632705,NA
689,"XKX","Kosovo",NA,NA,NA,NA,NA,NA,NA,NA,5.7182103610675,5.61274112497974,10.8365085468592,11.2985910711254,14.3984606855167,16.0836077140169,15.6819820747914,17.0753882445449,19.9454793275784,23.6326623875698,23.256043803989,21.9295610708519,22.5020206555905,21.9354283254412,23.6981268842358,26.6499321785497,27.8798744957418
414,"KWT","Kuwait",50.8536592487937,52.3539561252157,52.2838381670308,52.8539607885733,43.8593157559748,45.9368962500475,56.473639585134,51.3036155499486,44.6160465918896,52.0922408354945,56.9161386082092,63.9766032297715,65.5446216491347,63.4142598446948,66.7592125189298,59.4691252706871,66.6735189288705,73.2176629437612,74.7318470840808,70.8615345368996,68.5061434722771,53.7653778431424,48.8900586281379,50.3861003861004,NA
417,"KGZ","Kyrgyzstan",33.7618144302449,29.46714483032,30.7380990029616,38.2868893328163,36.4832920828287,42.2029377974725,41.8477337858162,36.7246725579394,39.5814066424562,38.681031481455,42.5559110849204,38.3055564365228,41.7206136022727,52.9129788573035,53.5489560986404,54.6983469575282,51.5543226756177,54.5384771657381,44.4042009680122,42.250153956658,37.4486515894922,35.1896004872594,35.8254088751692,34.2528413648354,32.7331980765851
418,"LAO","Laos",24.9869407176856,23.2203889147564,22.6987496249058,23.8922247910231,36.4558727549249,35.8758415231056,30.6620036018333,27.8731588735049,28.7525146642775,23.5004331625579,24.9121225649626,28.963735722106,38.1550775230179,33.6143130828615,33.1540804741768,30.0830696753683,35.3840260381756,40.3431560969975,37.8767283496857,38.1731033982191,40.754546651049,33.9523777378411,33.2093967626759,34.3404952215646,NA
428,"LVA","Latvia",NA,34.5670547284372,40.4505478367731,39.7145115685142,39.1888195962614,35.0311664359105,36.882606069294,38.0559900140963,36.5800965815376,36.1187276704655,39.0813534077938,43.1754051118639,39.973283599937,38.4509870811424,39.5423189008689,42.6028809354938,53.6573244074927,57.8166930103743,61.309482169862,60.3041798096319,60.7408755710594,60.4223076962297,59.9789788847067,61.0944578371014,58.8755616511555
422,"LBN","Lebanon",7.87060873524118,10.80645487609,12.8463200010129,14.5319587628866,13.7634326360473,14.0639896274263,14.1775557263643,15.604915999549,16.0986422831809,16.7365813377374,35.7253716522363,37.302227305286,36.1385633807639,37.6417351332983,38.9718286017983,33.6987884001872,35.7936408949496,36.9409149274625,34.4757199986226,31.8236322114296,27.8499308561874,27.3175679765875,25.2651311130757,23.8510733615656,23.3398620280701
426,"LSO","Lesotho",NA,NA,NA,NA,NA,NA,NA,NA,NA,NA,NA,NA,NA,52.1895534855909,53.1704352759542,43.9476854667548,39.8557311523367,44.1458201495353,38.6724068132974,35.8217037697044,35.6179281051154,40.318268572408,41.6617845700224,NA,NA
430,"LBR","Liberia",NA,NA,NA,NA,NA,NA,31.3764073226545,33.973123620309,42.3572707659115,36.0576871657754,67.6216610925307,59.0909062170706,82.4462377122431,74.963146394756,34.3924971031286,15.2646832579186,19.139009009009,21.8072977481234,32.9127048879089,34.5794913596348,28.432191475827,19.4690273843248,21.4166340739258,24.2841919916724,26.1311172668513
434,"LBY","Libya",27.0352162135046,29.1760299625468,28.6535303776683,26.7863453247579,19.3690158530843,20.2205441687642,31.558004285277,26.5406976744186,44.7677994771644,57.3170731707317,63.7559608908707,63.7168431505522,73.5596553921161,72.6990122703705,72.5073856975381,59.2360073918437,65.6049745046082,54.8294451375974,74.622458857696,70.4337334933974,47.0143266475645,39.9666607308094,26.1384450271779,37.9377024058771,60.3869109081893
438,"LIE","Liechtenstein",NA,NA,NA,NA,NA,NA,NA,NA,NA,NA,NA,NA,NA,NA,NA,NA,NA,NA,NA,NA,NA,NA,NA,NA,NA
440,"LTU","Lithuania",NA,37.1446156531344,41.9404333192837,44.9667460968798,39.1247641934895,32.4143337078931,38.5456565448549,44.0426403992527,47.3421091874599,46.1697180688502,47.3466812670995,53.8422373248175,55.6202710803455,50.3583079476632,57.1390059840933,51.9391992978012,65.3421513844208,74.9954146748177,81.6231318539226,84.0622577126145,81.1031416117497,75.8235105696143,74.10436593202,80.9034369619477,82.2910383048113
442,"LUX","Luxembourg",100.180980034529,102.475306045934,106.524281977711,115.847004216419,126.178536185983,130.829615551375,148.484907700666,147.439463050704,141.96461158688,138.90022793065,153.035736645875,161.676408809019,176.246890384932,182.888001090727,187.111880717512,164.069506600635,174.523090007987,177.989656164445,186.444307394605,190.628582291961,212.607099406063,224.840709934264,223.616412561028,223.079411907299,224.761469155503
446,"MAC","Macao",74.0927863988131,74.5151857632349,74.577466029855,74.5079287800807,74.7750762138449,76.8603485502776,89.9755274574512,91.8820132314778,93.8887566722198,93.4447926491618,95.286151672162,84.8594020976133,78.9940678395782,79.3102278432916,80.1120648545541,78.9201420681531,87.7903230823236,90.6735927323873,91.1057594424957,90.6379517560366,84.9363223018979,77.9129959443753,76.1963373036461,80.2666403804924,83.428265155025
450,"MDG","Madagascar",22.0322693851519,24.1344846722606,20.4924335269182,21.8661423039834,21.5205756983025,24.4654181745797,30.6793205299031,29.0785744467394,16.0083794772958,23.0857444087594,32.636436784543,28.2123919695592,29.7284981719234,30.323654742471,26.5413389654451,22.3693904389875,24.9740999010803,26.7428014544383,28.5577798036617,30.0643009885921,32.7582292941218,32.064005118253,33.6398006897436,35.5234398221163,NA
454,"MWI","Malawi",29.6328216871614,30.3684813752133,22.825752849914,21.356509346862,32.7701620952193,28.0222805379694,25.6036524824415,27.9912263677637,15.8606371712111,20.1704565534983,18.8482493164564,18.1211555073435,17.6338350360624,23.3114453084264,22.6567586927244,20.0286534750189,22.7870608045788,20.7771672832812,26.2034014933767,35.6597738142257,33.7015679642218,29.1565198766117,32.9669183147695,29.1628440790498,NA
458,"MYS","Malaysia",89.1512329888468,94.089593297134,91.5769062511085,93.2894480029809,115.743316716329,121.310586967942,119.809989309794,110.402491356547,108.305585420081,106.94320735298,115.373094342568,112.898976779781,112.185668827698,106.168575465176,99.4997650360804,91.4168021810619,86.9302950693543,85.2554421085998,79.2999139255312,75.6290410302627,73.7934986257765,70.5533731602494,67.7885818264529,71.3897057736925,69.6826642384263
462,"MDV","Maldives",77.73587169976,NA,NA,NA,NA,NA,NA,NA,NA,NA,NA,NA,49.3340009071266,96.5477045512309,86.7102794727139,73.0056489032109,77.5617934486833,88.0279050244333,86.1330858652378,88.2514064605124,89.2313761962802,76.5339444120003,71.3075216179307,67.6197031228131,NA
466,"MLI","Mali",19.4427753535685,19.5610676592397,18.871477613841,23.8265592935591,21.2539525168432,20.2509889197506,22.4785904568103,26.3124370675839,28.0874538136608,25.7693403925944,23.6771847065241,22.9888693418902,28.4289450992381,24.1521111507005,25.2677563340639,21.7344772232622,22.8371701772321,22.7261779161711,26.8925571346712,24.9266076514655,22.5554885815742,24.0437106499158,23.451220325773,23.0558379797073,22.3627761145783
470,"MLT","Malta",85.9618426185406,122.272887946271,114.104617026955,110.62284256341,110.336572313759,112.356913770176,119.333773237161,108.497941027504,111.625010554758,107.721025298767,103.464003944773,104.371754730558,123.45481888565,129.537125488493,148.476838481244,147.735640048219,153.255549662853,160.430165006745,165.210618402254,156.970619803157,148.941009461835,153.896068231418,151.935366253637,150.867284187328,144.566897045767
584,"MHL","Marshall Islands",NA,NA,NA,NA,NA,NA,NA,NA,NA,NA,30.302905708016,36.5833481960957,30.4633502396999,31.4458154951203,35.3508472812453,33.7002637312235,44.1805768474217,53.2378161644647,57.8407811652147,58.3797342568794,53.5063370563665,46.757418979298,27.5410171523703,31.4928389300467,NA
478,"MRT","Mauritania",43.7744222865681,52.3361785621966,49.405594974573,42.1248853377032,30.8558334965562,27.2388289973222,29.9614223538157,29.3975211302889,28.338268059455,21.4496152183304,25.6494190510215,30.7241669425135,46.6995169188594,44.872959305855,45.9479134230152,40.9422798438017,50.7446961342758,56.1329132793474,53.0239512275286,49.8263938030136,39.1478263435796,37.1045951129164,37.1504739020013,43.5640254809001,43.1708900136478
480,"MUS","Mauritius",56.7227600344568,58.6575876878086,63.5855698064946,61.4621055316895,65.6837384241532,63.8026645667994,61.0942148736946,67.9870194726452,61.6083500391383,56.0072568179604,53.323131446527,59.024476346194,58.4439359267735,55.8674978743079,51.0705214350546,47.6771685929338,51.2376727919807,52.4441473837658,53.7921652730404,48.4174147482391,48.8461008718009,47.86224697665,44.2503421388566,42.4515694410117,40.664872067457
484,"MEX","Mexico",13.3828583816104,24.1491933924023,26.0050149675925,24.3329303395345,24.5944327690014,24.6326500515211,25.4067169365962,22.6667211742494,22.5524898738313,24.3604406878698,28.4143869492689,30.3777925808112,27.3251618939287,27.527235888679,27.7014958270789,27.1549993271981,29.6976647689721,31.0367071399496,32.2655677637235,31.3056529459396,31.8925445226212,34.5633308736609,37.1010422895579,37.6345637328227,39.2230817444662
583,"FSM","Micronesia",NA,NA,NA,NA,NA,NA,NA,NA,NA,NA,15.5370537740996,16.7248452324891,18.0936116536812,22.5019012029323,23.3350807209381,21.8504915048825,23.5137440211678,24.3201575770341,29.4551200185694,29.575883604828,26.1471562524961,26.2730118722748,26.6199670441194,NA,NA
498,"MDA","Moldova",NA,60.1260240612434,55.3282551648836,53.2001155100244,45.0195365920155,52.3183763996002,49.6001138108804,50.0550428204431,52.4638965185896,53.3133484809217,51.194268741319,51.1637629462697,45.255965747432,45.5808394942943,40.8190437790426,36.8721225187512,27.8296135408368,32.5404569318031,31.1328505077314,32.0926132528014,31.1706949886454,31.8954513671775,32.3091153609694,31.0987618632711,30.4231297062403
492,"MCO","Monaco",NA,NA,NA,NA,NA,NA,NA,NA,NA,NA,NA,NA,NA,NA,NA,NA,NA,NA,NA,NA,NA,NA,NA,NA,NA
496,"MNG","Mongolia",44.6306935081674,40.5413721251054,35.5243256394436,52.6663450827481,47.8435145126418,50.1584406154075,53.9967514658612,50.3183409920047,50.7266159784407,52.3520495329451,60.7877749189501,58.7693837934602,59.443265077556,59.6144484321482,54.0170359170312,50.2779993278591,46.6789825837072,52.5535550456296,43.5721511955575,38.8902372855045,52.2489986680929,45.6455947735648,50.2009552991582,59.7534265414185,60.2833311489996
499,"MNE","Montenegro",NA,NA,NA,NA,NA,NA,36.8149918504193,38.4234543783926,35.3561171254814,30.6112461989977,42.02204717619,43.549124680302,40.5615430103488,43.0030266328069,39.5197484510197,34.3308777725263,37.0444051211325,42.3488436130938,43.6724829379562,41.3423774461841,40.143704803058,42.1180721256354,40.4609565698551,41.0552137649564,43.2168649997694
504,"MAR","Morocco",20.9385014625219,22.6732200383806,21.8359749586865,23.9241178671875,23.4038041854498,25.1543679508289,26.7874316586441,28.2091661254411,28.9176142561292,27.5037769965179,28.1075991337609,30.9191592317607,32.7553597974598,34.5716800765988,35.7423506783512,28.0031744207951,32.2330186178348,34.7000342650751,34.9295478964619,32.7776435173172,34.6324088802822,34.8000404878789,35.175357329963,37.1115502065745,38.2823731870539
508,"MOZ","Mozambique",11.9987149882928,13.2145282278372,13.1756055558407,12.0068848630758,10.930931670008,10.1657727684956,12.8317288440461,21.1170350729284,24.4104175520318,25.564246109953,28.9250538760892,30.1904574440049,30.2168787336062,30.8372823383014,29.3371765785132,29.9695134419514,31.5102163297875,33.4266920702478,32.3761330271998,30.3693090439313,33.359304134363,32.2162477049331,36.7895460192403,40.7170994812689,40.7093763573278
104,"MMR","Myanmar",NA,NA,NA,NA,NA,NA,0.538837892336937,0.470599713307603,0.285754172162196,0.207565072369415,0.186736793884873,0.17845542977487,0.157094763445779,0.138180683366343,0.116556167065436,0.10271275104536,0.109123504913292,0.0994649125401589,11.4983610766133,19.6350983163271,20.0904021624553,20.7991599837419,15.0014711303666,19.9644953200386,NA
516,"NAM","Namibia",44.4676685808148,45.0970546525223,45.9095014046406,43.1897027820458,41.873444312531,41.9683265259015,41.6738516089444,42.0111243249898,47.2050547619328,44.4626299409951,40.5886681703988,41.2443417235328,46.3021697716437,50.482337428943,54.3542671081322,52.3467607219445,47.7572842014059,45.5261562327989,43.4116137608521,41.1850731497183,38.7140741468694,38.4086168425482,41.0872244868301,37.5115053600552,38.7316674535893
520,"NRU","Nauru",NA,NA,NA,NA,NA,NA,NA,NA,NA,NA,NA,NA,NA,NA,NA,NA,NA,NA,70.6423986271768,75.5278529368711,57.2612597345334,45.3525138181555,48.8180456490728,NA,NA
524,"NPL","Nepal",18.9939379340801,24.9731589825482,22.8175751366943,26.3278350735973,22.8220512223903,22.8484720906571,23.2840037102623,22.5607737189466,17.7371295242283,15.6998644945158,16.6826952635217,14.5836867929394,13.4465909577363,12.8556648764061,12.7758202580003,12.4193541858921,9.58253617198229,8.90403042092126,10.0738929802324,10.6890751741434,11.5050876388893,11.6219397442892,9.46839939713689,9.0968284803142,8.78661490291578
528,"NLD","Netherlands",54.735650896803,57.2209730326782,57.3884657236126,60.3599551275451,59.3403416223893,59.9050205145199,66.0332693962704,63.2984076981661,60.148422487264,59.2841403248767,62.6742441704485,65.632085215917,68.1811183379922,68.7754574672546,69.7936334784718,62.2370135170171,69.8036724776943,75.5030683053513,79.5033738356974,79.880477786038,80.5779081541485,82.658896708444,79.5351647591471,82.9540274174816,82.9877691618404
540,"NCL","New Caledonia",13.5961768708006,15.5638092682129,15.3462781856552,16.4920122016379,11.9903062307195,13.0823856562793,NA,NA,NA,NA,NA,NA,NA,NA,NA,NA,NA,NA,NA,NA,NA,NA,NA,NA,NA
554,"NZL","New Zealand",30.7781456953642,29.3933663078266,28.3488788439284,28.3203739922721,29.6173216258214,30.9505515371504,35.7454584901409,35.4310398408851,32.8470717038637,29.8397254017245,29.5434106069527,28.2851654320382,29.5900343962071,29.2460100831701,32.0428440337943,28.7421943773777,30.2599368837068,30.3642357707945,28.8615138430978,28.8320352125995,28.0244700361846,27.8546467699282,26.4395587292529,27.5683201930361,NA
558,"NIC","Nicaragua",13.1398768688125,16.0950862533839,16.8473581081537,19.4195451837514,19.3344405147071,18.5302795190448,20.1081658866931,19.0419108824493,18.8471358845682,20.704998914845,23.0598557398256,24.3821308946094,31.2666288650856,33.0635730423674,34.4704620011048,33.9814942096139,40.4671151559929,45.0169781525763,47.4691755587782,45.2142694902064,45.008072249634,40.0837782762852,38.8820264007898,41.1660786386417,41.9805395497737
562,"NER","Niger",16.5319569417646,17.6807628885733,18.5412981531988,16.8241396642574,17.7817055005803,15.9000476895685,17.7994376757263,16.9229312762973,15.9079547593866,15.1978674015748,17.3642733134921,16.5952897945549,16.4124587405957,17.4284341773358,17.8094458044593,20.412375847571,22.197962591131,20.9023181408317,21.8631734961604,22.6354986183714,21.0197705678842,18.2736702034208,17.1732200338908,16.6237923243254,NA
566,"NGA","Nigeria",13.5492465113726,24.1558159612417,23.0246995078828,28.6497539668708,18.144089697365,21.3343312772724,36.0232656065616,28.2509582263078,23.2397194017019,26.7513810811897,20.2538033796441,21.0339552856975,29.5161318771116,21.2363365678821,25.6700722239628,18.6303414162071,25.660611295447,31.616940212958,31.5465877297917,18.0499065845438,18.435126055836,10.6566950155309,9.21810969847623,13.1715621009489,NA
570,"NIU","Niue",NA,NA,NA,NA,NA,NA,NA,NA,NA,NA,NA,NA,NA,NA,NA,NA,NA,NA,NA,NA,NA,NA,NA,NA,NA
408,"PRK","North Korea",NA,NA,NA,NA,NA,NA,NA,NA,NA,NA,NA,NA,NA,NA,NA,NA,NA,NA,NA,NA,NA,NA,NA,NA,NA
807,"MKD","North Macedonia",36.3116883116883,31.3839303239845,26.7910966469641,35.4730312833801,39.1751873576837,40.0930040437213,32.9468400859053,29.1985118446233,26.3012363630739,27.6563674663372,30.7041661621306,34.8076006574873,37.791482499104,44.116881967556,43.2244691363976,32.8055433623879,39.7897533935824,47.124428569582,45.3744672736194,43.396474533315,47.6628552909135,48.7379999069691,50.663842164107,55.4000973078171,60.3406289186258
578,"NOR","Norway",37.3372653784984,37.1831664458574,39.9429387943189,40.5578082998342,36.907664426853,38.6042991196183,45.71406591745,44.9542850020932,40.3949926322651,39.6485456710955,41.1148603716875,43.4253487532568,44.6648147078154,43.2827625045406,45.8864914115916,39.1918305296401,39.7251997984377,41.2286126645575,40.5743368669435,39.138762670395,38.7828701180456,37.7175833099218,35.2195174808675,36.2221847641914,38.0510927103992
512,"OMN","Oman",43.0012280313249,44.0353488722654,49.8101901503158,50.0369488463749,41.9695906035386,48.6876033845913,53.6890382102765,51.7026994504833,49.1032808687007,49.75836118391,51.3779196773651,58.2796418709731,56.1724728327335,56.4832095316961,58.4804061815433,50.6361090656963,65.6519420791201,72.9117219202205,71.4891308034049,75.3748440213121,70.2476422659909,56.7050184337536,47.0764558559625,52.1229846710072,60.1513993617349
586,"PAK","Pakistan",16.2825154506042,16.709969655752,16.9031017751853,16.081953225121,16.4847911755655,15.3534993273502,13.4413246244032,14.6595396108149,15.2236171954973,16.718967406999,15.6668995032426,15.6894954323083,14.1339628244825,13.2146134120422,12.3823108823915,12.3957524208681,13.5162678459051,13.966669657767,12.3966627590851,13.2771534315669,12.2425836268349,10.6044115695422,9.14572693911771,8.23544134850064,8.52973636177016
585,"PLW","Palau",NA,NA,NA,NA,NA,NA,44.7006932187525,45.6872547127324,45.957689593191,40.8923986913301,41.1827376659324,45.517613696973,45.8455405485177,44.9928202918799,48.1823312386054,45.299864316275,49.3397789602052,55.6385055341769,58.9404538116968,57.3990096105672,59.9171833042909,56.1384260585964,51.2632058542459,48.8450384458127,NA
591,"PAN","Panama",66.0420556339858,66.8471008580416,71.2869234305801,76.988271392297,67.6528625181573,56.8537676405442,62.0105777619926,62.1354389205822,57.6398121134616,54.3400329774076,57.76765137464,64.5007929117914,66.1734556323528,71.4583714801967,78.089382618748,69.813781028204,70.0420851689691,78.2305354867354,75.1912579118816,65.1616228070176,55.3575112927296,47.6851346879466,42.1780750065565,42.2594037293807,NA
598,"PNG","Papua New Guinea",53.5346075258123,61.0389865530211,59.4045079252947,49.1575230238997,54.0414898252089,63.1183638793865,66.1783592514226,65.3299673922453,60.9158105615375,69.4179663237905,72.1640496028948,NA,NA,NA,NA,NA,NA,NA,NA,NA,NA,NA,NA,NA,NA
600,"PRY","Paraguay",60.8203573533219,61.7750273749308,52.74050158026,48.4697528692641,54.6398352009449,42.7929400088689,43.3309260294934,40.6425889608269,47.4750765387374,47.1446575963153,45.6878246718486,47.5935921119847,46.2930851780554,43.374929155941,39.8560333689015,36.2364977398964,40.4259434443442,39.2094181670662,36.8765169084845,37.1727436566723,34.814209284451,33.0006187689897,35.3827018652712,36.3792056878344,35.6734204659262
604,"PER","Peru",12.771482770164,12.5998852514905,13.3165199179977,14.4772602562861,13.7029018488677,15.3968880071118,16.7683737208169,16.6013795219337,17.2748078529874,19.0146669472489,22.91223375085,26.8487611117093,30.536636453521,31.5221165305465,29.7276302098838,26.4420527390278,27.8261641521748,30.5027597563889,27.4496143710972,24.8082994208508,22.5851000625665,21.2925038352125,22.5989529216142,24.5716024027818,25.196260709797
608,"PHL","Philippines",33.8256941212051,36.3572830571195,40.5066572372304,48.9564820007722,44.7642271010871,45.4893069441421,51.3692917430617,46.0268517729314,46.7470036255094,47.1570550769804,48.5726471309987,46.1369862795119,46.5780579854561,43.2607988231252,36.9120402723575,32.2323531547783,34.8032920195688,32.0308453420632,30.8190472322506,28.0176768313145,28.9127249117419,28.3957216870393,28.1015200431342,31.0232963610407,31.6840035925657
616,"POL","Poland",NA,22.9605173449227,22.0946007054355,23.3594100353779,25.9819822792747,24.1244818331558,27.2288811486492,27.2298820217084,28.7581820290198,33.3912971522466,34.2648184150678,34.6096996571318,37.8639851040919,38.564590078351,37.8569890106985,37.1844501708196,40.055130499039,42.5631723792845,44.4435920646854,46.3198331819457,47.5689217230576,49.4978969330551,52.1945482055889,54.3381286212232,55.3094714114475
620,"PRT","Portugal",25.1296433204711,26.765554039587,26.5468088870944,27.1454164091975,27.3218355632049,26.4718665153461,28.19085673866,27.4239965888504,26.945552821905,26.7517090393724,27.2543875345978,26.7342551972326,29.9170673289114,31.0057427828733,31.1252705012107,27.0807114054582,29.8732519100281,34.2913336262909,37.7105706067037,39.516176040327,40.0743741060985,40.4026096326703,40.0144586737405,42.6992371776537,43.5851813601727
634,"QAT","Qatar",44.8757580784336,44.3386681431189,43.7257421678112,48.2808096120086,51.095630938074,60.0407882778036,67.2833585991399,65.8928571428571,60.3427728278758,61.6975823867948,64.1682249463259,65.0850448205021,62.8177301668239,60.2773718602663,61.3623526215314,51.1348760906328,62.3196825992818,72.619706501698,76.4724132962001,72.7177968643942,67.9980763543451,57.0615202477184,47.71385375834,51.0424278331852,NA
178,"COG","Republic of Congo",58.5170212549371,64.7045701571672,68.4582134338693,75.5966393744929,76.2776297713242,72.2900710687918,80.297147219193,77.4200268515354,81.5164254833959,80.8123655970076,80.5297928332926,84.1581731086679,84.1596778063622,78.5294841648014,75.1514962068751,70.417977115355,85.1196700579951,87.2830509383417,83.7751473087178,76.5324601011586,72.9867503393234,69.2755673871794,66.465721049013,94.0335327166831,98.8892553675039
642,"ROU","Romania",24.9013530353956,25.6300423094106,26.4574936115282,28.1971443249242,23.0154805621533,26.6618172055494,21.58888431382,22.105963469215,24.0130293587441,24.2127350487918,25.743936265036,24.5352206061523,24.7712264990404,24.710829049515,26.1553446185183,26.0236122287219,32.398669561777,37.0315825913804,37.4089525954752,39.8731217132047,41.1641751799795,41.0180191128728,41.1855862374163,41.5266784059232,41.6418648954979
643,"RUS","Russia",27.7583790421613,29.2890113495619,26.0729881302908,24.7298415292289,31.22120547318,43.2199685128244,44.0604413055146,36.8934935960337,35.2125940630626,35.2499817748679,34.4178910548453,35.2030659645854,33.7304754438513,30.1640604846984,31.3095603335459,27.9381012043276,29.2155607850275,27.976923098045,26.8834449592467,25.7929650488237,27.1013291787849,28.7072623228252,25.7371444411858,26.0520617365331,30.7411349729631
646,"RWA","Rwanda",6.30258595021786,5.15079191273105,6.03137002080941,7.79733936179779,5.5850635761597,5.95670517724065,6.04454755724057,8.10727453159016,6.7523446810404,8.11471358838782,10.6851451023863,10.9843052740368,12.2910656119125,15.7193943507595,12.5298902742824,11.746543063431,12.0183493039689,13.6454176188654,12.7868855369652,14.0904230604572,14.7221098652137,14.2383829095169,14.9203004034624,18.2405923641026,17.3769691048968
652,"BLM","Saint Barthelemy",NA,NA,NA,NA,NA,NA,NA,NA,NA,NA,NA,NA,NA,NA,NA,NA,NA,NA,NA,NA,NA,NA,NA,NA,NA
659,"KNA","Saint Kitts and Nevis",40.9774724826692,37.8034094143183,38.2153048701502,37.4709084140064,37.866641238702,35.9482905236547,34.6325098050551,32.1938855447517,30.8566572947457,33.9977397663977,36.6460816731285,39.2324628483565,35.86409124323,32.1878746587615,29.6756802151755,23.0196018901329,27.6740303497231,31.9208525351623,34.8180839526884,38.240521415181,59.1800080590098,56.7323833718745,54.0669967702164,NA,NA
662,"LCA","Saint Lucia",53.2655489734884,56.3797527028619,50.0352566095974,49.7379325520269,48.9562243192793,46.318026738893,44.9437264539181,40.9658764761589,39.5719401512647,44.0181375809048,44.9435062563624,51.6685310326896,38.799587964933,35.7289231225453,41.6608990603702,42.5379283035176,43.5154985267544,39.6632607930175,41.9895626643383,41.0346759765953,40.7019143008147,38.2223285759237,36.2923515980558,NA,NA
670,"VCT","Saint Vincent and the Grenadines",38.7839084080939,43.1352698105032,45.0201123502858,42.6559060426272,42.1323476347914,45.3484775509395,45.2768874864392,40.9133153292365,38.6055869634579,35.8752287879638,35.3500181078593,36.4144028981402,34.7002817986493,31.0061136742657,30.2213997555146,28.4933024132758,26.8926919935904,27.0362445409585,27.1743153679757,26.0809072556858,34.7428043864134,37.8320276401993,37.7928636425727,35.2310580054006,NA
882,"WSM","Samoa",NA,NA,NA,NA,NA,NA,NA,NA,33.4331037713525,30.5996965598213,28.1963401324186,29.2240945484689,29.2678482019655,29.3682873272322,28.8561074138972,30.0700525679219,29.318914361208,28.5592156556331,26.9544488738474,27.630494636216,27.3021938316126,27.8180166612269,30.8738736241155,31.1461338919099,31.0248129754765
674,"SMR","San Marino",NA,NA,NA,NA,NA,NA,NA,NA,NA,NA,NA,NA,NA,NA,NA,NA,NA,NA,NA,NA,NA,NA,NA,NA,NA
678,"STP","Sao Tome and Principe",NA,NA,NA,NA,NA,NA,NA,NA,NA,NA,NA,NA,NA,NA,NA,NA,NA,NA,NA,NA,NA,NA,NA,NA,NA
682,"SAU","Saudi Arabia",34.0009515505752,37.337864238336,40.0228422766992,39.1586280046544,29.6323754547648,34.6664938544479,43.4052706614089,39.6337222614296,40.9487917017867,45.854165777315,50.9853310838178,57.050742989557,59.8319082445442,59.9374401392842,62.1115020331022,47.0886206534391,49.56979003694,56.0492397321467,54.2708404963726,51.9179657655611,46.8752915114018,33.3211712414632,31.1441976901325,34.853059292897,39.6664909299042
686,"SEN","Senegal",31.7537391712163,30.8663417038109,26.9840157946281,27.3148894773708,27.6965639633268,28.0564682167105,27.9251163321944,28.7262925455488,28.5488709898407,26.6228481512416,27.1386800048886,27.0174032067046,25.6262428056118,20.1002187202788,20.635146023614,19.183456683514,19.8313254385511,21.1858372002467,22.2566508105118,22.1957496213951,21.7780051150895,22.6774006299542,21.5608770406083,21.8109046806362,21.8503343900089
688,"SRB","Serbia",NA,8.10742895691036,15.0134584477094,15.6625822475559,21.1581902575228,11.7322555160965,9.8532752550406,22.4434273047155,20.6452025648395,21.962472134802,24.2194158758531,27.9649784834008,29.4419400774293,27.2898247688573,28.4431400741434,26.3477784652746,32.2556060972848,33.001822180013,35.8448069778677,39.8515058756793,42.0775299717701,45.2736107613152,48.6154592983684,50.5407910754244,50.9134321460245
690,"SYC","Seychelles",10.3958282507929,10.4749390521053,27.7347012239021,20.1169776646876,20.1063942773248,23.2888862181895,75.4732018330345,83.7914346072595,77.8664006906655,88.8835594154226,74.0100275123175,78.3013419068021,84.3673369506291,90.6255602079122,101.392585547174,107.994354461112,93.7987808628791,95.769095938163,99.3293601451528,90.8113046867575,88.0123586712212,81.0912580145093,80.6824164114967,89.8925636134747,87.0342428198024
694,"SLE","Sierra Leone",29.5115463670498,18.5884363827694,17.4452345968339,13.1996946634407,14.061562197109,13.8278916025781,18.1348435554968,7.83994164695788,8.54942489403508,13.9213494974396,16.4706925608544,17.5730643286243,16.8653844799076,15.6035816260681,13.5191917483725,13.4997687513892,16.7949668203799,16.2666933861058,32.9053270557266,28.6267570505226,30.7600393800619,19.3625445264294,24.9140932574707,26.051347364045,NA
702,"SGP","Singapore",166.193359003655,181.120940871727,175.64311239295,169.296886140865,166.787570508849,176.745012905762,188.350890284751,182.894180709771,184.086118066532,202.586206389804,213.951695442646,225.159667736916,228.037617061062,212.779393731371,228.993770935119,190.844935011128,197.998960793027,203.327708649538,196.719612875759,195.077796338143,191.953535787505,178.384608499682,165.555438226938,171.420858517608,176.378700441493
534,"SXM","Sint Maarten",NA,NA,NA,NA,NA,NA,NA,NA,NA,NA,NA,NA,NA,NA,NA,NA,NA,109.948675101456,113.294044313481,121.348989623157,118.329196810477,114.448111477814,109.030745179781,NA,NA
703,"SVK","Slovakia",58.1544443913734,56.6849123260457,52.2867787106934,55.0673474769056,46.6571717360448,47.4785296379812,54.0657206165597,57.7947843673601,57.4823922268769,62.1928456495847,68.7124767038628,72.0456267341533,81.0266400626251,83.2757640520849,80.045336347191,67.6092509853598,76.3352577866102,85.0470339297725,91.4301238786082,93.8195013492877,91.8529634236053,92.3088157555989,93.5035170295627,96.889880002886,97.2512751077617
705,"SVN","Slovenia",53.7485686041788,45.60678069108,46.1893400688448,47.5938086300209,47.5407899295888,44.1477155052388,50.00560338316,51.7489200512356,52.1575729009754,50.8958502408984,54.9662359275651,59.5799406279248,64.6953930634183,67.5970600995127,66.1088340049416,57.2426782788636,64.2881147552492,70.3739551320385,73.1246325370883,74.5170949645145,75.8368433387359,76.9369283181482,77.7668382791548,82.8761284168263,85.2078642986665
90,"SLB","Solomon Islands",36.7523043734066,36.2222976028946,34.4215122048025,38.6659718603439,36.1877479065668,35.6879554222032,24.0899647728299,16.5117518964031,20.0667350129744,26.4064064064064,30.9303319561191,34.0712933551513,36.1378873766294,41.6497847556343,44.304700265252,39.3,49.3346089739647,58.1079119639353,59.706012163814,52.930321663231,50.7627759944318,45.0747436448392,NA,NA,NA
706,"SOM","Somalia",NA,NA,NA,NA,NA,NA,NA,NA,NA,NA,NA,NA,NA,NA,NA,NA,NA,NA,NA,14.5440849373934,14.3960901038841,15.5640136452242,15.6022046783626,13.9497657126824,16.0872197343956
710,"ZAF","South Africa",21.4741865212511,22.1355986308901,24.0802633424255,23.987330700296,25.0050547621111,24.6952092415361,27.1588800453122,29.3748279395571,31.7808365475061,26.8850611646399,25.467096205328,26.4466641533283,29.2738936609764,31.1738505106893,35.6224380693971,27.9118881737959,28.6152333781659,30.4609405932431,29.7238793583952,30.9713411232732,31.4686452082634,30.1560456138054,30.7025974061215,29.7728887388271,30.0580357824087
410,"KOR","South Korea",24.2496876145664,25.933521104169,25.2847399347551,28.977022783758,40.3892984398929,33.5640716636319,35.0088777341264,32.7324453775541,30.8268550142275,32.7021700046848,38.2950027801461,36.8096644771625,37.1662636873734,39.1846770759826,49.9614121312944,47.5497604513923,49.4194931194618,55.7474744518756,56.3402392249426,53.8750763058176,50.2755337484346,45.3366897596795,42.2842014732736,43.090975864808,44.0101546966342
728,"SSD","South Sudan",NA,NA,NA,NA,NA,NA,NA,NA,NA,NA,NA,NA,NA,NA,66.0270602706027,60.3143140308651,61.4344827586207,66.0761204113805,10.1216163201255,16.1953464587062,20.1513069776938,21,54.9,NA,NA
724,"ESP","Spain",20.408590200644,21.9318278301117,23.1184117772423,25.7537414414467,26.1832135469874,26.3972364869867,28.616170212766,27.8622156654201,26.4771356274223,25.4473086803274,25.1788906688955,24.6677828332434,24.8719709040114,25.7077350535294,25.3164908508589,22.6734207433933,25.5192957948443,28.9201073568194,30.6999802849545,32.2175348764201,32.7129945462604,32.9353058968798,33.1156485448401,34.3144542788037,34.2778965907661
144,"LKA","Sri Lanka",33.8128837957878,35.597629130901,34.9733377770372,36.5381180807663,36.2438186772706,35.4837047170656,39.015700886425,37.3311884768914,34.9133301978336,34.6535028324228,35.3309027324412,32.3368729874893,30.1285270937972,29.1149996870361,24.8414870988205,21.328366243783,19.5523202563194,20.8968387282014,19.8164817811519,20.3203983024553,21.088762290753,21.013103191359,21.1739837919769,21.6847357973021,22.7849790406525
275,"PSE","State of Palestine",14.5429606443217,17.1225782868283,16.0136086344439,17.2961327730198,18.0539849550125,17.5969282637198,20.5165059347181,15.3832704748108,13.437201192418,12.9813508064516,13.7854568973482,14.969576555321,14.9956212704426,19.3668495041593,17.4571064658725,15.5925813819102,15.3403417441743,17.1938005236303,16.5886483323581,16.6062840654056,17.0837396583724,18.4494594807859,17.7346432588245,18.5727785020106,19.8653521165306
729,"SDN","Sudan",4.69055622154184,4.96946562148932,7.45483003822051,5.34362990319235,6.70209366981448,7.77940946229747,15.9845570577283,11.3978614710437,13.9789993078504,14.8278627220547,17.7579629109949,19.1781581044489,19.0736627469444,21.8865604123274,24.0955356559534,15.9688063277202,19.7434981872642,17.567632793895,9.21919168401475,8.84055176839889,8.14913451754716,8.1822260943338,9.82885176193902,9.69182225518746,10.2488354394272
740,"SUR","Suriname",NA,NA,NA,NA,NA,NA,NA,NA,NA,NA,NA,NA,52.7454484674471,54.1279543652837,56.9087583187427,44.1231764175064,52.5473192695739,NA,NA,NA,NA,NA,NA,NA,NA
752,"SWE","Sweden",34.451829829729,37.9608495328927,36.7885697624766,39.9979129347599,40.9622266176993,40.9880418982109,44.0374874246211,43.687215844533,42.023280091097,41.1917356463199,43.3960510653207,45.8207575335411,48.1317079805107,48.2006117571645,49.7531460063609,44.4050426350596,46.1349942562398,46.6259478514729,46.2720165600803,43.7539133515407,44.9864689127553,45.5329863338302,44.3998023485138,45.3460521490956,47.0360781426904
756,"CHE","Switzerland",40.7031823345215,40.6819929392278,41.7408536888844,47.2415937350655,46.7018073429387,47.4124158629753,52.117902695398,50.8893428605111,48.9369871208892,48.108443265943,51.4710395673816,53.7904711184196,56.491170130098,61.3036352416833,62.6611637286847,57.2304543380503,63.9656690953886,65.4655013482063,67.0336106087201,71.9249426179144,64.273711403362,62.2161478826626,65.838765618077,64.9090187946682,65.4537903389315
760,"SYR","Syria",33.0619777475247,31.0397127720128,31.8259784586391,32.4207406116144,30.5291709778597,32.3167605104189,35.3894830794694,35.3781996681552,38.0720076501651,33.4705254230503,40.0543851478818,40.3878553249453,39.5045675156527,38.6434451434366,NA,NA,NA,NA,NA,NA,NA,NA,NA,NA,NA
158,"TWN","Taiwan",NA,NA,NA,NA,NA,NA,NA,NA,NA,NA,NA,NA,NA,NA,NA,NA,NA,NA,NA,NA,NA,NA,NA,NA,NA
762,"TJK","Tajikistan",38.0613861386139,65.5830945558739,76.605804150454,87.4179853338479,48.8637471959427,66.0966542750929,86.7521128337158,68.1410406427959,62.8092317719906,63.9307766623262,58.7453180484167,54.2419448838565,58.1562258976776,45.8592358876636,34.0147964082001,24.4709988607994,14.9390256242133,16.4476856516722,17.2772798792139,11.088143661398,9.17009118973376,10.4898499649856,12.9352357142464,15.7212047531276,NA
834,"TZA","Tanzania",20.6139807131078,24.0747227280252,19.9371649429537,16.2181067167801,10.0250361806256,10.1633516307338,10.8090877557931,13.8322827976542,14.2767316009244,15.0879337473248,16.0400668388313,16.9833670562061,18.4149914480667,19.8306255867467,19.464611354853,18.194265831237,19.6075287369063,21.6342823273901,22.3720706818596,19.0122040044335,18.0692094479871,17.1049113506573,16.3499746553671,15.1402777418547,NA
764,"THA","Thailand",38.2421139088502,41.5323943020797,39.0184117854398,48.2371713557887,57.9372289064117,56.4386017765591,64.8402123703332,63.2505477535789,60.6457526009701,61.5225613719274,65.9719616908803,68.4027348675386,68.6752521083177,68.8722296414169,71.4163960353282,64.4386858792776,66.486136250317,70.8549845784351,69.7554602779337,68.116149065726,69.2741608826587,68.7213427415388,68.3933272087961,68.1771568137634,66.8185607170986
626,"TLS","Timor-Leste",NA,NA,NA,NA,NA,NA,27.1761770905256,17.0975407873507,16.2587419003678,17.0405153984188,66.8253576180698,82.8451022077298,102.839398950792,99.6679308666723,98.4539603428495,98.8007443267575,100.226645905975,97.2663354526682,97.8820637463502,94.049572585179,96.321405977356,75.1385580988461,57.934012198289,61.0884004902232,NA
768,"TGO","Togo",30.548558845569,32.4369128104169,33.2820379210083,28.9750122634569,29.686342329128,28.8746893485824,29.9027986330084,30.4052052068002,31.7007121445928,34.3828364553925,33.1137594858111,37.1396848946448,35.815722515075,25.5696626690186,33.9188861005424,34.528268521554,37.197008539453,38.2990891236792,46.5884416108482,49.786823296153,43.6606659869947,41.2924236288306,35.7268712875901,33.2504341248373,31.5129818780778
776,"TON","Tonga",17.3815489615867,17.4887439446501,20.3500859503521,21.1390818404972,19.8805062499778,15.6335770456414,14.4438850265606,13.0383108614581,18.2589720789435,19.359607595153,19.6771896561388,17.8174490727622,14.4660635008046,12.1536225880537,15.7257263284661,13.3749246534057,12.4129367195173,15.9118193548387,17.012040969273,20.3529690299462,16.8159975139838,17.0214395461529,21.3133445756043,21.4533599747608,NA
780,"TTO","Trinidad and Tobago",NA,NA,NA,NA,NA,NA,NA,NA,NA,NA,NA,NA,NA,NA,NA,NA,NA,NA,NA,NA,NA,NA,NA,NA,NA
788,"TUN","Tunisia",44.9322743426627,44.9043502738714,42.1093762292631,39.1140807378157,38.5197865270366,37.9790415861375,39.5467039034019,42.8166884538453,40.7845866741233,39.483452208304,42.2211408238196,44.9322920398366,46.0270074763373,51.086110620818,55.6582675626676,45.039811033928,49.4968638241521,48.5317604299435,48.546217436294,46.9665615796849,44.9242815839655,40.0958085247141,39.9980401851134,43.5394749229517,NA
792,"TUR","Turkey",21.3621312072128,19.8916075029397,21.5426581369532,24.5817176843052,20.5683377774765,18.5778585134036,19.4487715634341,26.577921534507,24.4606947739156,22.2431332374659,22.7504811882206,21.0177813066254,21.6504179519085,21.2202245051894,22.8262573337887,22.5736725979241,20.448807708352,22.2624078746205,23.6673658046027,22.272255193404,23.764334728148,23.3459303340392,21.9650827015811,24.8042323540151,29.6124160130683
795,"TKM","Turkmenistan",84.9552752293578,83.9729294478527,74.5806451612903,39.018901890189,29.7249017506252,35.6768885564697,55.2364541451273,41.4921647483012,35.4111405835544,32.6066829391465,29.6938499051748,30.6869716141313,35.1161849970785,36.7777777777778,57.3741661613099,47.0830223394838,45.9044156489854,59.7971553741823,58.8327446167355,49.8393204013857,46.7801747766921,35.6754642894197,22.1440416962805,22.4683973422127,22.6661946952279
796,"TCA","Turks and Caicos Islands",NA,NA,NA,NA,NA,NA,NA,NA,NA,NA,NA,NA,NA,NA,NA,NA,NA,NA,NA,NA,NA,NA,NA,NA,NA
798,"TUV","Tuvalu",NA,NA,NA,NA,NA,NA,NA,NA,NA,NA,NA,NA,NA,NA,NA,NA,NA,NA,NA,NA,NA,NA,NA,NA,NA
800,"UGA","Uganda",8.74053183100128,11.7919923330531,11.9611132735901,13.359513678728,9.63904758759618,12.2515738969733,10.651409293254,11.5180826372043,11.2132791665583,11.3867248343372,12.6968807488418,14.1796999802108,15.2754133833713,16.7250685272735,24.2801423443242,17.2679792171931,17.1317969486892,19.0175749240593,20.2167209587848,20.2980284045324,18.1702567498511,18.444304405557,18.5393752724824,18.1359160406821,19.4696068417608
804,"UKR","Ukraine",35.3888483458588,47.0732489726224,45.651931168892,40.5912251989429,41.8878457925252,53.7037897388181,62.4448756394426,52.5160423744185,52.1623298905093,54.6850429078492,60.255064157598,48.745524589532,44.1490594567549,42.4632687385334,44.4321851993019,43.9131178119664,47.0534008557034,49.8163448823876,47.7207797708926,42.9567198426424,48.5929618158503,52.5976795082231,49.2986194577187,48.0142981525409,45.2099723888402
784,"ARE","United Arab Emirates",NA,NA,NA,NA,NA,NA,NA,49.1592253276122,49.5033473840813,55.9231992151745,63.5677906002192,67.5854343932605,68.6278307709848,72.3840975003088,78.86788870154,79.6533178621862,77.7379999323463,89.7818097390864,100.322312391509,100.631548088534,99.1150412591243,100.870480235332,101.003013922614,100.383841503993,93.8614345672
826,"GBR","United Kingdom",25.2703252701303,25.1476605838381,25.725566506389,25.3993611907018,23.8169844174658,23.6888042375659,24.9114831811159,24.6627762534276,23.7245510399372,23.4814637891052,23.41402775937,24.7007927255603,26.7215680175073,24.8685970669023,26.7387055037486,26.1524590281243,28.1635638180597,30.4434172105858,29.788534935615,29.7230471905877,28.2108881713609,27.4079180774317,28.2789648666378,30.1293063281208,29.9407288201862
840,"USA","United States of America",9.89314741556332,10.639223880261,10.7466355642836,11.119754518777,10.5152611231164,10.3085101834807,10.6927239610622,9.68298331038577,9.13224881991615,9.04306987207242,9.64186274172664,10.0119737683374,10.6598220961005,11.4923141737205,12.4860631262841,10.9488776594284,12.3150580752357,13.5305390136184,13.5289189711659,13.5445244354918,13.5319101631744,12.4321313132793,11.8541384848582,12.061213736453,NA
858,"URY","Uruguay",19.7668103889187,18.9968128121984,19.6699797975865,17.457847722398,16.4199105750518,15.0976530821748,16.6980989454195,16.8046592733471,20.6216724821799,27.4324201365808,32.1122956028891,30.4040198202399,30.2975043944295,29.0904872549768,30.2030239732024,27.0992157591562,26.3429945435247,26.4221494258189,25.9196294239831,23.3531364214523,23.542661614912,22.4778512508856,21.4275434636214,21.4290930740709,21.0042656617065
860,"UZB","Uzbekistan",NA,NA,NA,27.1091182703234,22.5642195291768,18.1790891922618,24.662704263423,29.6751060849085,30.9204450887224,38.2375863470134,41.7898866324117,37.8090294786289,36.5136876387581,39.6709294075913,41.1685228048386,34.6626309351177,31.2686080563183,32.6511257652588,27.3340440501464,26.5964802687374,17.7327760242286,15.3320737677552,14.8772848540833,21.8010950800774,29.1091022934697
548,"VUT","Vanuatu",45.315989499667,44.6478282423826,45.9603519404184,52.1382799325464,42.2895240373117,37.3785846438483,39.1789749205417,37.9562433297759,42.3100071127647,43.2776389756402,45.5995882655687,45.3833317882637,41.2708534754078,40.7947928642955,45.1620757381466,49.1100907569219,46.62651666863,44.3398755520438,49.0878961541117,47.8239647507355,48.5557901123766,NA,NA,NA,NA
862,"VEN","Venezuela",29.8660764305307,26.2312623568888,35.3343058736758,29.2590106069999,20.920486481036,22.9117089002201,29.7442196597828,22.7356315651648,30.4335705492145,33.8533894084396,36.1983535672104,39.6586527436252,36.5186216079437,31.1305388597077,30.8216690057259,18.0715188695789,28.5304069880193,29.9430146096987,26.1710142521782,24.7649783030385,16.6938273502942,NA,NA,NA,NA
704,"VNM","Viet Nam",34.0131286445719,32.8128553337382,40.8684874256348,43.1027067532993,44.8483033771263,49.966245972491,53.9214970086223,55.0619332822697,54.7391336889888,56.6732579154217,59.7310414145255,63.6994926701393,67.7168143260187,70.517874602272,70.3366919402715,62.6088840664865,72.0023560728659,79.3908729873232,80.028618800839,83.6261411693676,86.4047593411237,89.7792486373269,93.6239390610103,101.593435844166,95.3877021650446
876,"WLF","Wallis and Futuna Islands",NA,NA,NA,NA,NA,NA,NA,NA,NA,NA,NA,NA,NA,NA,NA,NA,NA,NA,NA,NA,NA,NA,NA,NA,NA
732,"ESH","Western Sahara",NA,NA,NA,NA,NA,NA,NA,NA,NA,NA,NA,NA,NA,NA,NA,NA,NA,NA,NA,NA,NA,NA,NA,NA,NA
887,"YEM","Yemen",NA,NA,NA,NA,NA,NA,NA,NA,NA,NA,NA,NA,NA,NA,NA,NA,NA,NA,NA,NA,NA,NA,NA,NA,NA
894,"ZMB","Zambia",32.9503954636075,32.9010267147932,28.4789092185853,27.371257557966,24.6177635661228,25.0372193999211,23.9238608307712,25.109699098695,27.1336783308698,25.6839640308427,33.5399822510719,30.6107123143813,32.5929586871888,33.5911932050133,28.9193597052566,29.2509976693348,37.0259391725016,40.470216824151,40.0824233375358,40.4828504498432,38.8224293694673,37.1384510181256,35.3246675119622,35.1519810458785,37.4225503131067
716,"ZWE","Zimbabwe",34.5999760545955,38.2363436115574,36.130072878676,37.5952726629319,43.3930849578416,37.4085797532233,38.1597545550961,34.9589126909086,31.834798869349,32.3970590920952,34.469799013311,33.5486481895586,35.9561685274509,37.7853732974542,41.4668487199818,19.4774980342276,29.6408952151362,34.8008015617561,25.1632536958446,21.987758642545,20.9301459192706,19.1601757893503,19.9435315500903,18.9935478831726,22.9241144922988
