"code","iso","country","GL5.raw.1997","GL5.raw.1998","GL5.raw.1999","GL5.raw.2000","GL5.raw.2001","GL5.raw.2002","GL5.raw.2003","GL5.raw.2004","GL5.raw.2005","GL5.raw.2006","GL5.raw.2007","GL5.raw.2008","GL5.raw.2009","GL5.raw.2010","GL5.raw.2011","GL5.raw.2012","GL5.raw.2013","GL5.raw.2014","GL5.raw.2015"
4,"AFG","Afghanistan",470.16,607.05,862.38,685.26,776.25,836.64,777.96,597.06,584.1,409.59,354.33,401.94,517.95,662.31,729.09,762.39,722.25,949.23,709.83
8,"ALB","Albania",1.26,2.25,4.77,7.11,9.63,10.8,10.26,8.55,5.58,3.51,4.41,11.25,12.96,13.41,13.05,10.53,3.6,1.8,2.25
12,"DZA","Algeria",1.8,1.8,3.15,3.15,15.75,23.04,318.42,648.27,790.38,790.47,799.47,522.99,194.67,53.37,39.87,24.57,5.67,2.34,1.44
20,"AND","Andorra",0,0,0.36,0.36,0.36,0.36,0.54,0.18,0.18,0.18,0.36,0.18,0.36,0.36,1.26,1.08,1.08,0.9,0.9
24,"AGO","Angola",338.04,698.13,1782.18,3115.35,3466.26,3804.66,4077.72,3889.98,2599.65,2369.7,2180.16,1927.08,2334.87,2747.16,2855.61,3211.83,3067.2,1880.28,1332.63
660,"AIA","Anguilla",0.09,0.18,0.27,0.45,0.72,0.63,0.54,0.54,0.36,0.09,0.09,0.09,0,0,0,0,0.09,0.18,0.18
28,"ATG","Antigua and Barbuda",0.54,0.63,0.72,0.9,0.9,0.72,2.79,3.78,3.6,3.87,4.14,2.52,2.79,3.06,2.97,2.88,2.97,2.16,2.34
32,"ARG","Argentina",388.98,652.14,1105.11,1488.42,1757.61,1961.01,1868.94,1738.98,1439.28,1421.01,1476.54,1910.88,1792.53,1794.96,1705.68,1529.28,1030.77,985.32,792.27
51,"ARM","Armenia",0,2.07,8.01,8.37,14.31,17.82,15.93,10.62,21.6,25.2,30.78,42.75,42.21,30.96,18.09,42.75,30.96,31.86,32.13
533,"ABW","Aruba",0,0.09,0.09,0.09,0.09,0.09,0,0,0,0,0,0.09,0.36,0.36,0.72,1.26,4.14,8.46,8.82
36,"AUS","Australia",15744.33,23185.17,35167.41,38085.12,46569.78,50945.85,52097.49,45983.97,41090.58,32383.98,30190.68,28217.61,26619.66,26517.69,25279.56,24088.32,21660.21,19710.27,14657.94
40,"AUT","Austria",47.79,50.49,54.18,31.32,46.8,60.57,86.58,122.58,119.52,100.71,85.05,63,25.65,23.85,21.24,18.45,8.46,17.46,16.65
31,"AZE","Azerbaijan",3.96,8.01,11.25,10.98,27.54,35.37,32.85,30.15,35.28,26.91,23.67,29.97,30.06,22.14,14.67,13.95,6.48,8.91,7.83
44,"BHS","Bahamas",1.89,2.7,9.72,12.33,16.29,15.57,16.29,9.81,7.2,4.41,5.49,5.22,5.58,5.58,4.14,2.97,1.62,0.63,0.18
48,"BHR","Bahrain",0,0,0,0,0,0,0,0,0,0,0,0,0,0,0,0,0,0,0
50,"BGD","Bangladesh",487.62,548.82,623.16,277.74,426.51,439.65,443.43,402.57,385.83,220.68,161.46,106.65,84.51,60.75,45.81,35.19,24.03,23.49,18.81
52,"BRB","Barbados",0.81,0.63,0.27,0.18,0.09,0.09,0.09,0.18,0.54,0.54,0.81,1.08,1.17,1.35,1.44,1.44,1.26,1.08,0.54
112,"BLR","Belarus",5.4,5.4,6.75,3.69,19.26,35.64,46.35,49.41,52.02,40.86,29.61,35.19,34.56,32.76,28.71,24.66,8.82,6.57,5.13
56,"BEL","Belgium",7.11,9,8.73,9.63,15.12,20.88,29.34,35.19,33.12,26.64,21.78,13.14,7.2,7.38,8.82,6.93,4.59,4.86,4.5
84,"BLZ","Belize",1.89,2.52,4.32,5.85,6.57,8.64,8.91,7.74,5.67,4.86,2.52,1.98,1.89,1.62,3.87,3.78,3.51,4.14,3.87
204,"BEN","Benin",5.58,5.4,5.13,5.13,5.49,1.98,2.16,2.7,3.24,3.33,1.98,2.07,1.98,1.53,1.44,1.8,1.98,1.71,1.8
60,"BMU","Bermuda",0,0,0,0,0,0,0,0,0,0,0,0,0,0,0,0,0,0,0
64,"BTN","Bhutan",42.84,43.92,44.64,11.61,8.91,10.44,14.49,16.38,15.03,10.62,10.08,10.17,7.92,9.27,10.71,9.18,3.96,4.14,1.98
68,"BOL","Bolivia",1152.18,1721.61,2541.96,2428.2,2689.2,2598.84,2313.09,2121.75,1753.02,1412.28,1443.33,1449.36,1027.17,998.73,1017.36,1120.86,982.35,935.73,854.28
70,"BIH","Bosnia and Herzegovina",3.6,3.6,5.67,4.95,10.8,12.24,16.56,16.92,19.8,25.74,28.44,40.32,49.32,49.95,41.58,38.79,27.81,47.34,45.45
72,"BWA","Botswana",162.18,178.74,698.31,2241.18,2452.68,2980.17,3393.27,4038.12,2555.55,2352.96,2167.56,2067.75,1285.29,1334.97,1278.9,963.81,690.3,401.4,282.78
76,"BRA","Brazil",823.77,1128.51,1479.87,1501.02,1388.7,1456.11,1374.21,1578.87,1550.61,1476.45,1512.81,1537.83,1237.41,1288.98,1290.6,1317.51,1179.09,1192.32,880.2
92,"VGB","British Virgin Islands",0.09,0,0,0,0.09,0.09,0.09,0.09,0.18,0.18,0.27,0.27,0.27,0.18,0.18,0.09,0.09,0.09,0.18
96,"BRN","Brunei Darussalam",0,0,0,0,0,0,0,0,0,0,0,0,0,0,0,0,0,0,0
100,"BGR","Bulgaria",1.53,1.62,2.52,2.79,9.45,10.8,15.75,18.63,19.89,20.34,40.23,49.95,56.16,56.97,51.3,29.7,16.47,13.59,11.79
854,"BFA","Burkina Faso",244.71,570.51,718.47,787.86,719.46,745.47,474.48,419.49,315.27,354.33,293.22,327.96,283.41,300.69,258.57,236.52,165.51,133.2,93.51
108,"BDI","Burundi",0.36,1.08,1.71,2.88,20.25,28.98,33.57,52.29,61.56,50.67,46.53,47.25,36.9,26.55,21.42,17.64,12.24,5.13,6.3
132,"CPV","Cabo Verde",0,0,0,0,0,0,0,0.09,0.72,0.72,0.9,1.53,2.07,1.62,1.62,1.44,0.9,0.27,0.18
116,"KHM","Cambodia",25.56,26.55,26.55,7.2,8.19,24.57,75.24,94.68,100.98,97.56,88.65,43.2,26.55,26.01,28.44,21.06,15.66,14.31,8.01
120,"CMR","Cameroon",14.85,14.31,14.4,2.25,13.86,17.01,20.25,25.56,28.35,22.23,23.67,36.99,41.22,48.42,62.37,62.01,66.69,123.12,113.22
124,"CAN","Canada",2852.55,3210.66,3872.61,2643.39,6060.51,7647.48,9482.49,10784.43,12600.54,10549.44,10594.8,11220.66,10929.51,8594.1,7117.2,5249.52,2817.09,1084.86,824.31
136,"CYM","Cayman Islands",0,0,0,0,0,0,0,0,0,0,0,0,0,0,0,0,0,0,0
140,"CAF","Central African Republic",7.11,9.45,10.62,14.85,20.61,28.08,54.9,75.78,80.01,106.11,101.52,79.47,68.67,62.64,32.04,29.16,22.95,15.03,10.08
148,"TCD","Chad",1496.16,2302.2,3794.31,7956.63,7969.77,7979.04,7487.64,6285.78,1897.47,1879.47,1812.78,2157.75,2211.75,2032.29,1638.27,1651.5,1150.65,1048.59,865.35
152,"CHL","Chile",81.54,92.97,128.25,98.1,185.04,278.1,350.37,438.39,437.04,406.08,349.11,437.31,381.51,415.98,381.96,378.45,239.76,214.74,159.03
156,"CHN","China",22018.68,26330.85,40279.32,42552.99,47414.7,48048.93,48417.57,43330.05,33527.25,25855.83,24568.83,24808.05,20492.28,21060.99,20490.03,18974.97,16667.55,15656.22,12007.17
170,"COL","Colombia",251.28,325.26,518.04,771.57,843.12,818.73,763.92,638.46,336.24,260.19,279.09,315.36,281.79,322.56,325.17,293.4,293.58,479.88,416.43
174,"COM","Comoros",0,0,0,0,0,0,0,0,0,0,0,0,0,0,0,0,0,0,0
184,"COK","Cook Islands",0,0,0,0,0,0,0,0,0,0,0,0,0,0,0,0,0,0,0
188,"CRI","Costa Rica",7.38,5.49,3.51,3.15,8.19,10.8,11.61,11.07,14.4,9.99,8.19,8.01,8.37,4.41,2.88,1.8,0.99,0.9,0.81
384,"CIV","Cote d'Ivoire",4.05,3.69,3.24,2.52,7.74,8.37,8.82,9.27,11.88,6.12,6.21,5.76,5.22,2.7,2.16,1.35,0.81,0.54,0.36
191,"HRV","Croatia",4.05,4.41,6.39,5.04,10.62,12.6,14.31,15.03,17.82,13.41,12.51,16.29,23.76,23.94,24.57,23.76,27.81,26.73,24.3
192,"CUB","Cuba",17.64,19.17,38.07,43.47,54.99,60.57,66.69,48.78,46.98,42.84,53.19,48.24,49.77,47.79,36.27,20.97,18.27,16.56,13.86
531,"CUW","Curacao",4.95,5.22,3.78,3.42,3.24,5.76,6.3,6.93,8.19,10.53,9.81,10.44,12.06,11.88,10.17,8.82,7.83,6.39,5.4
196,"CYP","Cyprus",0,0,0,0,0.81,0.81,0.81,1.89,1.89,1.08,1.08,7.38,6.39,6.39,6.57,6.57,0.45,0.36,0.36
203,"CZE","Czech Republic",15.57,16.65,21.51,21.96,27.72,34.02,43.11,53.37,48.51,44.01,34.92,25.47,11.7,11.7,7.83,6.21,4.14,5.31,5.22
180,"COD","Dem. Rep. Congo",194.85,218.34,253.35,122.85,191.25,258.48,392.94,510.3,544.77,537.39,512.01,488.16,398.97,364.59,347.22,322.38,234.36,324,298.35
208,"DNK","Denmark",1.71,2.16,8.01,7.56,11.97,17.1,17.46,11.61,11.34,6.48,1.35,1.08,0.99,1.08,0.99,1.35,0.99,3.42,3.33
262,"DJI","Djibouti",0.36,0.18,0.18,4.59,15.93,60.66,61.47,62.01,58.77,49.32,6.84,9,10.98,11.97,10.62,8.37,9.54,7.74,6.3
212,"DMA","Dominica",0,0,0,0,0,0,0,0,0,0,0,0,0,0,0,0,0,0,0
214,"DOM","Dominican Republic",15.84,19.53,37.35,44.28,58.32,67.59,89.1,154.89,166.5,162.99,166.86,164.61,90,75.51,62.19,47.88,26.01,19.62,14.58
218,"ECU","Ecuador",82.71,79.11,81.18,67.86,47.52,37.17,40.5,32.49,36.99,56.52,89.28,150.84,177.57,208.35,227.25,224.01,231.48,331.02,301.23
818,"EGY","Egypt",0.09,0.18,0.18,0.18,0.09,0.09,0,0,0,0,0,0,0,0,0,0,0,0,0
222,"SLV","El Salvador",2.07,1.62,1.8,1.53,1.35,1.44,1.53,1.44,1.71,1.71,1.62,1.71,1.71,1.44,1.35,1.08,1.17,0.72,0.63
226,"GNQ","Equatorial Guinea",0,0,1.08,1.08,1.08,1.08,1.08,0,0,0,0,0,0,0,0,0,0,0,0
232,"ERI","Eritrea",120.15,177.48,234.18,240.39,318.42,321.39,271.08,226.98,147.96,67.68,87.48,178.74,196.38,217.62,224.55,197.01,116.82,308.34,292.86
233,"EST","Estonia",0.18,0.18,0.18,0.09,2.43,5.13,12.33,12.96,15.03,13.86,11.97,5.76,8.1,6.57,5.4,5.22,4.14,5.4,4.77
748,"SWZ","Eswatini",0,0.27,0.27,0.27,1.17,5.22,5.49,7.02,10.8,11.34,8.19,7.83,7.83,10.71,9.99,9.72,9.36,7.92,2.43
231,"ETH","Ethiopia",92.7,149.31,384.75,523.08,590.58,672.3,661.95,567.63,509.04,537.66,649.08,914.76,920.52,969.48,975.51,813.06,613.62,601.11,446.49
234,"FRO","Faeroe Islands",0.54,0.54,0.63,0.54,0.09,0.09,0.09,0,0,0,0,0,1.08,1.17,1.17,1.17,1.17,0.09,0
238,"FLK","Falkland Islands",6.12,9.54,19.8,31.41,39.51,45.9,46.8,58.77,48.42,35.1,31.5,27.18,7.74,7.92,8.19,6.21,6.21,3.96,2.52
242,"FJI","Fiji",0,0,0,0,0,0,0,0,0,0,0,0,0,0,0,0,0,0,0
246,"FIN","Finland",0.36,0.36,0.36,32.58,33.39,36,36,38.52,7.29,7.29,5.58,6.66,4.95,3.96,3.42,2.88,2.34,9.63,9.45
250,"FRA","France",465.48,518.58,627.84,522.36,494.46,452.88,479.16,474.93,465.3,380.16,423.18,468.9,453.87,432.63,385.47,288.63,178.38,131.31,122.58
258,"PYF","French Polynesia",0,0,0,0,0,0,0,0,0,0,0,0,0,0,0,0,0,0,0
266,"GAB","Gabon",4.23,4.05,8.19,16.02,19.44,21.15,21.69,19.98,11.34,7.47,4.32,6.57,4.41,5.13,14.49,18.27,16.38,63.9,62.73
270,"GMB","Gambia",0.18,0.27,0.18,0.18,0.45,0.45,0.36,2.97,2.97,2.7,2.61,2.61,0,0,0,0.09,0.18,0.18,0.18
268,"GEO","Georgia",33.48,34.92,36.72,7.83,7.02,7.92,7.65,6.21,5.58,7.92,15.48,20.34,21.42,21.69,19.17,17.91,12.42,35.64,34.65
276,"DEU","Germany",374.94,405.36,566.28,496.8,481.32,550.35,672.21,728.46,665.01,580.05,467.28,323.64,99.36,94.14,89.01,68.31,53.28,107.01,102.42
288,"GHA","Ghana",12.42,12.69,42.03,42.48,43.56,43.83,44.55,16.47,14.67,10.08,8.37,6.12,4.68,3.6,2.97,1.98,2.07,1.62,1.26
300,"GRC","Greece",5.58,8.01,12.51,16.02,15.03,18.27,17.46,13.95,8.91,8.37,8.19,11.52,12.96,14.76,14.94,13.95,12.24,16.47,18.72
304,"GRL","Greenland",0,0,0,0,0,0,0,0,0,0,0,0,0,0,0,0,0,0,0
308,"GRD","Grenada",0.18,0.18,0.45,0.63,0.45,0.45,0.45,0.18,0,0,0.18,0.18,0.18,0.18,0.18,0.09,0.09,0.18,0.18
320,"GTM","Guatemala",11.61,11.52,16.47,16.83,32.94,44.1,47.88,50.76,58.77,56.43,65.34,74.52,83.16,87.75,84.87,80.19,89.37,90,81.54
831,"GGY","Guernsey",0.72,0.72,0.72,0.72,0,0,0.18,0.27,0.27,0.27,0.27,0.09,0,0,0,0,0,0,0
324,"GIN","Guinea",0,0.09,0.09,0.09,0.81,0.81,0.81,1.17,1.62,1.44,2.34,2.7,3.69,3.6,3.69,3.78,4.05,3.15,2.97
624,"GNB","Guinea-Bissau",0.18,0.18,0.18,0.18,0.36,0.45,0.45,0.45,0.81,1.08,0.99,1.35,1.35,1.26,0.72,0.81,0.45,0.45,0.18
328,"GUY","Guyana",1.35,1.71,1.98,2.34,2.52,2.61,2.34,2.34,2.61,4.23,5.94,7.02,7.02,6.48,4.59,2.16,0.99,0.72,0.45
332,"HTI","Haiti",3.51,7.11,38.79,52.83,63.63,74.07,85.77,71.64,61.29,55.71,49.68,38.52,24.57,22.59,29.25,25.29,23.22,24.66,24.12
336,"VAT","Holy See",0,0,0,0,0,0,0,0,0,0,0,0,0,0,0,0,0,0,0
340,"HND","Honduras",3.42,4.86,6.21,9.36,13.59,15.21,16.65,29.61,34.38,35.1,38.61,43.83,33.57,30.78,28.8,27.9,22.5,23.13,18
344,"HKG","Hong Kong",8.01,9.72,16.38,21.51,19.35,15.21,14.67,8.19,3.06,2.97,3.51,3.78,3.6,1.8,1.98,1.98,0.54,0.36,0.27
348,"HUN","Hungary",4.59,5.13,7.83,7.65,12.33,23.85,32.94,43.2,43.38,40.05,29.16,23.49,12.15,10.62,8.37,8.19,3.6,6.03,5.85
352,"ISL","Iceland",1.98,2.79,3.24,3.69,3.06,2.16,1.17,0.54,0,0,0,0,0,0,0,0,0,0,0
356,"IND","India",1833.21,2123.46,2449.44,1509.75,2084.58,2375.1,2552.85,2696.58,2585.34,1791.27,1422.45,1068.84,663.3,552.06,732.42,726.66,680.31,1153.71,1107.54
360,"IDN","Indonesia",5.49,15.3,22.77,23.49,32.04,41.22,52.92,55.26,69.12,56.61,43.92,26.64,45.18,37.17,45.81,50.04,54.54,79.83,73.98
364,"IRN","Iran",550.71,608.76,979.65,1149.57,1318.86,1459.44,1520.1,1234.44,891.99,769.77,565.56,574.38,559.89,582.75,428.76,408.42,318.6,383.76,277.56
368,"IRQ","Iraq",8.28,10.26,20.16,31.77,76.77,91.17,118.35,160.29,185.4,158.4,152.1,134.55,91.8,55.62,36.72,34.74,26.01,24.84,21.6
372,"IRL","Ireland",180.18,194.67,311.4,439.2,471.87,480.96,565.38,573.12,432.63,379.8,314.55,248.04,189.18,188.73,171.09,153.63,122.22,86.4,63.45
833,"IMN","Isle of Man",1.26,1.44,4.59,4.32,6.48,8.01,9.36,9.09,9,6.48,4.68,3.06,0.81,0.72,0.72,0.99,1.89,1.17,1.17
376,"ISR","Israel",0,0,0,0,0.45,0.63,0.63,0.63,0.63,0.18,0.18,0.36,0.36,0.36,0.36,0.36,0.18,0.18,0.18
380,"ITA","Italy",46.98,49.68,66.96,39.24,51.48,62.28,94.59,121.59,120.24,120.51,129.15,128.7,104.22,101.34,88.47,66.87,33.75,26.1,23.13
388,"JAM","Jamaica",1.17,1.17,0.99,0.99,1.62,2.52,10.8,11.61,12.69,12.78,11.97,3.78,3.6,2.52,2.07,2.16,2.61,2.61,4.05
392,"JPN","Japan",20.43,15.84,14.94,12.6,12.96,13.14,12.51,10.26,18.54,20.7,25.29,31.68,38.79,37.44,40.05,38.7,54.18,51.93,44.82
832,"JEY","Jersey",0,0,0,0,0,0,0,0,0,0,0,0,0,0,0,0,0,0,0
400,"JOR","Jordan",0,0,0,0,0,0,0,0,0,0,0,0,0,0,0,0,0,0.18,0.18
398,"KAZ","Kazakhstan",3606.84,5312.25,12378.96,23594.49,27299.43,27963,27320.31,23989.77,12698.19,9239.58,8199.63,9592.74,10255.77,15498.54,16743.06,16199.91,15026.13,12226.68,6340.68
404,"KEN","Kenya",369.54,422.37,514.17,987.57,1546.65,1484.73,1533.51,1594.89,1176.48,730.35,935.46,1301.22,1304.73,1447.11,1290.06,1001.97,777.6,986.13,764.28
296,"KIR","Kiribati",0,0,0,0,0,0,0,0,0,0,0,0,0,0,0,0,0,0,0
689,"XKX","Kosovo",0.18,0.18,0.27,0.45,0.72,0.72,1.71,4.05,3.87,5.85,7.65,11.16,10.08,9.99,7.83,5.94,1.44,0.72,0.9
414,"KWT","Kuwait",0,0,0,0,0,0,0,0,0,0,0,0,0,0,0,0,0,0,0
417,"KGZ","Kyrgyzstan",1071,1332.27,2289.51,2383.02,2225.52,2358.18,2245.32,1741.14,1530.54,1387.89,1550.61,1754.01,1473.39,1462.59,1228.14,1007.28,823.95,960.93,790.38
418,"LAO","Laos",29.97,29.97,31.05,4.86,2.97,1.17,1.17,0.54,0.54,0.81,0.81,0.81,0.72,0.63,0.45,0.45,0.45,7.92,7.92
428,"LVA","Latvia",1.98,2.07,2.61,1.26,3.69,8.55,17.91,19.35,21.87,20.7,16.74,10.8,25.56,23.94,22.59,21.33,25.02,51.84,51.57
422,"LBN","Lebanon",0,0,0,0,0,0,0,0,3.06,4.5,6.39,6.39,6.39,3.33,1.89,0,0,0,0
426,"LSO","Lesotho",16.47,37.89,76.68,308.07,374.22,414.54,456.3,463.95,235.26,164.97,125.73,73.89,51.84,56.88,55.62,49.5,52.11,81.63,73.62
430,"LBR","Liberia",2.16,1.89,1.35,1.26,1.44,1.26,1.26,1.08,1.89,1.8,2.52,2.43,2.43,1.53,0.9,0.18,0.27,0.54,0.54
434,"LBY","Libya",70.2,118.62,216.81,208.53,211.41,185.22,137.79,45.09,32.13,20.61,14.49,14.85,9.9,4.32,2.25,2.25,0.9,0,0
438,"LIE","Liechtenstein",0.18,0.18,0.18,0.09,0,0.18,0.54,1.08,1.17,1.17,0.99,0.63,0.09,0,0,0,0,0,0
440,"LTU","Lithuania",0.63,0.72,1.35,1.26,2.43,2.88,9.81,9.54,9.27,8.37,8.01,1.44,2.88,2.88,2.79,2.7,2.61,6.93,6.84
442,"LUX","Luxembourg",1.08,1.17,1.08,1.35,2.43,3.15,3.87,4.32,3.87,2.7,1.53,0.63,0,0,0,0,0,0,0
446,"MAC","Macao",0.18,0.09,0,0,0.18,0.27,0.27,0.45,0.72,0.54,0.63,0.72,0.72,0.45,0.45,0.36,0.36,0.18,0.18
450,"MDG","Madagascar",737.37,1049.58,1937.7,2250.63,2559.06,2810.16,3057.93,3975.75,3635.37,3484.71,3524.31,3505.95,2459.97,2183.22,1850.67,1444.5,955.98,396.09,345.78
454,"MWI","Malawi",11.7,12.33,15.75,7.29,53.73,81.72,103.23,113.49,122.13,83.97,72.54,74.7,65.16,60.21,66.78,56.25,41.76,46.44,43.47
458,"MYS","Malaysia",0,0,0,0,0,0,0,0,0.54,0.54,0,0,0,0,0.09,0.09,0.27,0.27,0.27
462,"MDV","Maldives",0,0,0,0,0,0,0,0,0,0,0,0,0,0,0,0,0,0,0
466,"MLI","Mali",1960.74,3315.51,4052.61,3570.57,3992.04,3909.42,2804.04,2277.72,1796.94,1225.53,1640.16,2259.9,2503.17,2521.17,2504.16,1876.23,1130.13,707.85,502.02
470,"MLT","Malta",0.18,0.18,0.18,0,0,0,0,0,0,0,0,0,0,0,0,0,0,0,0
584,"MHL","Marshall Islands",0,0,0,0,0,0,0,0,0,0,0,0,0,0,0,0,0,0,0
478,"MRT","Mauritania",824.49,1569.24,2252.16,3808.26,5143.5,5076.18,4644.72,4198.68,3168.72,2247.57,2123.91,2661.66,2744.1,4195.44,3977.28,3844.89,3097.89,2818.71,640.08
480,"MUS","Mauritius",0,0,0,0,0.54,0.63,0.72,0.72,1.17,1.26,1.44,1.53,1.62,1.26,0.63,0.36,0.18,0.09,0
484,"MEX","Mexico",113.76,148.32,220.77,310.05,412.2,512.82,526.68,543.69,461.43,394.47,311.85,310.86,262.35,267.48,255.33,245.07,265.05,271.62,248.94
583,"FSM","Micronesia",0,0,0,0,0,0,0,0,0,0,0,0,0,0,0,0,0,0,0
498,"MDA","Moldova",0.09,0.09,0.27,0.18,0.18,0.27,0.36,0.36,0.36,0.45,0.36,0.27,0.54,0.54,0.45,0.45,0.45,0,0
492,"MCO","Monaco",0,0,0,0,0,0,0,0,0,0,0,0,0,0,0,0,0,0,0
496,"MNG","Mongolia",840.33,1079.28,1808.19,3134.25,3989.97,4145.4,4378.41,4062.42,2551.95,1599.39,1285.65,1156.05,1083.6,1113.75,1095.93,1045.17,742.41,575.55,398.07
499,"MNE","Montenegro",2.34,2.61,3.24,2.16,9.36,9.9,11.7,12.24,11.97,6.39,16.92,23.67,27.54,27.45,25.92,15.03,7.38,15.3,16.02
504,"MAR","Morocco",368.28,426.24,986.22,1324.26,1769.4,1740.87,1938.96,1466.1,1053.99,488.52,432.45,205.74,151.65,100.71,78.12,67.23,39.24,7.83,4.5
508,"MOZ","Mozambique",48.6,90.54,139.68,167.58,175.5,191.25,238.23,245.25,258.21,254.16,307.17,330.48,405.9,399.69,423.45,378.18,358.92,321.75,290.34
104,"MMR","Myanmar",147.78,173.79,332.46,248.13,272.7,288.9,298.17,164.34,176.49,139.77,119.43,91.08,75.15,45,43.47,27.27,22.41,35.55,34.02
516,"NAM","Namibia",399.24,539.46,799.92,908.28,1038.87,1038.78,1064.79,1719.9,1634.67,2149.92,2386.8,2929.86,3737.25,3864.06,3240.63,2936.97,2310.12,1060.38,773.64
520,"NRU","Nauru",0,0,0,0,0,0,0,0,0,0,0,0,0,0,0,0,0,0,0
524,"NPL","Nepal",36.18,39.96,48.87,33.21,53.28,63.27,66.87,77.13,70.2,47.61,39.06,35.1,18.09,12.87,12.87,9.27,11.88,31.14,30.78
528,"NLD","Netherlands",183.33,182.43,200.88,139.68,158.76,220.95,258.21,266.67,257.4,190.53,113.85,67.14,18.45,16.29,14.76,10.44,4.41,7.02,6.21
540,"NCL","New Caledonia",0.09,0.09,0.09,0,0,0,0,0,0,0.27,0.63,2.61,15.21,16.02,15.75,15.39,13.41,0.81,0
554,"NZL","New Zealand",757.17,856.89,960.57,745.65,737.91,778.14,859.59,886.23,900.18,832.68,870.39,816.39,735.39,656.01,603.09,451.98,345.6,521.1,460.89
558,"NIC","Nicaragua",1.62,1.98,2.7,3.42,4.68,6.21,8.1,10.17,13.77,15.48,16.47,18.72,20.97,22.86,20.79,18.99,16.38,25.29,19.44
562,"NER","Niger",2614.14,3654.81,4365.63,3022.38,3449.07,4012.29,3181.14,2866.86,2876.4,2725.02,3149.1,4098.51,4510.71,4667.94,4438.53,3458.16,2448,1682.64,827.73
566,"NGA","Nigeria",1407.06,1881.54,2196.99,1704.42,1724.04,1447.74,1433.97,2052,2158.65,1997.55,2349.81,2356.92,1732.41,1620.09,1526.76,1346.67,980.55,813.06,657.36
570,"NIU","Niue",0,0,0,0,0,0,0,0,0,0,0,0,0,0,0,0,0,0,0
408,"PRK","North Korea",10.8,12.96,16.47,15.12,18.54,25.02,56.97,74.79,93.69,102.42,103.32,91.17,80.55,67.14,56.97,51.84,34.02,35.46,32.67
807,"MKD","North Macedonia",0.81,1.44,2.97,3.6,5.22,5.76,10.98,12.96,14.49,16.56,17.91,19.71,20.61,18.63,15.21,13.59,6.3,3.42,3.87
578,"NOR","Norway",23.4,29.52,46.44,71.1,74.34,81.81,78.3,79.47,57.06,84.42,179.91,352.44,603.36,636.75,627.93,530.1,372.24,209.7,165.6
512,"OMN","Oman",114.3,114.3,114.3,41.49,27.27,27.27,27.27,28.08,25.2,0.81,0.81,0.81,0.27,0.27,0.27,0.27,0.27,0,0
586,"PAK","Pakistan",503.73,718.65,1321.74,1271.52,1646.01,1703.88,1892.07,1587.69,1733.31,1405.08,1438.74,1297.17,1119.15,980.28,941.76,817.2,623.52,946.17,804.51
585,"PLW","Palau",0,0,0,0,0,0,0,0,0,0,0,0,0,0,0,0,0,0,0
591,"PAN","Panama",10.35,9.81,9.54,5.76,6.12,5.67,5.04,7.29,7.92,11.43,13.59,15.03,14.94,14.76,11.34,9.36,9.63,7.38,6.12
598,"PNG","Papua New Guinea",1.98,1.98,2.7,3.24,4.77,2.88,3.24,3.78,3.24,3.15,4.86,7.65,8.91,10.08,9,8.55,7.02,33.39,32.04
600,"PRY","Paraguay",3.42,6.03,10.26,17.28,21.6,23.76,27,29.97,25.2,23.85,26.73,35.01,35.82,39.06,37.8,43.29,38.25,69.57,64.17
604,"PER","Peru",168.75,291.96,542.52,708.48,809.28,946.35,956.25,820.89,634.14,573.39,473.22,537.21,611.82,687.42,818.19,977.49,922.59,857.79,737.55
608,"PHL","Philippines",0,0,0,0,0,0,0,0,0,0,0,0,0,0,0,0,0,0,0
616,"POL","Poland",16.02,18.18,24.39,26.01,32.13,40.14,49.95,54,49.68,39.42,34.65,27.63,27.81,27.54,28.8,24.39,26.19,34.38,32.94
620,"PRT","Portugal",0.36,0.27,3.69,4.14,6.39,8.82,9.9,9.54,10.17,15.66,14.4,19.44,22.5,21.6,13.86,12.78,7.02,1.08,1.08
634,"QAT","Qatar",0,0,0,0,0,0,0,0,0,0,0,0,0,0,0,0,0,0,0
178,"COG","Republic of Congo",20.88,21.69,131.04,297.63,341.28,371.79,379.53,314.19,162.54,158.85,156.96,259.65,247.32,238.05,269.46,255.06,294.48,560.61,549.45
642,"ROU","Romania",14.67,21.24,29.34,32.49,60.66,79.92,116.01,166.05,184.05,182.79,209.16,207,171.45,166.32,152.37,110.79,73.53,70.56,55.53
643,"RUS","Russia",3804.93,4641.48,6780.42,9583.92,13195.35,14792.49,17636.4,18948.69,18131.49,15328.8,15835.95,17052.66,17657.28,15286.5,14512.05,12388.5,8286.3,6776.91,5628.42
646,"RWA","Rwanda",0.27,4.14,4.14,4.14,20.34,33.48,29.79,29.79,29.79,13.41,0.18,0.09,0.09,0.27,0.54,1.17,1.08,1.89,1.71
652,"BLM","Saint Barthelemy",0,0,0,0,0,0,0,0,0,0,0,0,0,0,0,0,0,0,0
659,"KNA","Saint Kitts and Nevis",0.09,0.18,0.18,0.18,0.18,0.09,0,0,0.09,0.09,0.09,0.18,0.27,0.18,0.27,0.36,0.36,0.36,0.45
662,"LCA","Saint Lucia",0,0,0,0,0,0,0,0,0,0,0,0,0,0,0,0,0,0,0
670,"VCT","Saint Vincent and the Grenadines",0,0,0,0,0,0,0,0,0,0,0,0,0,0,0,0,0,0,0
882,"WSM","Samoa",0,0,0,0,0,0,0,0,0,0,0,0,0,0,0,0,0,0,0
674,"SMR","San Marino",0,0,0,0,0,0,0,0,0,0,0,0,0,0,0,0,0,0,0
678,"STP","Sao Tome and Principe",0,0,0,0,0,0,0,0,0,0,0,0,0,0,0,0,0,0,0
682,"SAU","Saudi Arabia",23.67,23.67,29.16,24.57,90.99,124.65,127.62,126.18,224.28,215.01,182.97,231.57,237.06,140.49,72.63,70.02,22.23,18.18,6.93
686,"SEN","Senegal",80.1,98.37,142.47,185.31,259.2,346.32,351.18,521.28,527.04,445.59,364.32,349.02,159.12,131.49,123.66,97.65,88.56,170.91,131.31
688,"SRB","Serbia",0.27,0.72,1.26,1.08,10.62,13.5,18.09,25.74,28.98,22.5,42.39,50.85,45.45,43.92,42.39,20.07,7.11,11.25,10.26
690,"SYC","Seychelles",0,0,0,0,0,0,0,0,0,0,0,0,0,0,0,0,0,0,0
694,"SLE","Sierra Leone",1.08,1.08,1.17,8.91,10.98,15.21,20.61,26.1,22.05,23.22,22.23,18.54,15.39,11.97,9.36,6.48,4.23,1.98,1.44
702,"SGP","Singapore",0,0,0,0,0,0,0,0,0,0,0,0,0,0,0,0,0,0,0
534,"SXM","Sint Maarten",0,0,0.18,0.36,0.54,0.54,0.72,0.63,0.45,0.27,0.27,0.09,0,0,0,0.09,0.45,0.54,0.54
703,"SVK","Slovakia",3.69,4.23,4.68,3.96,17.1,27.9,35.1,36.54,36.09,25.29,17.55,11.97,12.24,11.43,9.09,5.85,3.51,3.51,3.24
705,"SVN","Slovenia",0.36,0.36,0.45,0.27,2.43,4.32,5.31,6.21,6.66,5.22,3.51,3.78,2.79,2.7,2.79,2.52,1.17,0.99,0.99
90,"SLB","Solomon Islands",0,0,0,0,0,0,0,0,0,0,0,0,0,0,0,0,0,0,0
706,"SOM","Somalia",373.14,1220.4,3606.21,4625.55,5967.72,6385.14,5768.1,4103.91,3410.01,2161.08,1980.09,2622.96,2387.97,2660.76,2603.43,2317.05,1543.77,1228.14,538.02
710,"ZAF","South Africa",641.61,978.84,1419.21,2394.27,2605.77,2724.39,2815.56,3312,2284.65,2148.03,2185.38,2064.78,1514.97,1674.27,1621.08,1473.66,1324.17,1139.85,825.21
410,"KOR","South Korea",32.76,31.23,29.61,24.21,17.55,15.39,19.98,20.61,21.06,35.1,47.34,56.25,70.11,88.83,93.15,94.23,112.59,123.93,109.17
728,"SSD","South Sudan",28.98,32.13,55.35,85.77,136.44,138.87,137.16,122.49,87.48,49.41,89.82,196.2,227.34,280.35,458.28,492.03,443.43,456.39,390.87
724,"ESP","Spain",209.61,238.77,291.78,268.65,286.47,291.87,314.55,312.03,303.39,248.4,267.84,281.88,270.54,241.83,236.7,180,136.17,141.57,134.1
144,"LKA","Sri Lanka",13.23,13.23,19.89,24.39,19.08,19.8,21.24,15.39,7.11,3.15,2.43,1.08,0.36,0.36,0.27,0.27,0.18,2.43,2.43
275,"PSE","State of Palestine",0,0,0,0,0,0,0,1.08,1.08,1.08,1.08,2.43,1.35,1.35,1.35,1.35,0,0.09,0.09
729,"SDN","Sudan",2174.58,3639.24,6013.98,9708.66,11708.01,11410.2,10884.33,10540.71,6672.6,4827.42,4685.31,4364.46,3137.85,3755.61,4030.74,3647.7,3425.31,3427.65,2446.65
740,"SUR","Suriname",0.54,0.54,1.89,2.7,4.05,3.87,3.87,2.97,2.61,1.26,1.17,1.17,0.72,0,0,0,0,0,0
752,"SWE","Sweden",2.07,4.05,5.94,10.35,25.29,31.95,35.1,43.38,46.62,51.66,117.18,217.35,378.54,427.77,434.79,375.66,285.66,263.7,206.1
756,"CHE","Switzerland",30.96,31.5,36.27,23.76,24.48,40.59,65.34,93.51,93.87,92.34,84.78,67.95,41.76,39.06,32.94,20.43,13.05,23.85,22.59
760,"SYR","Syria",0,0.36,0.63,0.99,1.53,4.86,7.47,9.36,9.54,9.54,8.64,8.73,10.53,10.26,8.28,9.18,6.66,3.06,2.79
158,"TWN","Taiwan",0,0,0,0,0,0,0,0.09,0.18,0.18,0.18,0.18,0.18,0.09,0.18,0.18,0.36,0.27,0.27
762,"TJK","Tajikistan",361.89,446.85,729.09,558.27,485.19,491.94,442.26,199.08,204.75,199.08,288.63,441.27,476.91,537.03,637.65,554.85,404.1,524.43,408.69
834,"TZA","Tanzania",45.18,119.88,201.87,242.01,345.15,454.05,473.13,534.24,542.25,484.74,492.3,516.42,459.18,427.14,424.44,338.67,272.52,305.55,281.97
764,"THA","Thailand",89.46,95.04,98.46,29.88,65.88,74.16,85.32,90.36,113.13,67.77,60.21,46.71,45.36,26.82,29.61,27.63,30.24,45.99,38.34
626,"TLS","Timor-Leste",0,0,0,0,0,0,0,0,0,0,0,0,0,0,0,0,0,0,0
768,"TGO","Togo",0.36,0.27,3.51,3.69,4.14,4.14,4.41,1.08,0.9,0.27,0.27,0,0,0,0,0.09,0.09,0.18,0.18
776,"TON","Tonga",0,0,0,0,0,0,0,0,0,0,0,0,0,0,0,0,0,0,0
780,"TTO","Trinidad and Tobago",0.18,0.81,0.72,0.9,1.53,1.98,2.34,2.52,4.41,5.4,6.84,6.84,7.38,5.85,4.86,3.33,3.33,3.06,2.61
788,"TUN","Tunisia",3.51,3.51,3.42,2.16,1.89,2.52,24.66,37.35,43.65,44.37,44.28,26.1,13.86,7.02,4.86,4.41,0.45,0.09,0.18
792,"TUR","Turkey",39.51,50.22,338.94,429.84,509.13,672.48,713.07,586.08,670.32,764.19,694.26,1030.5,1081.62,969.39,911.43,981.9,632.7,496.17,432.09
795,"TKM","Turkmenistan",182.43,422.37,624.33,606.78,674.55,708.3,515.52,362.34,310.05,258.57,224.91,228.42,196.11,169.2,125.55,108.45,61.74,57.42,44.55
796,"TCA","Turks and Caicos Islands",0.54,1.17,1.17,1.17,1.53,0.99,0.36,0.36,0.36,0,0,0,0,0,0,0,0,0,0
798,"TUV","Tuvalu",0,0,0,0,0,0,0,0,0,0,0,0,0,0,0,0,0,0,0
800,"UGA","Uganda",78.66,80.37,90.36,129.69,179.01,123.39,128.07,167.49,131.13,69.48,63.9,64.98,16.83,25.47,27.54,26.82,25.02,40.5,28.35
804,"UKR","Ukraine",50.58,71.28,152.19,176.22,189.63,210.33,233.73,222.93,200.97,187.38,169.74,143.82,84.06,82.26,71.64,64.08,45.9,47.88,37.89
784,"ARE","United Arab Emirates",0.99,0.99,0.99,0.45,0.45,0.18,0.18,0.18,0.18,0.09,0,0,0,0,0,0,0,0,0
826,"GBR","United Kingdom",2806.38,3154.95,3833.37,3244.95,3253.86,2591.55,2403.36,1912.23,1513.53,1061.73,706.41,520.38,287.73,273.78,260.01,211.14,146.61,169.74,137.52
840,"USA","United States of America",11405.61,14259.78,20317.95,26330.94,27585.72,26749.08,25576.38,21366.18,13017.06,9736.47,9719.91,10250.1,10313.37,10216.98,9749.25,8538.3,8180.37,6722.55,6054.66
858,"URY","Uruguay",39.78,53.37,80.19,90.36,115.83,129.6,122.76,160.2,158.85,131.49,216.54,234.09,175.59,172.8,167.85,74.25,61.02,78.57,61.2
860,"UZB","Uzbekistan",335.79,463.41,749.43,639.09,758.97,891.99,891.27,700.92,680.49,522.45,395.91,350.01,304.02,292.5,296.64,270.45,203.67,199.53,165.06
548,"VUT","Vanuatu",0,0,0,0,0,0,0,0,0,0,0,0,0,0,0,0,0,0,0
862,"VEN","Venezuela",616.14,752.94,1285.92,1459.8,1521.9,1450.35,1366.83,1280.79,1013.22,1046.34,1082.88,1144.8,803.88,844.47,753.48,806.31,756.18,821.34,681.03
704,"VNM","Viet Nam",91.53,91.26,97.11,37.35,25.92,22.86,29.16,28.8,29.61,21.69,21.15,16.2,16.29,16.56,18.27,17.73,20.34,19.53,17.73
876,"WLF","Wallis and Futuna Islands",0,0,0,0,0,0,0,0,0,0,0,0,0,0,0,0,0,0,0
732,"ESH","Western Sahara",0,0,0,0,0,0,0,0,0,0,0,0,0,0,0,0,0,0,0
887,"YEM","Yemen",56.07,75.87,105.39,86.13,148.32,156.24,140.13,113.31,119.79,88.2,83.34,109.08,121.32,105.48,60.93,51.39,24.93,12.6,7.83
894,"ZMB","Zambia",70.65,101.07,149.94,135.45,154.08,173.07,173.43,160.29,213.12,210.69,248.13,313.83,397.08,351.99,317.34,247.41,154.08,46.53,34.83
716,"ZWE","Zimbabwe",121.32,278.73,1213.56,1812.06,2102.85,3431.61,3930.03,3491.01,2989.17,2850.12,2156.4,2199.06,1968.75,1912.77,1774.53,1140.12,467.82,244.89,187.65
