"code","iso","country","MAG.raw.1994","MAG.raw.1995","MAG.raw.1996","MAG.raw.1997","MAG.raw.1998","MAG.raw.1999","MAG.raw.2000","MAG.raw.2001","MAG.raw.2002","MAG.raw.2003","MAG.raw.2004","MAG.raw.2005","MAG.raw.2006","MAG.raw.2007","MAG.raw.2008","MAG.raw.2009","MAG.raw.2010","MAG.raw.2011","MAG.raw.2012","MAG.raw.2013","MAG.raw.2014","MAG.raw.2015","MAG.raw.2016","MAG.raw.2017","MAG.raw.2018"
4,"AFG","Afghanistan",NA,NA,NA,NA,NA,NA,NA,NA,18.8227521829407,16.9238662341696,17.5540062570161,16.5982122192595,16.3855371972017,17.7473095255876,17.839116299,13.14987660941,12.5225768432907,13.7791892429929,12.4860851363953,11.4998672561905,11.477587555803,11.4200060049012,11.3704654336192,11.1025260449601,NA
8,"ALB","Albania",NA,NA,4.85783355160662,4.58344068034382,4.72390674551572,4.53242747123246,4.31787582014082,4.09896331132548,4.06656232825904,4.12419102899896,4.17757583468327,4.4258664854862,4.90497746681668,5.29684097327248,4.99776066091965,5.19757748685241,5.45212241399063,5.66188767852969,4.61442770205228,5.05980876306338,5.32578898520395,5.67151941669391,5.68442741798015,6.14266531982278,6.1753423853237
12,"DZA","Algeria",NA,NA,NA,NA,NA,35.6031391046812,46.0165784189225,41.1391876623372,39.6548724155323,41.9071864113682,43.6469193141663,49.5782565457381,50.6373138392863,48.7902859848136,49.7396548925529,36.8217363978482,39.5628130327494,40.078908929143,46.4903879787765,42.8419552017282,40.8378968600683,33.9913576308603,32.8443246772388,35.2599525308874,NA
20,"AND","Andorra",NA,NA,NA,NA,NA,NA,3.63664390820397,3.38414634146341,3.4095166729112,3.62883493318276,3.67834273678512,3.45571776713344,3.44754331115698,3.41965380945891,3.55140323559298,3.45560468337856,3.70626196443725,3.62609138121815,3.37228280728537,3.22208691219368,3.17685956958166,3.24521127205024,3.20788592474693,3.12967450487644,NA
24,"AGO","Angola",NA,3.64628079359054,3.44574999431473,4.37839118384962,6.25937084278895,3.22287577892959,2.89016332100962,3.87310081436431,3.66182566484066,3.9998144235304,4.68193728311966,3.91288354903499,3.61281577438344,3.399491640092,3.46173679106739,5.10942178535679,4.54177380185367,4.16780479660129,4.40328959394631,4.82734281508691,4.76307157240238,5.6851448644464,6.7526805695234,6.58054958828395,NA
660,"AIA","Anguilla",NA,NA,NA,NA,NA,NA,NA,NA,NA,NA,NA,NA,NA,NA,NA,NA,NA,NA,NA,NA,NA,NA,NA,NA,NA
28,"ATG","Antigua and Barbuda",1.69020909669166,1.7131724855613,1.62342605314198,1.64215350970704,1.66870579001799,1.68918998939015,1.62410251996863,1.73958013943302,1.81697664710097,1.90610363510851,1.85586104531217,1.79294554744682,1.81883007240883,1.69627141291549,1.59025321185619,2.06815457625543,2.14937558379087,2.23772804284875,2.05774309960256,2.7128150882848,2.6991362774365,2.63858573341547,2.6694549229837,2.51551947049942,2.43333445391496
32,"ARG","Argentina",17.8190917106899,17.2467521148076,17.5357232920479,18.227905749866,17.8379584760908,16.9615250614589,16.4942719439838,16.093225876383,20.347773913878,22.4867505875749,18.9370136214371,18.340415936715,17.8777938558849,17.0474154518997,16.5383660984547,15.5837772738051,15.8448608064195,15.8506983942663,15.2168009115954,15.0110542553443,14.7727785491821,14.1815854549835,13.4880259708051,12.8526557470863,12.7524002213552
51,"ARM","Armenia",NA,NA,NA,NA,NA,NA,NA,NA,NA,NA,NA,NA,NA,NA,NA,NA,NA,NA,9.42475853227752,9.68257531952384,9.66640553649803,9.20617105938632,10.2846499812967,10.631126108104,11.3076341426239
533,"ABW","Aruba",NA,2.51813931842701,2.5099893527871,2.47686147517668,2.79446943999893,3.59944354548432,3.92219425790522,3.8559790514984,3.84258992805755,3.71835268103925,3.39759338179995,3.27253116011505,3.16889400921659,2.95941038239692,2.83943833943834,3.14173932483792,NA,NA,NA,NA,NA,NA,NA,NA,NA
36,"AUS","Australia",13.2389914826099,13.1579745514763,12.77618039458,12.3353340860918,12.4947075057346,11.9784049111412,11.5937316137268,11.0032252299785,10.5595867699565,10.8703306032761,10.8904474710205,10.3360795168105,9.88679586122457,9.28084388542904,9.19560049026894,8.44006046923172,7.98986482591985,7.35157296724179,7.03014022400094,6.59796512025266,6.35821661151183,6.29109229791824,6.08733367542201,5.78397879980414,5.77747709959814
40,"AUT","Austria",17.3565201137903,17.9058795218244,17.6322092892288,17.8035346476776,17.7267690030401,17.8909326625414,18.2149670740326,18.3410929949555,17.7267828085994,17.4531746104997,17.3364603484259,17.4078184700008,17.8234362098009,18.1536476227364,17.4174657293044,16.3619956421939,16.4785007359327,16.595609061091,16.7061233748154,16.4957293719062,16.5600152509678,16.6939809272979,16.7096038349013,16.6349927197728,16.5591021374028
31,"AZE","Azerbaijan",12.6647451294369,11.5334145655638,10.4296274610261,8.39375613462939,8.32412951229437,6.04222404704511,5.29238464636188,6.18744826548273,7.43092783505155,8.63639543832645,8.28351035145718,6.48752245957277,5.77290330840384,4.98404471007211,4.70560975852825,5.52589076302965,4.80819498410456,3.98832610114819,4.23610388044652,4.21573682582242,4.70701069744349,4.99061237474738,4.93022778575826,4.69946458376577,4.82209902101828
44,"BHS","Bahamas",4.11064743786438,3.53269174686498,4.27179274037129,2.3466764365892,1.99613066753302,2.73429925285045,2.8874000646322,2.21211541952649,2.52557098397056,2.41260235240003,2.6868272578791,2.39116732071328,2.52182251838009,2.29508567252508,2.09861295838875,2.09277536676164,2.1276258548143,2.19156045658337,2.94575812695303,2.70616131581919,2.84376625628576,2.26334133290367,3.16163800385174,2.60892444561383,NA
48,"BHR","Bahrain",16.0864327846359,19.0526970561379,NA,NA,NA,NA,NA,NA,NA,NA,NA,NA,13.2511246209345,14.4669591015461,15.0965782551263,13.9817061788314,14.4822350408918,15.0475970425139,14.8581441893694,14.8171578447503,14.9280933710803,17.3429420027821,18.0932785202106,18.5203588764731,17.6459936431527
50,"BGD","Bangladesh",15.8694546558521,15.9000068464472,14.0026451377167,14.1197806636013,14.8598311637206,14.3890950793257,14.035315753916,14.1783570229665,14.3174375493986,14.1454615609431,14.44207318664,14.743998758061,15.3075621798679,15.9340729924007,16.124366972693,16.4801860604835,16.1212283592006,15.9967342498947,15.9142206705617,16.4420194734025,16.6127076619157,16.7886735625088,17.0302468647422,17.3006412745483,17.9581434052737
52,"BRB","Barbados",7.87861979708336,7.82943180569293,7.73654916512059,7.80707571088661,7.7386100252534,7.47746855501634,7.58930001601794,7.63800875940513,7.38579000504796,7.92860741713361,7.61591759500334,6.87527262463757,7.78762121393511,6.89175450799936,7.17691342534504,6.99896204198707,5.82794322170467,6.14044497843764,5.60417494389382,5.94579945799458,5.68316208621307,5.60845522070613,4.82882723750014,NA,NA
112,"BLR","Belarus",27.0162423424942,27.9762444091167,29.5581190477432,30.399367554453,29.4770002891075,28.196396374961,27.0435087258315,26.5995854005078,25.9684065145782,26.6535028223866,28.5502822462884,25.3421467992273,24.9998107661448,24.9069369414801,26.1843674590187,22.4571103227291,21.9569554935161,26.4223990626373,24.7829184172068,21.9956507380103,21.0875452209979,20.6442989925126,20.1521869635278,21.6291152000696,21.4679320184621
56,"BEL","Belgium",NA,18.4468267492314,18.2436149639904,18.4732664302622,18.2423868691831,17.407892689558,17.4585821502428,17.0221123269488,16.7743926801328,16.1077567830057,15.9971450647248,15.7727538904485,15.1894266276988,15.0964354353265,14.2064796412193,12.8020124943697,13.16604606129,12.7672106741566,12.5960483623101,12.5058176611193,12.5764022089218,12.751850085149,12.5973876407868,12.8301848126428,NA
84,"BLZ","Belize",9.77470274007482,9.75973344100788,10.0238967682065,9.59421110052072,9.39003032616685,9.03370787436913,9.50768770195432,8.90583311139418,8.29052025364595,7.77413341959031,7.78905804297508,7.73041565955638,10.1797485818936,11.0408176778054,12.5253945537973,11.4477791071492,12.2137164925805,13.4816744901901,12.1212542672136,9.99620346930103,8.67968935395978,6.89346490663307,6.50392405264727,6.61930206932748,NA
204,"BEN","Benin",8.05454443014877,8.07737180581063,8.27514910703142,8.46857903274597,7.98711398681875,20.8683050540426,21.003717472119,21.1991652669619,20.9065288868013,20.446735395189,19.1492924725781,19.3937958797064,18.673063334449,16.5326808808109,14.8085532700917,14.4396037240391,13.8201726435317,13.3109134302452,12.3134955911679,12.9219071196481,13.1763725388061,12.1905461071006,11.8739310190454,12.2993077710512,12.2939063872071
60,"BMU","Bermuda",NA,NA,NA,NA,NA,NA,NA,2.10803853733328,2.13543640347981,1.70941293793779,1.74223354367056,1.64765322907988,1.66233892882532,1.44153194342099,1.47371622055121,1.32468123845881,1.30211715241972,1.1748638162158,0.940887618448419,0.880526615127088,NA,NA,NA,NA,NA
64,"BTN","Bhutan",9.09335607882764,10.3090145141895,11.2266180751508,9.83777300879105,9.21114078702518,8.62824616394813,8.20264331198411,8.36542377463467,7.41740473753799,7.19334237319261,7.2102886114154,7.11920662069628,7.61668951306115,8.15507866876903,8.3907717740757,8.19526894366312,8.72332648247514,8.2929017068864,8.84836793120786,8.33092929860389,8.04382404638415,7.9789939089177,7.43210037453123,7.25164358512213,NA
68,"BOL","Bolivia",16.6578919887444,16.7294176749654,16.4255241018198,14.5202248993885,13.9920643839864,13.5941299324541,13.2411066356404,13.3447710775211,13.0354223800508,12.784447851236,12.5074553565844,11.6269452083892,11.3316031191812,11.4149163906573,11.1684734598218,11.6167256423393,11.2700220297912,10.3384637589044,10.2142083318199,9.92781130691531,9.73832788473659,10.1911907997571,10.9842214139234,10.4935083402564,10.3431518652951
70,"BIH","Bosnia and Herzegovina",11.5056036177743,11.4364985203472,11.436499643048,11.2218418584841,12.0692790160786,10.7000739044004,8.49845153563179,8.54360525268603,8.40727154330367,8.68851430541193,9.38,9.94276653836507,10.0177866169356,10.8110752333514,11.0122797111053,10.4775405951646,10.8848062915788,10.9160131144281,10.5451114701722,10.9371182841442,10.9401941831322,11.6703760701692,12.3692352244448,13.115011210554,12.8321565879826
72,"BWA","Botswana",4.87555314571564,5.32323740678044,5.61467958224997,5.67989611409989,6.21813870776526,5.56317868887364,5.62698732514078,5.84016041963581,6.05706648070665,5.70554308280267,5.55412817168828,4.94950472169885,5.28379317332167,6.26423056046649,5.72650840638815,6.3465259053205,6.38707839252834,5.78608201850609,5.9371396453906,5.82071932584231,5.30635734290709,5.77936183774081,5.19424707601911,5.11596352779549,5.15867560969829
76,"BRA","Brazil",23.2165829131645,14.5422791502638,13.0671912422053,13.0186253775094,12.1551371990664,12.3085333278888,13.1346595913847,13.0895379357967,12.3569626659174,14.4507645634139,15.0995301566951,14.7382811350657,14.108945871671,14.1542648083642,13.9551768991778,13.0594621514999,12.7218596100155,11.7837976666571,10.6759423107278,10.4796142559351,10.337095605883,10.5209374515806,10.7833715348389,10.53933436306,9.66174375101243
92,"VGB","British Virgin Islands",NA,NA,NA,NA,NA,NA,NA,NA,NA,NA,NA,NA,NA,NA,NA,NA,NA,NA,NA,NA,NA,NA,NA,NA,NA
96,"BRN","Brunei Darussalam",12.0157680602275,13.003998509687,12.7606613059753,14.9990112738111,13.6641386430678,13.5467641400539,15.3631171224116,15.7255681196523,15.6841335145664,15.3157279297377,13.2873788980844,12.3076094692969,10.5635966596802,10.3811252268603,13.7077836443948,13.9693683421624,14.9063670411985,16.4356520619663,16.62395496366,16.4980785370379,16.1284366402629,14.5291933850827,11.4608192283897,12.6582006612606,14.0663550455904
100,"BGR","Bulgaria",NA,9.75628992822778,8.82040872814504,12.7806031808323,11.8209259357821,11.646030794967,12.0854489075402,12.9550258528178,13.4558157971023,13.7506979456331,12.6418564608281,13.5572656534694,13.38278926175,13.9512164376654,12.2889002816266,12.7510930193366,11.7135852927527,13.7164898029941,13.6661937289433,12.6917002275667,13.318807010841,13.6210812958932,14.4916604695634,14.6812479897073,14.366232940747
854,"BFA","Burkina Faso",13.4479200252453,14.1207630284126,13.3691843435768,14.3566842684005,13.800527058155,15.3958217134386,12.3465925459609,11.0175735783743,10.3139742017491,13.219307062944,13.1939144011677,10.56973941532,10.5856690464674,10.1147277496204,7.91858626289933,8.40339196555299,7.21749017609837,7.01767595026562,6.75175394495085,5.34668793943057,6.27111260141239,6.62167188208926,5.35768259536585,5.48719753058949,5.16931664682321
108,"BDI","Burundi",9.35174829216462,8.25845974003558,6.27137970353478,9.74433792298716,10.3061479510245,11.3081391084761,10.9012327822256,10.9248179595289,11.0867341007995,11.043038042334,11.4508331727514,NA,NA,NA,NA,NA,NA,NA,NA,NA,NA,NA,NA,NA,NA
132,"CPV","Cabo Verde",13.2428880449485,12.7292489577194,13.0560161281243,11.7348473184699,12.1807584072994,10.0961772431146,9.26292546604522,7.19686072187906,7.54417803697063,7.00468035593189,6.40819472659056,6.45346061692512,5.80760974036909,4.54239370740279,4.84537322572284,4.92268627575584,5.4325962605467,5.4446346772667,5.68438735529256,5.80026566534706,6.38606031352078,6.54649293149836,5.9322216775604,6.40417622075543,6.98477103178607
116,"KHM","Cambodia",8.85380604648524,9.14556684183844,10.0953294388463,11.6394673782275,12.6611557436838,13.1969598110408,15.9069567205995,16.7694523269003,17.6081540004182,18.2042690898207,18.7827926985631,17.8046665035397,18.5645934937524,17.3327464842208,15.3474017683741,14.4171778501208,14.6938798572616,15.1725935818321,15.0878643570952,15.4905790170032,15.397566828724,16.013771971961,15.9951855887861,16.1885735700356,16.3494136041891
120,"CMR","Cameroon",18.229926971755,18.2343301414656,17.2198143882578,16.3761461190829,17.3667555459227,18.2193533210532,17.7413579782574,17.9354047120024,17.913599484215,17.5525540892515,16.1725355906436,15.9489854021138,15.1754016560477,12.498160963656,12.2391269054762,13.4545426130139,14.466531546059,14.6868712363576,15.077997906129,14.99418694873,14.4231137676442,14.6633195850106,14.8610911086461,15.1239723533075,15.3353900771536
124,"CAN","Canada",NA,NA,NA,16.3035734041376,16.5314015331352,17.4103845058728,17.3679202237335,16.3944042332125,16.0647087902664,15.0158719748672,14.6593358218542,13.7372020877499,12.9415690986572,12.2483686381974,10.9427964884027,10.3928568010642,10.3506883633119,10.2971204380758,10.3789318458115,9.94929202774973,9.77946718387282,10.3375067415238,NA,NA,NA
136,"CYM","Cayman Islands",NA,NA,NA,NA,NA,NA,NA,NA,NA,NA,NA,NA,0.804415174449259,0.823384578139859,0.827588491522315,0.821507425293205,0.756866381570972,0.754645714462373,0.782350694438044,0.793863022067095,0.826453128074659,0.831097333305651,0.857797076546256,0.85327943193293,NA
140,"CAF","Central African Republic",NA,NA,NA,NA,NA,NA,NA,NA,NA,NA,NA,NA,NA,NA,NA,19.3069663346622,18.3964978276495,19.9685611230259,23.6514687946965,20.9430620654195,16.7289083512873,18.0338068963061,17.7747956680997,15.7199345957132,NA
148,"TCD","Chad",9.06798823514993,10.9875091079852,10.1294823771628,11.5436139503354,10.7782424749768,9.7807538933571,8.58808890264911,9.21145414740298,9.06218890801013,7.67136255389169,5.02070881603883,0.232607690515111,0.695835858492161,0.675446632038934,0.76768070514969,0.996386264153007,0.97274801413543,1.7263965379261,2.05883992187659,2.72024287928905,2.68799114850372,2.77829008341057,2.95510632352941,NA,NA
152,"CHL","Chile",19.2386978659416,19.3498795223506,16.8409610140157,16.5334628526979,16.1500728175989,16.3066145857656,16.8798348842822,17.5316535103538,17.5828833432457,17.0316298217138,15.952256902446,14.2911916111574,12.8876533425822,11.9556940155753,11.1448762445778,11.2356503176306,10.7725217139258,11.0115307337692,10.8054644162,11.1155364846805,11.3188913960267,11.6611915777444,10.9801551520117,10.4849530538443,10.6467646966973
156,"CHN","China",NA,NA,NA,NA,NA,NA,NA,NA,NA,NA,31.9750699703028,32.0939243287291,32.4523280566387,32.3833559601662,32.1194128890512,31.5962420559989,31.6128182912327,32.064789906632,31.5285751420402,30.6710096005958,30.5046340088878,29.5076086064448,28.9556344559798,29.3029716688661,29.4143736126299
170,"COL","Colombia",14.9969758426646,14.7615046482786,14.4092035112335,13.7888033704677,14.0513156430057,13.8493757183593,13.9327006536198,14.1371966473471,14.0329280173486,14.2374561677284,14.4134103625529,16.0397466117265,16.0218611883369,16.1911398499998,15.4044634404696,14.7748422190295,13.9893257100015,13.2366820815098,13.1016827807294,12.6701074353544,12.2693186420816,12.4008937581087,12.297778837716,11.4158536134772,11.3149917088774
174,"COM","Comoros",NA,NA,NA,NA,NA,NA,NA,NA,NA,NA,NA,NA,NA,NA,NA,NA,NA,NA,NA,NA,NA,NA,NA,NA,NA
184,"COK","Cook Islands",NA,NA,NA,NA,NA,NA,NA,NA,NA,NA,NA,NA,NA,NA,NA,NA,NA,NA,NA,NA,NA,NA,NA,NA,NA
188,"CRI","Costa Rica",19.170561573792,19.1144098624941,19.2426630359049,19.5549162963856,19.0422977070254,18.7554159211101,18.396083594371,17.4961940998019,17.4712461324641,17.1775457500814,16.9629305848452,16.9455695742398,16.5682388379676,16.2159810103917,15.2275878987747,14.2378963308861,14.4622648611393,13.9824616782,13.5006703778881,12.5812301930299,12.1548550576359,11.3789358402221,11.4042275388319,11.7376557447513,11.8871768979586
384,"CIV","Cote d'Ivoire",14.7417900049573,15.0492451707548,14.5930788075934,17.2847835441143,16.1951655885122,16.5741810740437,17.2113436451626,16.1576221312053,14.2584617885654,12.3151784862799,12.465280974357,14.46044638364,14.230695017613,14.5570028560941,14.2965826084712,13.3845771361277,12.6258091155477,13.313690233085,13.9824426091755,16.2029719614297,16.8512255567449,14.7342580376467,12.3679513603416,12.307199392672,12.7727620055279
191,"HRV","Croatia",NA,17.0815746299715,15.4903713598634,15.6671460113416,14.7844629681599,14.7462024039414,14.822324697973,14.6555899526461,14.3239988429657,13.8327939012999,13.7437067757008,13.2006388314556,12.7706886284347,12.7570618680194,12.6777589511908,12.2999119236567,12.002766148469,12.2978322720224,12.1922423073696,11.8473279506605,12.2963777395281,12.5042040838497,12.6711953284852,12.4761854590427,11.9363138613809
192,"CUB","Cuba",10.7336104287481,11.4475064031358,17.6521362158956,18.3107972687112,16.8994560966292,16.614715059041,16.4228179575599,16.0694896851249,15.3555320700793,14.234064599512,13.7761432348245,13.8895259723132,13.4219267843194,14.5102970962683,14.6622965054608,14.9806701030928,15.6308294988186,15.3399043339614,16.1031432438714,15.7333955514077,15.0875322356675,14.9082437193715,13.8502790850389,13.5001187390941,NA
531,"CUW","Curacao",NA,NA,NA,NA,NA,NA,7.68707588195963,8.02781126074365,7.49023877783278,6.95200132548915,7.31013448237569,6.02558931165562,7.72113195801123,7.48319648954856,6.66311469321996,7.60231319688238,6.14232673108023,8.38198705367261,8.3111113569382,8.58278491500085,8.47142363798952,10.7909305276787,10.295147051777,10.1191917783613,NA
196,"CYP","Cyprus",12.1483544457297,9.53711228497901,9.4082335985964,9.30119520770436,8.93377101872231,8.63006547768292,8.14942548263423,7.74589227013661,7.73366091214646,7.34043373096287,7.20913885529039,6.80258340299184,6.13117983602521,5.74282845979632,5.47637663117996,5.37884374298807,5.1136531445617,4.62734238238547,4.14546745668999,3.84388734813668,4.07757419372424,4.25424968528155,4.5654995619301,4.67868317538303,4.67853464763866
203,"CZE","Czech Republic",21.1598573344174,21.529619331752,22.5048973185462,23.5393942488098,23.1028019618066,22.8142223324208,23.6130811513693,23.873568172677,22.4594688929627,21.970536389715,22.9896775255319,23.03705652585,23.5515107899743,23.4817064167576,22.2308894100246,20.6707240900374,21.1999150023824,22.0591979433555,22.2234127242167,22.2300523556121,24.1852348364744,24.1277275276052,24.1283014435852,24.0617546089795,23.262183408221
180,"COD","Dem. Rep. Congo",NA,NA,8.83855851534866,6.250000078125,5.94300249194689,5.01459736098321,9.90831810404657,19.8076885846759,21.2167905566391,18.2984058567587,17.6415058357846,16.4035332928282,15.4725966135072,17.0060306927378,14.9170319517281,18.8756819780943,16.2216485492045,15.3588924971886,15.361348681045,15.3852331885095,15.5544134738243,17.1286572960536,18.2643923624354,19.4870380823828,18.1057127846888
208,"DNK","Denmark",14.4491113334931,14.7170768840396,14.1768012470313,14.6261022973854,14.5270441184902,14.2552562542236,14.1448717021174,14.0365549030788,13.933279490254,13.2375060118281,12.7491283206319,12.0351781606876,12.0660896650934,11.9515540488083,11.7228152564295,11.1050592198209,10.9339089504486,11.0433201541649,11.4340248717416,11.779691627148,11.8601933710721,12.4034304414356,12.9904733608353,12.5228930055871,12.6337327792211
262,"DJI","Djibouti",NA,NA,NA,NA,NA,NA,NA,NA,NA,NA,NA,NA,NA,NA,NA,NA,NA,NA,NA,3.0790076157548,4.23488920685255,3.59459755575999,3.86658826165979,4.06658877791806,4.44934056469029
212,"DMA","Dominica",5.61029668360525,5.69398839572817,5.6730964420693,5.86965089085199,6.62738226223673,6.24921504264642,6.86537474760264,7.10681367893897,8.67367253317208,5.24946199252853,4.62018991412067,3.99567376829037,4.13970943992808,3.47504488822682,2.35545081352681,2.31866594239594,2.36141101152946,2.65654824224191,3.07767879740225,3.07178807387097,3.01891090446031,3.42039143710654,2.08636544151934,1.80170928950402,1.34604260749556
214,"DOM","Dominican Republic",22.9887776013745,21.7122746265831,22.7048356706093,21.7391349010449,21.6480290826642,21.6731371573955,20.9748604328103,19.6642972024579,20.367205798346,21.755210832006,21.5766031064474,18.3816788147589,17.5437475198523,16.2292679671755,16.2036927830345,15.3729012683146,15.2691172470205,15.0723772029499,14.9930449195303,14.5916649127863,14.3543083647121,13.8971988182204,13.3153157206092,13.1498872599942,13.1259328479137
218,"ECU","Ecuador",22.8424555340655,22.1645697816292,21.9243247145014,20.4203734464423,19.9260144824571,21.2679363090736,22.3793891247481,18.9373044103879,17.5705196812001,16.2204699937329,15.098869111189,14.1282120871654,13.6465001400366,13.731115943359,13.7050629397531,13.8792171796896,13.4018903242937,13.0410154493887,12.9547547042155,13.0428597457708,13.7648167021771,14.4235079529003,14.5504885363777,14.3659064824643,14.1639677714521
818,"EGY","Egypt",16.0171428571429,16.3382352941176,16.5370531822145,16.3155321549455,16.9791231732777,17.953511053316,17.9979711849456,17.6980763869529,17.9154658221167,17.3038323353293,17.2369668246446,16.7095450324977,15.9775619232637,15.3699248120301,15.5223673925181,15.786154289004,16.102270843693,15.7671942236161,16.165468442109,16.608374543109,16.7744460093897,16.6974467040386,16.8413264929505,16.443507204611,16.2799341957002
222,"SLV","El Salvador",19.9595501410009,19.1601830950107,18.6569272125245,18.4335248776821,18.6399115877128,19.368844765826,19.5328682415251,19.248347914147,18.8801111114068,18.0964928119847,17.5575825237782,16.6257298084078,16.3505535889305,16.2263133067626,16.864119593974,16.1789122089699,16.1410066825962,16.2468238168625,16.1734504932162,15.9773306952808,16.0762379572505,16.3874505935599,16.2276663360122,16.2755330658694,16.18305288992
226,"GNQ","Equatorial Guinea",NA,NA,NA,NA,NA,NA,NA,NA,NA,NA,NA,NA,7.13368571897706,14.5144150685699,20.3675170370508,18.0379595652092,21.0164819339437,22.4684911734672,17.0897521554373,19.2857889394799,20.1256330691071,17.8446575040216,18.5043115557231,25.3926032980401,25.3941823132231
232,"ERI","Eritrea",6.96446018563752,8.12315843537967,8.6195163997641,9.59402427033217,8.58706285099597,9.17119202350218,9.30749870959208,8.93181225354148,9.11393683318789,9.09978335560365,8.58016451301376,6.82807879487262,5.98477825812939,5.46334518790395,6.52391009279051,5.49275511380493,NA,NA,NA,NA,NA,NA,NA,NA,NA
233,"EST","Estonia",NA,17.4482189768805,16.4200685076891,16.790219563032,14.9609261391785,14.5230394407752,15.4537259312507,16.0510511530686,15.7544033701126,15.793404519635,14.9953052523384,14.7361324808416,14.4826819368311,13.9786172778133,13.7935616311814,12.2642637838981,13.7246427964749,14.5331432707623,13.9085697213805,13.6306193100052,14.0836726232316,13.8851248213685,13.816032828612,13.5731722793935,13.3576443840841
748,"SWZ","Eswatini",30.7550526753249,32.7737053247226,31.8755014424054,33.0242390633313,32.9106634853629,32.1324338042467,33.8642050752755,34.2653875891767,33.6990195266021,33.0148946954746,33.9391469816505,34.2364869255778,34.4902242421476,35.2154616535261,34.5971748063955,34.7917540345526,32.5284880216977,31.6891802476489,31.3880683228506,29.813394928328,30.7934238442832,31.7795862679882,30.9804158820672,30.0893531460184,31.1271656606572
231,"ETH","Ethiopia",4.27361803120077,4.88613194369603,5.21236533375197,7.30108842208489,5.25687435900735,5.73377436784432,5.60524515046047,5.77622813871001,5.76649058338808,5.77003750137346,5.35070561062316,4.84296124606208,4.63773836603377,4.57968246789691,4.10813533633752,3.88025579578888,3.97390612014563,3.68255139559386,3.42006071889612,3.702189003056,3.99132524576571,4.40461913876271,5.69139881015014,6.18737172274323,5.82100402611183
234,"FRO","Faeroe Islands",NA,NA,NA,NA,6.91030079340491,7.23324760405871,6.5555763298121,7.64890019577667,7.26395409494001,6.79936192479247,6.54710116269873,5.92873549906383,5.7265848098906,5.3598357236821,5.29970082334062,5.66583885663536,5.48339884906861,5.50462145912476,5.84454431377127,5.40520390665772,6.3782047275591,6.39258625269309,4.77058544076541,5.90602950609365,NA
238,"FLK","Falkland Islands",NA,NA,NA,NA,NA,NA,NA,NA,NA,NA,NA,NA,NA,NA,NA,NA,NA,NA,NA,NA,NA,NA,NA,NA,NA
242,"FJI","Fiji",12.7823192635833,11.9315745786568,11.4558232931727,12.606265092124,12.8808822189142,11.5102083496719,12.2304309645514,13.6281023202428,12.8848161017147,11.6460553584277,12.6659642842787,12.1085888286695,12.6492711673126,12.0146510593449,12.1556756099047,12.3029102930941,12.3104360554389,11.9246700921386,11.5622714283651,11.5664406958165,10.6541138326093,10.4961595864402,10.9394960781298,10.7997629409102,10.7997629409102
246,"FIN","Finland",20.9864710029967,22.2310158691505,21.3981971389379,21.6718741534071,22.9278463557675,22.8256501973638,24.1822678536045,23.6331410926563,22.8978548644876,21.9734906214331,21.5810496160326,21.2541137681204,21.8464319232507,22.1873258157184,20.8475512490256,16.7332305873645,17.0753607696419,16.3377677541919,14.5485577572788,14.5772064247706,14.555612875595,14.7767108672458,14.6575462922253,15.1595412073678,15.3107405108005
250,"FRA","France",14.6948766259248,14.8829531640281,14.4765568976559,14.6741472040422,14.6668086894258,14.4434078825181,14.4775579354586,14.0304251722793,13.5850900821184,13.0939137751078,12.6847177173494,12.2492999340282,11.7271803007438,11.629682284584,11.1045583673797,10.5898920793092,10.3271255442194,10.395997996472,10.3615753321039,10.3543424795802,10.2804260000512,10.4336636293504,10.2830230483558,9.99388687805084,9.86383861220778
258,"PYF","French Polynesia",NA,NA,NA,NA,NA,NA,NA,NA,NA,NA,NA,NA,NA,NA,NA,NA,NA,NA,NA,NA,NA,NA,NA,NA,NA
266,"GAB","Gabon",4.73103706180456,4.52488687782805,4.06138423510025,4.39677076967611,5.61058601134216,4.72657610588645,3.7248489551577,2.54116032821713,2.67453927337973,2.66733858794842,2.78172324218578,12.9297908424628,11.4678387263822,12.7816305042674,14.2227835357047,19.0243730718995,17.0804611102848,19.1528007507603,16.5014056434654,17.1624139596913,17.393405866881,16.6870330418249,17.456006771994,17.6224186689537,NA
270,"GMB","Gambia",8.02479292498795,8.15271446511906,7.57446444545058,8.02023931529841,7.54353447359643,7.15404622904883,6.76669154778218,6.63161138282925,7.02089937790987,5.91664280935593,5.60016167078994,6.64466696568738,6.84783138428066,6.67691761864023,5.79006018756124,4.98006917531358,4.72522653964444,5.16368222180238,4.89048439587544,5.64636846742049,6.34461578544777,6.10744912828421,5.47923506372365,4.47545664358148,NA
268,"GEO","Georgia",NA,NA,16.8984593113432,15.1488539562659,13.2593934808148,12.7650566277388,12.2455733907,12.2295474977525,12.8029398747334,13.0323092911106,12.2227537839846,12.095344634713,11.1175570526255,10.9481104873542,10.4425187025882,9.9288887406246,10.565339169756,11.2607265064349,11.0424078907644,11.6473537376198,11.4148985437643,10.9199637229339,10.3839428714166,10.652740272574,10.7054261112585
276,"DEU","Germany",20.9210562260625,20.6303715874621,20.1339341334773,20.2976477944578,20.4984565683792,20.1435434504669,20.7286626852132,20.5056311214074,19.977413558202,20.0616194011027,20.2796593001031,20.3141434072477,20.9282774469863,21.0933738655038,20.24897140225,17.8777618807615,19.9675588939792,20.5689721506999,20.4215338655529,20.1838838881341,20.4666523740978,20.6854693229601,21.0871113220983,21.0601585432088,20.8276727702304
288,"GHA","Ghana",9.10662824207493,9.32698633848059,8.63414677167577,9.0516813808154,8.98762719703978,9.02438313297505,9.01684927723046,9.00298654871069,9.02726044779174,8.97552363519288,8.74199863283443,8.65538839902612,9.74840064355109,8.59640481520955,7.54411818600718,6.77209063372257,6.38865862680317,6.42376585885943,5.66058649920669,11.7450346908796,11.3265868315981,11.3670371881514,11.1224435615719,10.8934383781107,NA
300,"GRC","Greece",NA,10.9839731841368,10.0811098530808,9.08121696843384,8.98904254581371,9.5366586345949,9.49262694525503,9.93917168295333,9.83591216451935,9.15480284753626,8.74617043932595,8.58648504197892,8.45822044348986,8.46389121959171,8.50376645473557,7.63949886513491,7.23618682383059,7.81302771246809,8.04206748119503,8.44205009278267,8.40677430252776,8.65823973266357,9.19160010829227,9.44543335947954,9.59921884953584
304,"GRL","Greenland",NA,NA,NA,NA,NA,NA,NA,NA,NA,6.48579163663986,7.94050573786257,8.31147289756696,6.97489871778808,5.82985637650748,6.09856601285644,4.73353584805497,4.34720841028555,5.30803977213591,5.18638573743922,5.06648098411751,4.36336279857062,4.06213943308473,4.5602106565499,3.19480182498324,NA
308,"GRD","Grenada",4.38120491650793,4.58610980079574,4.61397033031182,4.54802493043348,4.5828956383779,4.7504301629913,4.53463443788771,4.50764528561892,4.36593162688548,3.88849830271,3.3613885385457,2.89658086781154,3.38349204592355,3.59418851083043,3.31365545399869,3.31535445851125,3.45304144743055,3.37742482178455,3.24682507670921,3.38065882068115,3.42072040187839,3.41926030975496,3.35330923136,3.03614475888277,3.10769153094114
320,"GTM","Guatemala",14.3461147809189,14.1139240811054,13.9689152010628,13.7461754930424,13.5673608313792,13.3970309927113,13.1708960490266,19.6717208660141,18.5072838728305,18.4704261290725,18.8829478543915,18.7028889109114,18.7282419403291,18.2936395800936,18.4637952726527,18.6484601374389,18.6352784892027,18.6471479976351,19.1204151564015,19.078489301087,18.7800112292238,18.498938075086,18.331608975908,18.0021592771982,17.8519112658184
831,"GGY","Guernsey",NA,NA,NA,NA,NA,NA,NA,NA,NA,NA,NA,NA,NA,NA,NA,NA,NA,NA,NA,NA,NA,NA,NA,NA,NA
324,"GIN","Guinea",4.5110978291017,3.83327401672169,3.69300269758716,3.46560583822405,3.66906358271945,3.84458315968852,3.77539531990208,3.77629437788599,3.78631496090357,5.92797783933518,5.66554253726718,6.08399206675206,11.3806149724761,11.4378601879114,12.6717193775661,12.5636706894268,10.6332870477976,10.4712724801247,10.5298639047822,10.8007815645733,11.0824980729696,12.1187362896904,10.926678079722,10.2463682877482,10.0435226044896
624,"GNB","Guinea-Bissau",6.79572205184733,7.42770795825787,6.975396394923,11.0044977511244,9.14285714285714,10.0584978427008,NA,NA,NA,NA,NA,12.8310006590936,12.5719382034272,11.4181643757588,12.6121844952311,12.0116904839358,11.3420448735479,11.0965332016176,12.2117612648202,12.6804332530123,12.3817296318748,10.7026396410025,11.3282821102253,10.4991216071874,10.4525039075119
328,"GUY","Guyana",3.06939547296306,3.22416182430263,3.10786651641825,3.09060907352936,2.95457489065834,2.97659001950871,2.64129456033523,2.69782419991035,2.85522671533,2.68908262994225,2.63138523774319,3.07145499869597,4.05589874879987,3.90448317863168,3.87817524156941,3.67715095134001,3.50780929338316,3.29214505074645,3.12440148841282,3.24531942319193,3.29111692743049,3.32567435139732,3.06171665646279,3.05387182455901,NA
332,"HTI","Haiti",13.4724271723145,19.1938652699647,14.157613565717,10.7777469170092,9.6211184659587,10.0625942183845,9.60480149523073,9.98436697782964,10.2544135789339,10.1046755122831,4.59089224785771,15.2957543368941,11.9132689790908,12.5335458634319,9.53773921545153,10.698061109452,4.58611521921544,9.61392780019415,6.60364724853,NA,NA,NA,NA,NA,NA
336,"VAT","Holy See",NA,NA,NA,NA,NA,NA,NA,NA,NA,NA,NA,NA,NA,NA,NA,NA,NA,NA,NA,NA,NA,NA,NA,NA,NA
340,"HND","Honduras",20.4437836779106,19.8570160613244,20.2339701242105,19.2472951356972,19.4776566719637,20.9363328038784,20.5356188504531,19.6385276614503,19.8922167185635,19.7740057611866,19.1572527591598,19.0839707119665,18.9701291398433,17.9514503748814,17.8052175755449,16.6306403968767,16.5365570056735,17.1943940174517,17.6861395577953,17.2942592461772,17.2545874850923,17.5431120239302,17.1467725059127,17.0452417533161,16.7649047002933
344,"HKG","Hong Kong",NA,NA,NA,NA,NA,NA,4.59057600704598,4.05520375553877,3.52821655987131,3.10519317338138,2.99692698806104,2.80754182526334,2.63976942177841,1.96061683253007,1.84516778165807,1.73054612188073,1.71195474719816,1.58072403757179,1.5021656221052,1.41027589609527,1.23384682777251,1.11396500825592,1.07780521854625,1.02530223110933,NA
348,"HUN","Hungary",NA,18.0977796239071,18.0901440849683,19.7574630984248,20.1220564758416,19.4813165952036,19.0801713908103,19.1538318559265,18.5140908388072,18.4561321596132,18.7455626002058,18.8923832928189,19.5977962116188,19.0102037311683,18.2359361365143,17.142349607207,18.2206944535712,18.6334942687386,18.6877073064429,18.8928048198515,19.5288315924072,20.5054371915268,19.8682698455717,19.5971723719248,19.4361694992102
352,"ISL","Iceland",NA,NA,NA,13.6491809041522,13.2113776147873,11.8352088275551,11.5191844456701,13.2781708566041,11.6463956304136,10.8099113507722,10.4457495958785,8.80543462975476,9.24564100403445,7.87528832439979,11.0547056795929,11.0808321202095,12.7250299821932,12.7692460519737,11.3324950055736,11.3322198680284,10.6575901044548,10.1307635997664,9.39102529257224,NA,NA
356,"IND","India",16.7641220713533,17.8658334816571,17.5963239436755,16.518562705277,15.7193009580867,15.1805221707762,15.9270077605612,15.3070066193956,15.5586868215539,15.5873717164713,15.8272584275587,15.9730185497471,17.3036473920523,16.8645642422359,17.0986762787823,17.1435787878469,17.0299399879913,16.1393374447433,15.8169230072072,15.253022692764,15.0655701110797,15.5838545863713,15.1999015149793,14.870364015667,14.9906482730194
360,"IDN","Indonesia",23.3480377908308,24.1331787066672,25.6166348710399,26.7929465196358,24.9956709549063,25.9948791141402,22.6597512078726,30.7545972173123,31.9532784940709,28.2528418444569,28.0658265856536,27.4075074800459,27.5375740802454,27.0484127487931,27.8142729854303,26.3554745271064,22.0386285924438,21.7608545038475,21.4509550553875,21.0286886817218,21.0751760505565,20.9857874310206,20.5229746805052,20.1638995477262,19.8640438501263
364,"IRN","Iran",15.5125144551793,15.344322306625,16.5055430323782,17.4359815844307,16.8907124418326,16.6599877236784,16.6392250192511,17.1481311479696,15.0966632125649,14.7931353364884,15.7024342773986,15.0414920675817,15.0335061173724,12.9076157657217,12.9684578028281,13.2744893947707,12.7839080636811,12.2096038737184,14.4442318046418,13.745640392405,13.7504981431966,12.3744449090988,11.8955607216009,11.9947142074608,NA
368,"IRQ","Iraq",1.48477458410163,1.3933513294463,1.00501550194875,0.652216662081804,0.861183074297491,0.875218459036891,0.908108147593402,1.47601009072623,1.52194453095027,1.02658815050142,1.76138871400147,1.32052737590351,1.5412175133179,1.63106234169747,1.68390709991544,2.61115151003297,2.26990680451983,2.82190329286093,2.72177631792452,2.34000413011696,1.82720537280702,1.82032866795367,2.11052335984095,NA,NA
372,"IRL","Ireland",NA,20.6572988226019,20.4079817302312,21.7906805114536,23.2663778198989,23.5633983283704,23.1328310918503,25.2660453644278,26.7437452707069,23.3518244729212,21.1323056158897,19.5941882720473,18.5537940280052,17.9489698457723,17.5022784891344,20.308320580435,19.4447323345948,20.983697559192,20.1065003988946,19.5863423600808,19.9724304088151,34.4378117242189,32.0108654134211,31.9142305653735,30.7504973236325
833,"IMN","Isle of Man",NA,NA,NA,NA,NA,NA,NA,NA,NA,NA,NA,NA,NA,NA,4.53754373040213,4.32439307822276,4.06575530093782,4.00297518095845,3.73436239583627,3.31526160419094,2.75492748826694,2.79541492029151,2.50310291858679,NA,NA
376,"ISR","Israel",NA,15.9639414556664,15.9856091629505,16.2047921497219,16.440216283328,16.4787097543202,16.8102641789704,15.387354191407,14.8756922210053,15.0283098806632,14.686497485216,15.229129953981,15.6100798358421,15.9257027384881,15.3053968081504,14.2400499360751,14.353251591943,14.0113269824502,14.2248859729851,13.0402917068403,12.7031652074221,13.0163643032688,12.5456063522236,12.4191916703467,NA
380,"ITA","Italy",18.5553771458449,18.87461250616,18.5152745823977,18.3159960846678,18.2538433526391,17.7435832058909,17.5113290823772,17.1073967607116,16.7527174660137,16.1002124383121,15.8897698760124,15.5384263745234,15.5951468071715,15.9450015495006,15.4344500520418,13.7081298661187,14.2272942999269,14.1807487668881,13.8112213430528,13.8440498938333,13.9135291355331,14.398801660011,14.7659223682466,14.8899360100823,14.9909546571777
388,"JAM","Jamaica",13.4798201803739,12.2328551404295,12.1228020316405,11.0992303269345,10.3713897849128,9.96478203480296,9.34591269708,8.93732428834563,8.42175728660837,8.28396172705735,8.21747307122174,7.75151511689677,7.61497623467494,7.68942404971817,8.03914806244762,8.2094813093192,7.75064821505559,7.88642236411322,8.0855260454477,8.15841243968817,8.11928530519559,7.94965665404166,7.66632575936109,7.69729452807485,7.71984770811776
392,"JPN","Japan",23.4861108148002,23.4705390800397,23.4403922808925,23.4219894503808,22.9003769628866,22.4713163699231,22.5582013495195,21.2537929847707,20.883717432753,21.1103710181224,21.332453172514,21.6448579443988,21.6138902295913,22.0760400550548,21.4282765048183,19.1461508760963,20.833014392413,19.6657159979935,19.7315242610876,19.4362564480472,19.7312970444232,20.8133218449604,20.6752634022057,20.7271804710102,NA
832,"JEY","Jersey",NA,NA,NA,NA,NA,NA,NA,NA,NA,NA,NA,NA,NA,NA,NA,NA,NA,NA,NA,NA,NA,NA,NA,NA,NA
400,"JOR","Jordan",13.4454774496694,12.8719614619675,11.6041391336403,12.1000998199978,13.2265891143671,13.1669360983843,13.4574569201807,13.5325946478751,14.5377205091252,14.9766234660933,16.236248151236,15.3741634080413,16.9997063893807,18.9138662528537,22.5734780676697,21.5848923402753,20.2602921646746,20.6015697362648,20.0637667957185,20.6902328698274,20.1500117196656,19.5245170876672,19.1484010061085,19.184859703145,19.0130135204541
398,"KAZ","Kazakhstan",NA,14.6070164367623,13.2472781029019,13.3363454370665,12.012587814836,14.0888299934891,16.4882547862581,16.4205500577387,14.4725521083952,14.2177474367653,13.3141536472172,12.0413930742043,11.6324580776122,11.4916052350723,11.7738896985166,10.8721535671572,11.3213182158369,11.0865742214899,11.0807990431371,10.6349738343331,10.3182436278483,10.2754093827734,11.3301396708405,11.1953811630965,11.6264244822091
404,"KEN","Kenya",9.0239592597691,8.36344720268473,11.8594821496574,11.5682845804238,10.9299604775789,10.144580113851,10.3155807456118,9.77993983656482,9.82360946248357,9.70902523630876,10.0007925739742,10.5360857511169,12.6893553901337,12.7904398588978,12.0957706183263,11.9612192389674,11.2552633281114,11.7505001451991,11.0082871291797,10.6765519726707,9.95806558698647,9.37107334115884,9.31880414176583,8.04643628929608,7.74107343001756
296,"KIR","Kiribati",5.8316,5.97381578947368,5.34270588235294,5.13934065934066,4.79644230769231,5.09906542056075,4.42810344827586,4.41073770491803,3.94153432145738,4.06085022119839,4.43315921772258,4.7390550492579,4.63754849991803,5.47755997880875,4.85634935266516,4.80949884857087,5.61447213033848,5.78838916230991,4.96905903546918,4.51546617572663,4.6488064485386,3.84502250027439,4.20821383312212,4.34096681603238,NA
689,"XKX","Kosovo",NA,NA,NA,NA,NA,NA,NA,NA,NA,NA,NA,NA,NA,NA,11.0619398372309,12.0712355022607,11.1154929577465,10.2603809642508,10.8573998300026,10.9781849585101,10.3427031881455,10.7764270340077,10.9693744748851,10.9162911800932,NA
414,"KWT","Kuwait",NA,10.9514419521814,11.6774311102354,13.230869494379,11.7147878272086,11.0763323436724,6.91529818496111,6.34333239884123,7.82830025884383,7.9000490642742,8.31135468402124,7.26020429788497,5.47879199185612,5.53420705319051,4.42554265522463,5.12468009711923,5.97779262434589,5.6132914310447,5.96442689369528,5.87988767434468,5.54176416066579,6.97757394853408,7.20206438809528,6.99696635410921,7.87978507339898
417,"KGZ","Kyrgyzstan",20.4813964323749,8.57349908021629,7.90151842149124,13.672166514044,14.1397862580234,12.9684186771705,18.1024788128138,17.6406576316976,13.0484683553877,13.2743801239037,15.3253118418835,12.8524309409787,10.9920817292779,9.91904731366329,13.2190269899927,14.2282513570772,16.8602886155195,18.2682486850023,12.0717438294619,15.7680889222133,13.6761967985545,14.0507756985422,15.4342608672285,14.9908280435843,15.15628867593
418,"LAO","Laos",5.47117832430169,5.97943759227275,6.59013907438536,15.5996962384154,8.69260754627714,8.69918037242748,8.71088702835062,9.1444310735075,10.1492602809144,9.81210926950681,10.0989932130894,9.64161022322029,9.455624322685,10.0618302002217,10.0831015739117,11.6792654657455,11.0944103727161,10.6713661460624,8.98377274194291,8.43540228329276,8.42769528405875,8.19013846822229,8.03276734913768,7.74072995190019,7.35314905304268
428,"LVA","Latvia",NA,17.7384520168996,17.2138977843056,18.3373055569357,14.8762405626735,13.6473052544175,13.7321711823419,13.7137545850493,13.645673182844,12.4663928369203,12.387611537686,11.5267504445022,10.6803852564532,10.138051885859,9.71794243700576,9.8346896860202,12.0214923936668,11.819623941788,11.6851604750573,11.2377289658285,10.8702230567212,10.5179889873178,10.3539816505378,10.692583184084,10.4618451151591
422,"LBN","Lebanon",12.7171653291097,12.5023928194854,12.5429745043969,12.5237113402062,12.4287735668668,11.8560042710598,11.4142966948501,11.3240876461082,10.8305624826822,10.7316267547481,7.12044459730519,7.35931292027911,7.12166265614221,7.13904429771879,8.14939120811822,7.77108680575375,7.61107880685706,7.55121997307945,7.38458654213391,7.65946458716179,7.7597305922545,8.23582259627329,8.62220530871536,8.5649345317491,7.7632922451189
426,"LSO","Lesotho",8.86184176792903,8.95149023184026,8.87778003896975,10.2018678620657,10.9229911848232,11.1193925763984,13.6208970702257,20.5135114064332,24.5578158367639,22.6620895427505,23.0281695904797,19.9852900026128,21.8240965624683,22.0028881491968,21.5615152866205,17.3835608185752,12.6601233999502,12.0384996393971,10.8468297736245,10.6176862207323,11.9892432745162,14.5911642729378,15.6983810770121,13.7316971788757,NA
430,"LBR","Liberia",NA,NA,NA,NA,NA,NA,2.45297482837529,2.37581677704194,1.87307443365696,2.25552139037433,4.02463768115942,4.1272602739726,4.09355674709562,3.95002184996358,2.95900926998841,2.80824660633484,2.60644144144144,2.27703502919099,2.11694965086365,1.92889142484513,2.26475508905852,2.1403840100724,1.95251364776532,1.84238408378748,1.7562757771622
434,"LBY","Libya",NA,NA,NA,NA,NA,NA,NA,NA,3.12586498539136,5.92415229030339,5.68684827794422,5.05667506297229,5.03739715781601,4.72761185275555,4.45167643610785,NA,NA,NA,NA,NA,NA,NA,NA,NA,NA
438,"LIE","Liechtenstein",NA,NA,NA,NA,NA,NA,NA,NA,NA,NA,NA,NA,NA,NA,NA,NA,NA,NA,NA,NA,NA,NA,NA,NA,NA
440,"LTU","Lithuania",NA,16.7250130004705,16.1587528904231,16.0017324645537,15.6900643076098,15.1355821795928,16.7609696056901,17.2253855713332,16.2866169013931,16.6702287781472,18.222885058339,18.2455906542461,17.570064184582,15.8922331040525,15.6991922286356,15.0932752642625,16.886639785245,18.340654212963,18.6925344432979,17.6051939496035,17.3548091293086,17.3582635163031,16.894256179116,17.1858206214797,16.9937863915672
442,"LUX","Luxembourg",NA,11.6374309223735,10.3272267504183,10.6930060474584,10.8978040678023,9.54431063767417,9.62949283948612,9.13540121777249,8.5698058048965,8.79957797126065,8.44900862077915,7.92562961522478,7.14327145185175,8.12109383310752,6.95212601801258,4.78006892861218,5.24162938489533,4.94205605207558,4.76673801142294,4.88551504573377,3.95253492327651,4.69603632185744,5.35509727514917,4.92882587085927,4.96134813810429
446,"MAC","Macao",7.33990937888448,6.69501103277542,6.5613929962461,6.72033662539992,7.36485984088036,7.39898210980876,7.50676702881086,6.04737015241785,5.31567674157685,4.6733805945173,3.72350447479981,3.14022627797506,2.8815765012084,2.09727103716872,1.42942298521698,0.989694810080074,0.553652283260239,0.458302615620339,0.463326527406942,0.398674322897066,0.417354717578664,0.597990685038914,0.596098864100498,0.556938317849134,NA
450,"MDG","Madagascar",7.53118869443563,7.38259837412233,8.99582736497207,10.4400122046851,10.677433313172,10.6488418430158,11.0897713737043,11.4696111862449,11.7737422961635,12.5714540516229,12.8978432810778,12.6992405609024,13.1117225997439,13.1745480184455,12.8993292618013,NA,NA,NA,NA,NA,NA,NA,NA,NA,NA
454,"MWI","Malawi",15.4964005637665,13.9826091628765,12.9514512799273,12.5987154734984,12.3129196577701,12.1671676566088,11.6174424814019,10.4939934169451,12.38857679867,13.5018562818869,11.2765770777263,10.2821379018842,12.4039684371615,13.9492013418611,11.7182967489297,10.378688447123,9.90985124538877,10.0695131619783,9.25406775204176,9.56399709753653,9.54975266317951,9.6012508299064,9.51888674553635,9.36589303214059,NA
458,"MYS","Malaysia",26.6407449094444,26.3781509583228,27.842872963887,28.3802054685143,28.7826043976218,30.936010054328,30.8635497655731,29.3364040399457,29.246474536288,29.9284330979609,30.3778723296537,27.5497452619495,27.5660974592105,26.1226313163195,24.5607575706411,23.8000973762948,23.4337755680919,23.3202044896916,23.1381762920437,22.8407424205833,22.8739302431305,22.7128223852473,22.2190541177235,22.2738624776486,21.9473899913417
462,"MDV","Maldives",NA,7.87508570941845,7.19359554800981,7.55758500320924,7.70865095890714,7.97998872991578,7.96034732884148,5.5666942071167,5.29440776868142,5.2990887195542,4.88176701704643,4.69487045605252,3.65879341244529,3.20834626246487,3.25029262231885,2.57376551104261,2.28771084825406,2.58052904651449,2.62452727488947,2.11838215713654,1.98497323914953,1.91714654310672,2.08010826072519,2.18172652637316,NA
466,"MLI","Mali",NA,NA,NA,NA,NA,NA,NA,NA,NA,NA,NA,NA,NA,NA,NA,NA,NA,NA,NA,NA,NA,NA,NA,NA,NA
470,"MLT","Malta",19.8490264567386,18.4552845528455,18.1611956231652,17.3735554555005,17.8256583579778,17.2537873849443,19.1062367744431,15.6702120631565,15.3128430296378,15.4629069597681,13.2416995397765,12.6543630034422,12.1405098308609,12.2970039079462,13.4286227095469,11.212654351155,11.3599515114781,12.7294173994009,11.4394087577557,11.1046626276546,10.0825233023257,8.91608248015628,8.69238866050397,8.77830304570824,8.77966026313336
584,"MHL","Marshall Islands",NA,NA,NA,NA,NA,NA,NA,NA,NA,NA,2.89641876550429,2.1275500512584,2.03022302508164,2.80282404751404,2.8567557679331,0.808491817779743,1.78948663719448,2.94152786298996,1.20036391025347,1.00581339281596,1.39568690261592,1.10440912219898,2.27313508269241,1.81218513283317,NA
478,"MRT","Mauritania",7.94630914190471,7.57159051403023,7.75979572685553,8.31462899974856,11.345087066561,11.7811899678297,10.6351265185621,10.8840992049368,10.9684435603755,9.44621851304169,9.54277395531435,8.47504965243297,6.58045771188137,5.89323152923522,4.98172793631386,8.02033532000177,7.12074181022636,6.7913241477795,7.50430980315075,6.83597988432544,8.02046879265357,NA,NA,NA,NA
480,"MUS","Mauritius",19.7320649596953,20.3405505370137,20.7997954627421,20.7814049669361,21.0337743791803,20.148794489472,19.7458430521472,20.041175038113,19.0645919132647,18.0296643552005,17.5365624632287,16.8923682263186,15.8244716650962,15.4668098161913,15.3106024893229,14.9090335760019,14.164315147894,13.8661472809371,13.6477452915207,13.9063955939495,13.5881569751723,13.0365729592845,12.3988821547273,11.8033425123742,11.3642062421383
484,"MEX","Mexico",17.3846426074588,19.1513517547962,20.2015918235257,20.2041339424351,20.1123167679929,19.2851644818971,18.9878518498964,18.0518957738262,17.2675847902619,16.6089869782365,16.6589751162367,15.7266043383479,16.6599614768607,15.9208624812093,15.8421985501957,15.0962102628175,15.5616793495315,15.351284303746,16.3467248038826,15.831823954908,15.8991770877474,17.1411607594018,16.9755768743389,17.1579687137064,17.0368248205166
583,"FSM","Micronesia",NA,1.41303427769743,1.20271954166794,1.45538696657279,1.56160224943568,1.49301755411594,1.66323437794108,1.92075130419713,1.82472383844891,1.64340456968314,1.38535675164621,0.542235959790429,0.364246604699882,0.374861478217925,0.403319377057587,0.412834812140158,0.421953877122795,0.430174224264506,0.397971720980092,0.364826544437645,0.368585601104908,0.420934470081671,0.55684283148972,NA,NA
498,"MDA","Moldova",NA,22.3365070840307,20.6040682972447,17.9708701661718,13.706254241753,12.8303783759743,13.9531065713548,15.4605265057176,14.5667613264811,15.1360962076791,14.2305124064769,13.0725728382833,12.2454575214973,11.5448035321115,11.0400833291681,10.374625910993,9.95377278965701,10.564742035192,10.6544372353389,11.193852275162,11.6021129918143,11.9582205705707,11.8970437279549,11.5529534764725,11.4405905605926
492,"MCO","Monaco",NA,NA,NA,NA,NA,NA,NA,NA,NA,NA,NA,NA,NA,NA,NA,NA,NA,NA,NA,NA,NA,NA,NA,NA,NA
496,"MNG","Mongolia",16.7765685073299,17.2814541140671,7.67671831041257,8.45724490084642,7.0790830129723,7.02670514349229,6.70233796742524,8.24986776096503,6.39352200388807,6.64552503648603,5.53018127001751,5.75904440824678,5.4346960366418,6.24414878617748,6.56204437321324,6.44855172559759,6.81401400514139,7.06994251923486,7.48223248580853,8.72166415159456,8.77729313554663,7.6379786077859,7.3243570265262,9.04465683583138,9.20174284133322
499,"MNE","Montenegro",NA,NA,NA,NA,NA,NA,9.28076314231317,11.5594814340095,10.4014913776057,8.75852907832978,8.72993676423823,8.1920931970023,7.76501420288907,5.10184160138216,5.13212895043134,4.53190419805704,4.55276488037144,4.9716657870773,4.07631424020981,4.04305510036931,3.88001811492567,4.08869912042976,3.7355356768934,3.76393521328113,NA
504,"MAR","Morocco",18.0762012384466,18.8750053091466,18.2909853248143,19.0591773357952,18.0143016202193,18.4117272742884,18.4955086758582,16.8411804690396,16.8503472895946,17.517002202941,17.7803507577198,16.8406484052819,16.1571751904471,15.1186817599185,15.0930527408122,15.4989492079312,15.590907237097,15.4933012387861,15.2316185879858,15.5131341997031,16.4904860294626,16.1369502505188,15.772540128399,15.7369013549366,NA
508,"MOZ","Mozambique",12.5686456074403,10.8128576897918,11.6742199376125,12.1894927412667,14.6255547408807,15.0686062011641,14.8332306013306,16.4485919945395,12.7349260648589,14.7029591874652,15.3660256854155,13.899011688365,14.6575798151073,14.2570556023282,12.351147057947,11.0669278503514,10.4699459202384,10.2961125028008,9.09977999879814,8.62476598243482,8.99260591051042,9.1125621063742,8.70397860841202,9.02701553707256,10.6595259962132
104,"MMR","Myanmar",NA,NA,NA,NA,NA,NA,7.16473817761947,7.82859733267743,9.17723245491444,9.79941441172103,11.5833470877097,12.8016336992973,13.9923194054329,14.8864137941878,16.8209693004769,18.0785520484043,19.8620828512879,19.721311969926,20.0923540449082,19.9159137514953,19.9307583034118,20.8081418828203,22.8051343944901,23.8537250462085,NA
516,"NAM","Namibia",10.5360057776183,10.218769574407,7.8752597923067,8.75385155274196,9.64973009818522,8.88774383770561,9.96378473387388,9.84665804889644,9.63290489623716,11.6654603724606,10.8024078405054,10.7049511825537,12.8526954479438,13.6421668195541,11.4197931682055,13.0307346417721,12.4774649571769,13.6533954122066,12.1900058944767,11.0014593831246,10.0249075064921,9.73022249299639,11.0173628622283,11.2401267597698,10.1096751900792
520,"NRU","Nauru",NA,NA,NA,NA,NA,NA,NA,NA,NA,NA,NA,NA,NA,NA,NA,NA,NA,NA,NA,31.6126229500456,16.1380244251859,0,NA,NA,NA
524,"NPL","Nepal",8.96312577783131,8.92209421694993,9.02564349792899,8.84664881841483,8.97040003988765,8.86953420107825,8.840859263007,8.69929482753759,8.21342364558824,7.88776001511486,7.76396416201986,7.61521652087165,7.31404529081892,7.16818694552414,7.01090407989623,6.62236712160215,5.94613900034709,5.89127359077189,5.96879288490347,5.91807368801736,5.75172937924758,5.5855144788841,5.36876419333363,5.0655425381662,4.8745297511832
528,"NLD","Netherlands",15.2011699374438,15.3477349209673,14.6858179180268,14.2302043647675,14.1668040426584,13.633513644957,13.3531117880918,13.1231569619885,12.5422788578772,12.1770246290049,12.2665250922941,12.3018862444476,11.9289157739511,12.004780593375,11.4583172383104,10.5034552734931,10.4692367022483,10.8031102821672,10.7351684467491,10.2880857822467,10.3606528083864,10.8017588201876,10.8510497122133,10.898340406595,10.8478056513481
540,"NCL","New Caledonia",4.60997292976995,4.21717850000935,3.96384904696165,3.95550606981106,NA,NA,NA,NA,NA,NA,NA,NA,NA,NA,NA,NA,NA,NA,NA,NA,NA,NA,NA,NA,NA
554,"NZL","New Zealand",18.4547461368653,17.7002369175776,16.6595780457167,16.321137241807,15.784546833168,15.5560854551396,15.5041347140747,15.189725899683,15.5517417388538,14.7181353891296,14.5562535989493,14.5252459539577,13.3018034768058,12.3144193613992,12.3970298178443,10.7716305192766,10.8388961530521,10.9336384653983,10.6086732605887,10.2422585581403,11.0804983229516,11.3060382823322,9.99640550365564,NA,NA
558,"NIC","Nicaragua",13.9780037475245,13.9369406680294,13.6079685075252,13.6112819353842,12.7259180258268,11.9561731250922,12.4765166384275,13.6508265691393,14.8288993696564,13.958588954781,14.0404617782632,13.5660208047199,13.5930970672641,13.9899714698072,14.0052410763367,13.6145521434809,14.2653239371328,14.0516242755757,14.2067627147124,14.4945318926133,14.7329134994098,14.1979344572776,14.1447505512517,13.958489483547,14.2165017137563
562,"NER","Niger",6.31409138306875,6.40178978732448,6.47097073364819,6.59103980049039,6.18687155769144,6.49444688343697,6.79475164011247,6.56381486676017,6.59042834479112,6.3496062992126,6.52488425719246,6.05942504871666,5.38247087586885,5.18197041096743,4.88023682385043,5.05521454982316,4.76351037646483,4.75955079511566,6.04947053095879,6.65775269655675,6.29693120078598,5.74466031653223,5.94180320249264,5.71036622127058,NA
566,"NGA","Nigeria",20.9270802317182,19.9937155656229,19.1010802100397,19.1985314411312,17.4505658778831,16.2573691313088,13.93340041394,13.9253596044022,11.8118130813701,12.0606068371394,10.8615699225558,10.0610833216537,8.85287260822081,8.40137965699572,8.16891297225158,7.83841193672558,6.55281697610582,7.17108429622259,7.72454667172196,8.92892932162235,9.63581160267111,9.42843732196167,8.67969778187677,8.74199349242319,7.77963032763418
570,"NIU","Niue",NA,NA,NA,NA,NA,NA,NA,NA,NA,NA,NA,NA,NA,NA,NA,NA,NA,NA,NA,NA,NA,NA,NA,NA,NA
408,"PRK","North Korea",NA,NA,NA,NA,NA,NA,NA,NA,NA,NA,NA,NA,NA,NA,NA,NA,NA,NA,NA,NA,NA,NA,NA,NA,NA
807,"MKD","North Macedonia",18.9082621428571,18.6623026622026,18.5297037603789,17.928241210653,17.1640433665384,16.7225135662529,8.96857379567739,8.96459093556477,8.43604131780757,8.93134941606437,7.68521222568077,9.6933995143412,10.2159240234142,10.2006227054164,9.77198775579069,8.82707622846834,9.86562877318796,11.4100813036154,10.2386314208394,9.91410485543674,10.9514035376996,11.7603595286911,12.2889398868518,12.6790463833928,12.8529413546406
578,"NOR","Norway",10.3619643730851,10.7970520929808,10.0640302961057,10.028703505753,10.5428854393772,10.1253771625368,8.84277723912816,8.91079743190686,8.90121082105217,8.8513120109557,8.53471501660231,8.15931284069621,8.30271311670771,8.28336224269744,7.73510650653728,7.33843973218142,7.18588107747156,6.74526201330231,6.60508621555134,6.60839030100063,6.79452690388078,6.85850045347896,6.51759243111266,6.29970775674782,5.70252052544227
512,"OMN","Oman",NA,NA,NA,NA,191.998413538397,174.066873358594,154.64896141642,161.50308183921,150.459011736756,130.896107330913,111.084271551,89.5280729646055,75.2926377581327,64.7190053022532,47.8608426815156,65.0045954647332,56.6507007273372,49.8185437562208,45.3518499677824,53.1892277321854,49.9002373773016,38.3346603623355,33.3297836675935,37.2841375053277,38.1912174594689
586,"PAK","Pakistan",15.0585098750628,14.6178136063565,14.6080060447897,14.5603612715335,14.6825805854075,14.4135252804352,13.6640311794404,14.4453763807127,14.4374568515766,14.8787197106928,15.9998794450216,17.4872634189885,12.9661910186754,13.2688354470547,14.7858592945967,12.7205247813455,13.0748605838059,13.8301058630674,14.0158331878383,13.5681120600402,13.5424307987606,12.7920897341408,12.080755043235,11.9823005693215,12.1276208087621
585,"PLW","Palau",NA,NA,NA,NA,NA,NA,2.81674087020196,3.35829633918806,4.58423458496938,1.89741421181966,0.878820588292626,0.824140270623406,0.773142832527732,0.744949736864863,0.924162587187905,0.873925791565935,0.816567594319245,0.874010793042276,0.973638297029795,1.02841988997349,0.988785595284178,0.904054256901516,0.924553719021858,0.969521105086371,NA
591,"PAN","Panama",13.9293671403527,14.2200134936823,14.128373919279,12.7336121488774,12.3644221118864,12.1368614248597,11.2714063547033,10.4291833505794,9.44976656860529,8.92826404639726,8.59727159271518,8.26010054637809,8.04011426447636,7.15686857055426,7.07330290848879,7.28597872222762,7.09673474794754,6.33825555984801,6.23155749362474,6.63135964912281,6.60577106056509,6.39081411750786,6.17209822352892,6.01922169167584,5.78002339555238
598,"PNG","Papua New Guinea",7.6541959749019,8.01491597656061,8.93343341133531,9.19543477032601,9.25598441744835,8.24063795564214,7.16633455905011,7.03230957167454,6.25713182617648,6.53121155637411,6.70480281789829,NA,2.38676644348169,2.40955342001131,2.51332825590251,2.59269671695874,2.44116432700248,2.50926316776887,2.46551879563689,2.44127323400599,2.12845655393082,1.7775486788939,1.93117572622816,NA,NA
600,"PRY","Paraguay",14.1540836128607,14.5491051158692,14.3997372945479,13.7285343730401,14.350189261329,15.5659694644153,15.6778275044955,16.2068181252178,16.3934935668139,17.5145642129531,17.9348637783179,17.9590523871282,18.3216271525742,18.1933950444455,20.3671200768916,19.8052782587388,18.5664734518646,18.4160242404066,18.5153261168878,18.2766233884472,18.8147575547989,19.4419248607494,19.0798869205601,19.4468999829635,19.4544658524817
604,"PER","Peru",16.0003651893405,15.3347247283038,15.3090571213663,15.3558632710371,14.8647485023311,14.6733467169829,15.2145262038719,15.5812564716453,15.4989075774167,15.3985817546504,16.3726500976156,16.5516113723285,16.4721932263299,16.5180344893382,16.2965420065264,15.2930541321031,15.5564992898,15.0914598699078,15.164396582771,14.831406515612,13.9461928204517,13.8021311700584,13.3426070738775,12.8308955703987,NA
608,"PHL","Philippines",23.2620093423717,22.9936131621432,22.8087841091899,22.2646155773397,23.4559054496462,23.4673010090486,24.4673927595824,24.6668605043725,24.6924450233622,24.6426046000842,23.9483346629538,24.0534525800876,23.6211853452837,22.7442339929686,22.806791035002,21.260404167155,21.4448080497915,21.0923820108004,20.5558158327134,20.4136926784175,20.6079273953202,20.0361311422289,19.6652498869065,19.4550385845213,19.0537587386107
616,"POL","Poland",NA,19.4425022411897,18.3946589119783,17.7138870895411,17.400465292788,16.8641307495912,16.1181418784152,14.606897152982,14.3682967809745,15.5672455167685,16.5572062735381,16.1264170069099,16.4648577709978,16.5134872284977,16.2962484905553,16.4501300094446,15.5569993177878,15.9079769010431,16.3372355278703,15.9029389309522,16.7673197979575,17.6199348082576,18.0538301832453,NA,NA
620,"PRT","Portugal",NA,15.9369587943572,16.5760143958894,16.5247373012983,15.9934975916727,15.6253051624125,15.0432621223129,14.672190662508,14.1869868863531,13.4679981209685,13.0421594024218,12.5588658169705,12.3440707496596,12.2447276156217,11.9443632786606,11.1311504552997,11.5723479997856,11.3297466673843,11.3815024693083,11.5578779494442,11.79849404655,12.1576731886721,12.3011859296715,12.4827873549243,12.4420135194784
634,"QAT","Qatar",NA,NA,NA,NA,NA,NA,31.9448244284256,36.7598883145363,36.7630175642699,32.4348752670348,25.6166821628922,19.7980540560549,15.1664733248801,12.368047816317,10.1664851531163,13.6282672071374,12.5277619599153,9.4627166768735,10.5240017998041,10.2050267567452,10.142168604078,8.91558652224353,8.47611374150153,8.68717290411771,9.18396254760958
178,"COG","Republic of Congo",7.75683048984079,8.1329293694376,6.70154651073325,5.45843475695213,6.95591687679332,5.4647070999793,3.47655398037077,4.51105795049553,5.32091785833056,6.02421498178955,4.98004723511687,3.99912791603077,3.5744322960471,4.03152103538976,3.46487139040197,4.47127631134826,3.78282180922302,3.63243182891616,3.83830396133212,4.29632299244113,4.73939937268334,7.32638182605655,7.12930815037217,6.52260612043435,NA
642,"ROU","Romania",28.7054062970716,23.8706540877198,25.5609122122992,23.9426512052894,21.3917644165944,19.3798252742787,19.8128920493959,22.0207783534399,21.8092683135058,21.0476787954831,21.2420046238418,21.2678992923076,21.1053948126196,21.0280647164106,21.9453514094873,21.0069648502602,22.9378680806517,24.867571410588,19.9132823314603,20.3666984861661,20.9798649426607,19.5843936705063,20.120229700521,20.0698799360263,NA
643,"RUS","Russia",NA,NA,NA,NA,NA,NA,NA,NA,15.1934447901759,14.3673346860956,15.2165071846369,15.6802236672746,15.291227656407,15.1146322629136,14.9331548589634,12.8979714244605,12.8154704732786,11.5766719276786,11.799032521998,11.320932946004,11.4757935136541,12.4776505527559,12.0106688931992,12.2176244264015,12.3065855664739
646,"RWA","Rwanda",17.249698577355,10.2202029841694,11.5448644324398,12.0365394000344,11.2345081091839,7.6859745278183,7.02221719232973,6.69549585822335,7.18165671151795,6.45998980607361,6.38590656938492,6.33490627762333,6.11138901814798,5.53061464331884,5.54910007029028,6.01439170295923,6.17204399918751,5.97621220689116,5.98792135654369,5.90941462197252,5.89169052690467,5.89237214167069,5.80962767589265,5.9300256213166,5.88594455977531
652,"BLM","Saint Barthelemy",NA,NA,NA,NA,NA,NA,NA,NA,NA,NA,NA,NA,NA,NA,NA,NA,NA,NA,NA,NA,NA,NA,NA,NA,NA
659,"KNA","Saint Kitts and Nevis",6.44978590644658,6.67765321779314,6.35609345592566,6.43432844336115,6.22098275146487,6.56688873434016,6.80899926087979,6.43069469767503,5.54522769055475,6.47101422830123,6.23294611252599,6.06091434123337,5.77637681273695,5.68566565829621,5.61636009392293,7.27341077965381,8.39377245172735,7.90448822754648,7.6965993766435,7.35357411550005,6.46092761918393,6.30310831046619,5.68397410491263,5.11836932190185,5.07953516819889
662,"LCA","Saint Lucia",4.20286507112902,4.55326994858334,4.34786031612071,4.12155976603232,3.67336867765382,3.60180364569664,3.46013512682673,3.39836027934662,3.41654572390768,3.44396925602635,3.71589621746317,4.14537446925356,3.95843871288497,3.85104607781682,3.46744604693949,3.13186862042947,2.74056186570063,2.84356971296091,2.76987898562448,2.3611192519196,2.19568653789401,2.13137602797951,2.21565212362689,2.1872526856273,2.25028763970098
670,"VCT","Saint Vincent and the Grenadines",7.63530764997206,6.94114046868644,6.89846575872643,6.55056183365123,5.75467082009283,5.19069442415633,5.04142561349098,5.56771685206029,4.70004738248458,4.77901446485717,5.0753732546351,5.14987080416154,4.37526003917161,4.7309723042401,4.09079843564688,4.45927754556394,4.82246577126935,4.33378028554034,4.28731067280176,4.42623918276743,4.87907995802738,4.87650914258716,4.96072808386964,4.79871905825673,4.95391467790674
882,"WSM","Samoa",25.3434131982786,24.9739609038681,23.9373996848941,21.4632548260001,17.953398150936,18.958185638286,19.0867322420028,20.6830130301757,21.5611914189826,23.5377821425539,20.861911219781,20.3127602868534,17.134002167072,19.086009637502,17.0607491212552,11.6238387409351,12.2688924239119,11.2494146916225,11.0113485895495,10.7588910151519,10.5790391015184,9.77301076604891,9.72385278309139,9.65066251608395,7.54249323817019
674,"SMR","San Marino",NA,NA,NA,NA,NA,NA,NA,NA,NA,NA,NA,NA,NA,NA,NA,NA,NA,NA,NA,NA,NA,NA,NA,NA,NA
678,"STP","Sao Tome and Principe",NA,NA,NA,NA,NA,NA,NA,8.0584380585751,7.7348527283993,6.9422971221143,6.02216158274843,5.37932023466939,5.29240257787497,5.15406061176434,6.588541694942,9.13151351464212,8.48313557818309,8.33251098577747,7.38157278063883,7.27228285907136,6.46607673259779,6.36878679615693,7.01629612218783,7.24903634241957,7.44365925836259
682,"SAU","Saudi Arabia",9.35207409386823,9.56727235698349,9.75528590890647,10.0316391220877,10.554713515528,10.3555413524139,9.60909361100522,10.0223671803787,10.2633926068173,10.659739250829,10.3324493987837,9.544098780358,9.59772325859676,9.94074390551357,8.98299745849404,10.8506715173601,11.0144150502555,10.0114588108938,9.78946504082585,9.93136703325412,10.7953146696997,12.6844695593293,12.9071296769913,12.8921562173001,12.8094719275006
686,"SEN","Senegal",NA,NA,NA,NA,NA,NA,NA,NA,NA,NA,NA,NA,NA,18.0189490879661,17.1180099237325,15.6035655774873,15.4677563272057,17.1610429184856,16.8418971649193,17.3370215318786,16.997442455243,17.0439730889644,16.4126061293582,19.0366161965066,18.7060504259337
688,"SRB","Serbia",NA,23.3938780672907,20.9341087200785,18.4682097524553,18.9623952659986,19.1365972178229,23.5961178397102,22.5508292033267,18.420098019332,16.9162978625754,15.0293124460582,NA,NA,NA,NA,NA,NA,NA,NA,NA,NA,NA,NA,NA,NA
690,"SYC","Seychelles",11.3320322029763,12.660633858105,12.922966162707,14.3765903307888,15.0595070752507,15.1248385061443,19.209859676088,17.9648275672858,18.2607785684387,16.3513761708603,7.65781023233615,8.74328710797337,8.96313344629295,9.57368755414381,9.29386246856893,7.82415243215122,8.03203929944468,7.30759699909063,8.42693568985938,7.21535373572718,6.50119903184419,5.98408827247997,5.75056592801156,6.0150227521194,6.42783300430983
694,"SLE","Sierra Leone",9.39551729828973,8.63507588994475,8.08454297385885,4.79023689946782,3.83001673123586,2.96744897756404,3.34575648419318,3.54733191450311,3.22520403772307,2.75891260540536,2.5968403047646,2.48879708279727,2.62106918448564,2.47031716092462,2.43693824752504,2.12805942753257,2.17733016784449,2.25423048897197,2.0176357151765,1.64122727399033,1.5326085619639,1.76862882421339,1.82070787825313,1.95770652254998,NA
702,"SGP","Singapore",23.6247216926065,23.9850622633339,23.167218060175,22.1515036552127,22.687452648512,22.8506863130545,25.8614860377559,23.3946978474146,24.7376403229729,24.7654126931969,27.1193675970643,27.0767617982071,26.5780059858028,23.8226519045272,20.5856649738484,20.2733764290735,20.7738330253126,19.5825515079778,19.1168219800662,17.6384096148755,17.9997688921285,18.0893298548734,17.61430512986,18.870931328649,20.8177745383769
534,"SXM","Sint Maarten",NA,NA,NA,NA,NA,NA,NA,NA,NA,NA,NA,NA,NA,NA,NA,NA,NA,1.52781093339699,1.15600385334618,0.939377389404697,0.924116808364577,0.906281104300906,0.81813444502345,NA,NA
703,"SVK","Slovakia",NA,23.0649609073109,22.0121595390563,20.1590793497964,20.4653546105688,18.6632757930796,21.3532480924985,22.4773978157551,20.2382590569992,20.6166111161374,21.0608425182966,20.9056585674782,21.1619167839839,20.9846984520319,20.1896588141881,16.073069358555,18.896567734414,19.0781286049759,19.0486352427014,18.4086589982431,19.6517485874113,20.0705469297637,20.1375868558855,20.3033229805034,20.0088627954914
705,"SVN","Slovenia",NA,21.7140097337555,21.8357065911348,22.3164589187017,22.3467176386995,22.0410830192222,21.7827360725059,21.9757416253003,21.6316642748566,21.7507515066404,21.4880427310403,20.7082056320349,20.5939797044822,20.4323768314411,19.2151086698467,17.1111301577457,17.5637880111953,18.2402055824529,18.742912930658,19.1858097466261,19.7724027852808,19.953773407227,20.1940848144051,20.6098416424843,20.6712202748545
90,"SLB","Solomon Islands",NA,NA,NA,NA,NA,NA,NA,NA,NA,NA,NA,NA,NA,NA,NA,NA,NA,NA,NA,NA,NA,NA,NA,NA,NA
706,"SOM","Somalia",NA,NA,NA,NA,NA,NA,NA,NA,NA,NA,NA,NA,NA,NA,NA,NA,NA,NA,NA,NA,NA,NA,NA,NA,NA
710,"ZAF","South Africa",19.2687709201121,19.5461719899977,18.6774260137312,18.4068938739925,17.8631354229851,17.0586988007231,17.4732966721757,17.5721506790652,17.6967217491672,17.2961140955493,16.7934537116109,16.2583101825587,14.6661411329781,14.3631530095729,14.4232973120597,13.624481940856,13.0530535392233,11.9951683992303,11.7174050000851,11.6009215329972,12.0463086139306,12.002992855838,12.0401725790452,11.8582705248765,11.8145007796805
410,"KOR","South Korea",24.7680807924072,25.2174553671242,24.1694530997995,24.1102666536689,25.0090375780206,25.2071340510421,26.012784314985,24.665570708416,24.2247377053462,23.867992131854,25.7213454605768,25.5161544831671,25.0806113857333,25.4613385109606,25.7982356054665,26.0514429093907,27.8011835853405,28.4780078653481,28.1685878038852,28.2386931323155,27.4891252438548,27.085558886991,26.7818278387074,27.5723828933046,27.228281882717
728,"SSD","South Sudan",NA,NA,NA,NA,NA,NA,NA,NA,NA,NA,NA,NA,NA,NA,1.67,2.61,2.19,1.83,4.27,3.72997085144464,3.46808330355776,4.13391950672646,4.55016111498258,NA,NA
724,"ESP","Spain",NA,16.2908714081383,16.3574402859063,16.6399317439084,16.5552431043134,16.2842662825837,16.1867698259188,15.8452556581009,15.3695241349121,14.9060577095406,14.4673910519839,14.1041043837836,13.8518453849008,13.4753938492256,13.3252704427871,12.2799457301409,12.1594730487957,12.3730322509526,12.1210022936772,12.2532765652101,12.4957121658862,12.4477762413693,12.5416650651669,12.8419411841872,12.6396236534221
144,"LKA","Sri Lanka",13.8981565541441,14.0913362345232,14.6751583069488,14.8130009704899,14.8338975192193,14.7476000553364,15.0545149788969,14.1197766232437,19.114221324559,18.5919313809625,18.7207444277207,19.5129856628106,19.2258769243334,18.4979243789903,17.9540941740982,18.1077341124933,18.0548068424935,18.4242612218483,19.4426024213719,17.9636241397172,16.9741087859082,16.2619511165619,16.3785633747223,15.9585669152158,16.2190448004311
275,"PSE","State of Palestine",18.8443006365843,17.463750456927,14.1864148287189,12.322463960849,12.2105314912238,10.584847349691,10.4390764094956,10.9723505757175,9.0415658923449,12.5831653225806,11.0205118728633,12.6102073761331,9.97943015417201,11.5242108322133,11.9637371694014,11.9892132852701,13.2838182001773,12.258489880941,14.1904711243506,12.7813401731324,11.9962880241593,10.6344196322891,10.9856469308863,NA,NA
729,"SDN","Sudan",5.18433818693797,4.62763179520746,8.86523376593074,8.44533492788329,8.50643327414987,8.3407378665217,8.30158158924497,7.68455538073045,7.86292627627986,7.16131998785621,6.90025001987045,6.70826677879336,5.72116854351537,5.82281418028768,5.35732025118078,5.63356474336593,5.62136358616377,6.05759887875469,NA,NA,NA,NA,NA,NA,NA
740,"SUR","Suriname",9.54816604220075,12.1966219907551,9.34295623375195,9.44817294484968,7.85929693477967,7.90149696277929,14.2188952672698,12.7666078893557,13.5165181524573,12.8544138817302,15.1324371677302,16.6972851602368,23.2018915647386,23.4848080709333,25.3145500403177,20.2662054444277,20.9872425581589,20.8137282037088,21.291225508093,18.7857016665685,16.3524921938244,9.89790303845449,13.2711512140721,14.5835146662025,NA
752,"SWE","Sweden",17.8372896806673,19.9307081703478,19.3697405574298,19.7612931495793,20.0587364185565,19.8157792671785,20.3334751341024,19.3494864451496,18.8183261660345,18.3772165903293,18.2491259267278,18.0755856958659,18.1315855118256,18.1013352689184,16.8343367197564,15.1989863940226,16.338131529838,16.0917530878496,15.177706132852,14.850372515295,14.6164415714585,13.6913034092475,13.3545183134318,13.5811024337424,13.8032211009398
756,"CHE","Switzerland",19.9497594462627,19.3153080146277,19.0692713065228,19.1166070662374,18.6878399307798,18.4338211531727,17.8692159129049,18.6177136193711,19.0680185659241,18.8903239206661,18.9396089170523,19.1002296585651,19.4949077168963,19.6523461609397,19.9573054954963,18.6536914806045,18.7929220475148,19.1327500919278,18.7649960119179,18.6483281241486,18.3620326281537,17.9423782786776,17.9138146187878,17.9206138761316,18.3079702289455
760,"SYR","Syria",13.6012376976137,13.8121634047025,21.5720474714738,NA,NA,NA,6.65631857954632,8.11867636270537,7.65930385381778,NA,NA,NA,NA,NA,NA,NA,NA,NA,NA,NA,NA,NA,NA,NA,NA
158,"TWN","Taiwan",NA,NA,NA,NA,NA,NA,NA,NA,NA,NA,NA,NA,NA,NA,NA,NA,NA,NA,NA,NA,NA,NA,NA,NA,NA
762,"TJK","Tajikistan",22.6968507624506,26.8396848137536,18.8422503242542,20.1748938633732,19.3256997951819,19.5923717472119,NA,NA,NA,NA,NA,NA,NA,NA,NA,NA,NA,9.66276591145652,9.47098008743719,9.22604111283919,7.61766542724491,8.69822986364021,9.72042489688706,10.0012091977463,NA
834,"TZA","Tanzania",6.8488085652628,6.63880152292667,6.75026979739583,6.2777628124323,10.9830599097238,10.2250684865396,9.85812260704102,9.46563659288651,9.36699254636499,9.37585723629209,9.1902165567105,9.02650307425013,8.82143925438441,8.81741434523418,8.74458896056767,8.66667526920815,8.66582930176204,9.54869845961604,9.43823326401604,9.11089516632175,9.12010900018827,7.85556496098664,7.81371783783383,7.65901128347249,NA
764,"THA","Thailand",26.1396170871407,26.4666781581697,25.9246476041827,26.7098543001198,27.3609668622685,28.3880754625277,28.592674734404,28.0348990732109,28.7165889775647,29.7732639661678,29.604051955985,29.7938159087593,30.3370034836569,30.7479462737433,30.7097958448663,29.612701808616,31.0716791428987,29.1356052334089,28.1113618483204,27.7326447782846,27.7210775476688,27.53916334339,27.3781793194975,27.3203787739549,26.9167611982459
626,"TLS","Timor-Leste",NA,NA,NA,NA,NA,NA,2.11172507977617,2.30121004352793,2.36516692445363,2.37072658541888,1.02343021515847,0.625797786262403,0.428872734576642,0.390220318920925,0.249083217850495,0.314924990001937,0.222562109481452,0.167219616575589,0.138240675434267,0.179087372975576,0.278420876442139,0.501546037105851,0.722939913124087,0.997932573127288,NA
768,"TGO","Togo",9.12079590692081,9.89385524790855,9.23366477842119,8.41614987875508,6.94105119447901,6.40972795847141,7.46296374036976,7.9578150541477,7.88625820657641,7.20547005300872,7.04031748309252,7.9231059054925,8.68105956071005,7.83558900704323,8.10120039666478,7.43036702379686,7.23309347430208,7.85306695577983,6.89203376211479,6.05456864112021,5.56668721914284,4.81940774187963,7.33351234512965,8.14457951020221,8.03061326090953
776,"TON","Tonga",8.34248679751234,7.9190574049111,7.78987449400196,8.11652702027173,7.63921696782833,8.30527857730263,9.15211007736046,8.53942536385889,8.0429502960107,8.02880969750177,7.83524059453779,7.4230384748591,7.01224738882638,7.12715845126365,6.68372723167244,6.52501506931886,6.06145643328189,5.92258064516129,5.68323757182113,6.3219861786537,6.21504039776258,6.19312138045148,6.20573355817875,NA,NA
780,"TTO","Trinidad and Tobago",NA,NA,NA,NA,NA,NA,NA,NA,NA,NA,NA,NA,NA,NA,NA,NA,NA,NA,19.4734887741951,15.4485141116774,16.0337925821341,15.1228307659556,17.1453923846806,15.6733472330809,15.9048790923764
788,"TUN","Tunisia",18.4750028456159,18.9645667906028,18.3281496672139,16.7263788278982,16.6573356157487,16.4974022442846,16.1558506861276,16.6241947931268,16.5318193146796,15.7811117424724,15.6877436364853,15.8202574574288,15.6773614058399,16.5991399367789,18.1405809531047,16.833114054522,16.5284476127794,16.6027829722044,16.2450394005208,15.9428351660343,15.5621563734304,15.2808099423495,14.914748052434,14.4946053231892,NA
792,"TUR","Turkey",22.0629117902148,22.5660651401301,21.1414222999772,21.5655846462854,22.3140895570189,20.0732687787406,18.7544892492305,17.7546026795804,16.9105020182085,17.1204243109898,16.9433301200065,16.9087226123449,17.0738745374533,16.8242757641103,16.2881523807988,15.1558883675299,15.101259696071,16.480569194143,15.8791707923345,16.2392733080693,16.7919079456176,16.7103593653897,16.5986325526423,17.555900292218,19.0575526623706
795,"TKM","Turkmenistan",27.5229357798165,38.1748466257669,24.2025806451613,23.2169216921692,17.3276170060736,17.1528297182747,9.8372582806816,13.8926639855776,14.5026525198939,17.4800101001599,20.4565158493633,NA,NA,NA,NA,NA,NA,NA,NA,NA,NA,NA,NA,NA,NA
796,"TCA","Turks and Caicos Islands",NA,NA,NA,NA,NA,NA,3.39478993034539,2.96668272264852,2.82481498694697,2.77119929916913,2.32992745595896,2.05853059391639,1.72107172841369,1.87418387734529,1.58716817195198,1.90978428934729,1.25354146865245,0.998983835622126,0.712933864043476,0.740306691852662,0.732309868194661,0.698471010098302,0.695244676921635,0.725431953078787,0.73021738246037
798,"TUV","Tuvalu",2.42428312403465,3.87925238671507,3.346507895221,4.08515064394736,4.20679942484587,4.84875339992552,0.755200972057564,0.763496405922976,0.878368162142965,1.22552071290087,0.944227406840783,0.826272890346629,0.88443202367253,0.776993561168895,1.05228178998671,1.06477884255662,1.09817259468496,1.03913820804613,NA,NA,NA,NA,NA,NA,NA
800,"UGA","Uganda",6.03037995395737,6.22918939624284,7.14708655819933,7.7879542773584,8.28110035996169,8.89320773617927,7.09897810521975,7.06198877579424,7.35414434218679,7.05568380260189,6.36493400643865,7.00931559773754,7.09061606634003,7.12582310049166,7.30696526021934,8.43010597146406,8.50056514643997,9.81778397754134,10.5422627299235,9.53969505930244,8.50774817371933,8.70425750745376,8.71151843833483,8.59310769059102,8.26152612266642
804,"UKR","Ukraine",35.0129456727015,30.9503621373117,27.4549494727865,24.6291423533003,25.2570834423421,27.2320250735433,16.3115187863821,15.4546033893652,15.8579724278558,16.4839526141588,16.4744645799012,17.4463347550343,17.8283807498593,17.6446161046739,15.4065277136954,13.7730778757066,13.2209689941872,11.898159294949,12.3809950956417,11.2650303917969,12.2281281606135,11.9027791187924,12.2191260296634,12.0603629768201,11.5171638230301
784,"ARE","United Arab Emirates",6.58769274582126,6.77246265719199,6.63729265402844,7.89550062539303,8.63108731478083,8.55748953651097,9.07200029229159,13.3137591852656,13.0634763203571,12.2624610762446,11.5123829171924,10.6080661404218,9.65695462798033,9.0255775725641,8.60026538838952,9.19537711686217,7.96837943178444,7.71861928016394,7.68272364874492,7.54430538784228,7.77705956214063,8.84850116061497,8.98441789806352,8.78444021987079,8.91588300882535
826,"GBR","United Kingdom",16.4538526776848,15.6520218868424,15.4252893410904,15.2809464746937,14.5434295295378,13.5763869358527,12.971420335781,12.0576248646457,11.3804739990329,10.7029053870002,10.1578698012117,9.90320092917891,9.44994958735304,9.02667761745171,9.04813026492028,8.7060804195645,8.90072606279442,8.87247909149394,8.74595804928775,8.98590680882302,8.89797998693268,9.03288728631492,8.93703250125411,8.97172122369463,8.91919815802248
840,"USA","United States of America",NA,NA,NA,16.087177364507,15.7743252453726,15.4533061041723,15.1168784591007,13.9224196426073,13.4454191060115,13.3160831122607,13.1801904285343,12.9930744136975,12.9941172299702,12.7824705509419,12.2557021654359,11.7314720268073,11.9326848736209,11.95221066932,11.8522068406576,11.8067999215666,11.6390719614778,11.615354051072,11.122251435452,11.1535827881939,NA
858,"URY","Uruguay",18.8783526405651,19.6946506979795,19.2638709426764,14.8826021296259,14.1713131100942,13.4254326547289,12.5186630960032,12.674394351029,13.0801299139821,14.8709094403736,14.9026084254433,14.8524671063566,14.5433907620455,13.7351440782832,14.9468828432869,14.8186007103336,13.5283236122737,12.7334043079655,12.173156824108,11.2662277850999,12.1433021717889,13.242661329152,12.8180677583115,11.7037756625666,11.652010020131
860,"UZB","Uzbekistan",NA,NA,NA,NA,NA,NA,NA,NA,NA,NA,NA,NA,NA,NA,NA,NA,NA,NA,NA,NA,NA,NA,NA,NA,NA
548,"VUT","Vanuatu",4.64678917055205,4.63333714677955,4.70227446971633,4.34401349072513,4.40684046878737,4.4663506012951,4.51376832883737,4.4957310565635,4.20473819554632,4.10420570476785,4.0340171065853,3.79855381477705,3.61220249727439,3.05047657901569,2.48510721184281,2.85784486862513,4.77382494993521,4.21317003654424,3.59594006766554,3.22150838357321,3.3131502104691,3.59216661485856,NA,NA,NA
862,"VEN","Venezuela",13.5581726794581,13.7853462369369,12.4268853777278,21.1279143047693,19.0279312962976,17.6954904068778,18.5290299154014,16.9893279482888,16.4385948738247,17.1181225878838,16.4577514444708,15.078064466557,13.9085695332202,13.336724212233,12.8395861840125,13.6248683231211,11.8995198814744,11.6452400572826,11.7676048954959,11.5143021026778,12.0733564315826,NA,NA,NA,NA
704,"VNM","Viet Nam",14.9125650864261,14.993097552077,15.1785064803188,16.4847609809548,17.1476694600254,17.6943161086107,18.4469009115898,19.6596681868708,20.4570312937461,20.3275609958872,20.3374215546611,18.8232835631471,19.3807256267869,19.3804144953877,18.5796576460957,18.3010354592131,12.9463516091181,13.3546052347583,13.284694518643,13.3351858764789,13.1787957710998,13.694726895376,14.2655138556961,15.3315787633778,16.0169328778539
876,"WLF","Wallis and Futuna Islands",NA,NA,NA,NA,NA,NA,NA,NA,NA,NA,NA,NA,NA,NA,NA,NA,NA,NA,NA,NA,NA,NA,NA,NA,NA
732,"ESH","Western Sahara",NA,NA,NA,NA,NA,NA,NA,NA,NA,NA,NA,NA,NA,NA,NA,NA,NA,NA,NA,NA,NA,NA,NA,NA,NA
887,"YEM","Yemen",15.1464723607339,12.3385920363067,8.8179735649557,7.6753442054256,8.36486470628632,6.25957466416907,5.72156076028006,6.04784603483863,6.39267295696904,6.46950502543315,7.36779372586438,7.13434229849969,7.75866449871243,8.23040125170761,7.76671531899226,9.42468304930795,8.00580463307968,8.66448419304319,8.82025471268309,8.42918100920435,8.557794861892,6.82440578309008,6.86805572917407,5.70644467890375,3.77070065247593
894,"ZMB","Zambia",9.08872601889074,9.1775943283596,10.915613767764,10.7949436134983,10.773698494954,10.2114103738522,9.45329654710977,9.08186722580454,9.58587925084779,10.1481367154848,10.0652389840384,9.84046097664779,9.40791898209265,8.67980436647481,8.45396814884328,8.68492781683595,7.57828709089768,7.5160151711135,7.07576167314805,6.1868559213113,6.82001575553539,7.52231282285906,7.6861423983563,8.12729155578464,8.47856364773698
716,"ZWE","Zimbabwe",19.0548269944526,19.2642223562098,16.6857598348659,15.8786767204111,14.416094725369,13.2013556521203,13.3879817115732,13.1453715472282,11.8717404808275,12.1667399551763,13.9494853794916,15.1228489249194,16.0131883477212,16.0974231408569,16.3345164443585,11.0305131395682,9.20811285146248,9.17240115163606,14.0434021568603,12.9190567083372,12.5907647006238,11.8885992203043,11.5960198919073,10.7810924519251,8.18401298512018
