"code","iso","country","SEG.raw.1994","SEG.raw.1995","SEG.raw.1996","SEG.raw.1997","SEG.raw.1998","SEG.raw.1999","SEG.raw.2000","SEG.raw.2001","SEG.raw.2002","SEG.raw.2003","SEG.raw.2004","SEG.raw.2005","SEG.raw.2006","SEG.raw.2007","SEG.raw.2008","SEG.raw.2009","SEG.raw.2010","SEG.raw.2011","SEG.raw.2012","SEG.raw.2013","SEG.raw.2014","SEG.raw.2015","SEG.raw.2016","SEG.raw.2017","SEG.raw.2018"
4,"AFG","Afghanistan",NA,NA,NA,NA,NA,NA,NA,NA,36.1511545995992,37.4448038407261,41.1108953364243,39.0077871841904,39.8310243252872,40.294685221301,45.4098308716488,45.2444349261482,48.8793769096891,49.6968203962567,50.5793979236606,52.6827434733525,52.9908650351499,53.2352934986503,52.761719231561,52.6554311512172,NA
8,"ALB","Albania",26.0206353636978,21.9775771165193,39.7729052590847,42.3156573150217,43.9942521784097,46.8340280983289,44.3028027650255,44.9427837109107,43.7763109553837,41.911498421985,42.5803439017032,43.5545627609599,43.5234081910995,44.6397015037662,44.6992317771469,45.3173595375965,44.0254851112244,44.2563707881755,44.9546199723742,44.60699172551,45.7823823465121,46.2844669934679,46.697168516495,47.9659068859865,47.9072640375134
12,"DZA","Algeria",NA,NA,NA,NA,NA,37.8574795979085,32.2394937286512,34.7967976610303,34.9033630304763,33.6118063198534,32.7396616726702,30.1997451317655,30.1824267855072,32.4242152121372,32.5044945782522,39.6337276555632,38.1893474734361,39.3989431741926,39.5154833574528,41.1889377885608,42.8739070105868,47.3520467907079,48.065641132389,45.6150159490541,NA
20,"AND","Andorra",NA,NA,NA,NA,NA,NA,75.4394866821244,75.8058345289335,75.3221366087282,75.5985319028797,75.4303453759548,75.1961435916241,75.5740299469255,75.5850483848985,76.2575754252838,77.512951401408,78.0687178070297,78.0314350098134,78.4959115232519,79.2813823740032,79.5371121978261,80.009230332292,79.2041028953247,79.2855860707234,NA
24,"AGO","Angola",NA,33.0616104906329,25.1524548978866,30.2402406688035,31.9315282885985,20.9923708578417,22.2123554945612,26.9598114360045,37.9075789655613,41.1829863790656,40.347464274602,35.5267258263529,37.1568468383723,34.6118783461354,34.338201603897,48.9906736748374,41.8870236648356,39.0758313423906,39.6049460938059,42.7849161208976,46.8139275295854,48.6598890939393,46.9809943251591,46.7626243358173,NA
660,"AIA","Anguilla",NA,NA,NA,NA,NA,NA,NA,NA,NA,NA,NA,NA,NA,NA,NA,NA,NA,NA,NA,NA,NA,NA,NA,NA,NA
28,"ATG","Antigua and Barbuda",74.2126961540156,73.6747894663229,73.6742863117388,74.0235359392255,74.4342170529603,74.1531246285475,76.3144596123,75.8545321974523,74.9944145416691,74.5442068179689,73.16336981454,72.5940730453258,68.2597159263023,67.6077238947898,67.2194958714276,68.4882037363918,70.9945072841193,72.3903450603255,72.0008422374435,71.3387167432037,71.0866686219187,70.4831275642566,69.3495129106506,68.1897009701487,68.003233812076
32,"ARG","Argentina",61.5907929226228,62.263779670525,61.3509955456509,60.8492831021072,61.5396856144834,63.4877305192171,63.469313441501,65.0812573281962,54.7764456459146,51.0316942508769,47.8369882937827,48.4861459282405,48.7491333682456,49.5083307772744,50.2551922042782,53.3060010032753,51.4951802052167,51.8119007511102,53.6581179163924,53.9190936666216,52.9405434663365,55.8149012843362,56.1222358547004,56.9677948907284,55.6311143484606
51,"ARM","Armenia",NA,NA,NA,NA,NA,NA,NA,NA,NA,NA,NA,NA,NA,NA,NA,NA,NA,NA,45.6989324054448,45.749756861728,47.4130437470384,48.2126693907876,49.9105094267778,50.7652583569469,52.6201719846807
533,"ABW","Aruba",NA,81.0483785670467,80.9710420099347,79.5830324778096,79.4784820149437,80.8603642896287,67.6377971540012,69.680680826302,69.9917122302158,68.691597567717,67.5616194534971,67.3739693192713,66.9290092165899,65.421085238197,65.8893365893366,69.5702660406886,NA,NA,NA,NA,NA,NA,NA,NA,NA
36,"AUS","Australia",62.4122657288305,62.3274500724877,62.3772979099657,63.3349000794178,63.5311861818714,64.2752212803217,64.3217440887895,64.1439241149056,63.9677933001261,64.2848581701958,64.2634073485638,64.3681338637056,63.7368405206588,64.3619091969118,64.4924501810479,64.1444436949716,65.7390692209027,64.7319468425593,65.2809215063043,66.326977615802,65.7559132452941,67.3008116267502,68.2585420405129,66.9998277144049,66.6386133925068
40,"AUT","Austria",58.1747953540538,58.9178225880654,58.6808938359451,58.4915963946458,58.8627937095527,58.7312187191226,59.3090153444783,59.4875285840504,60.2956964515702,60.3935712577189,60.3182667785607,60.5724261845015,60.7033786497088,60.3153124870919,61.0266320776577,62.1685810384121,62.2941578518769,62.2762436725454,62.0008552248552,62.3265831085282,62.6537932745237,62.8760694978898,62.8374535096086,62.7188890421138,62.7064090277332
31,"AZE","Azerbaijan",38.0427808913798,37.9417002530696,30.8497401741931,35.816736852104,43.3412776841249,39.045323302694,35.7855916576588,34.4796448190232,32.4552577319588,31.9247183936193,31.7987854915477,25.0852465561988,23.5098313258154,21.755963399799,23.6588501440061,31.3211521986433,28.216178028965,27.7128374486387,29.522301196302,31.4925578357568,34.1869146526,40.6505320880248,39.3223357142384,38.1224604693351,35.235246349496
44,"BHS","Bahamas",67.4637005216324,68.1353747448236,67.9338597949571,76.8449677529389,76.9124951340656,80.1132762527216,77.6713093715448,82.3532099117198,80.9443811394007,81.4681699960203,82.2911248562995,82.168927024664,78.9289139147754,82.23601805932,81.1685350560517,82.2894501681033,81.0746293493506,79.8037823533209,76.9404412107644,78.7807218939365,79.0632728865688,78.0348193312585,76.7696050275366,74.9212718198337,NA
48,"BHR","Bahrain",NA,NA,NA,NA,NA,NA,NA,NA,NA,NA,NA,NA,53.4500352117737,52.8099940272787,48.3069195193275,55.5966130111296,53.6816094842985,49.3408502772643,51.1877969924942,50.8391997626456,52.4743145092554,58.4529859903002,59.4843333154655,57.4461313743696,55.3037962821392
50,"BGD","Bangladesh",46.2837782535776,45.1285007128911,50.1242014306067,49.9341757797937,49.8336270363667,50.2007432591683,50.566324299804,50.5801185568603,51.5724174972413,52.4004924204798,52.8058618188649,52.8799568974096,52.7445971888149,52.8840217973928,52.932121684056,53.3233235281854,53.4982962820487,53.045792114203,53.1515772370168,53.3901814201826,53.6357543166708,53.7138319423318,53.6713010179276,53.4762107306392,52.9649395131073
52,"BRB","Barbados",71.9383392266981,70.7176612814595,71.3708513708514,70.5133205913328,69.0334521050265,69.1789640487273,69.8478295691174,70.0752410440698,72.2252019182231,70.3100905384979,71.4058076173403,70.4988068662921,72.2016042140548,72.026325646102,72.4749058971142,73.8992622685521,73.3614428574582,71.9678602844944,72.4859600330731,73.1815718157182,72.7440407087135,74.0900712236729,74.8953974895397,NA,NA
112,"BLR","Belarus",44.4107233181588,41.1505481742626,39.3642585709892,37.9104762424011,39.5825173998556,40.0357361906424,39.8946769143182,44.3475881023921,44.0705784232333,43.252800507592,41.8164578990954,39.6283221474447,40.8328812746792,40.4715469411405,37.9914446940769,42.1690842437222,42.4049557315523,44.128236423701,43.2927264636013,45.4217867161879,45.6522130319622,47.7416980416264,48.5229965560459,47.6337185881178,47.7229672537989
56,"BEL","Belgium",NA,62.8286734733418,62.6843084081681,62.1478549905363,62.7461089958787,63.4543005249236,63.2700931756396,64.4057453222187,64.8951102848017,65.6756292977022,65.5573886180212,66.1298224481252,66.1434246580794,66.1467454763027,67.0592960237063,68.4673567461081,67.9461408571065,68.3323912053163,68.5985629423063,68.8643874518976,69.1515786832151,69.0677049798019,69.1537564233274,68.9441440702955,68.8300281217308
84,"BLZ","Belize",55.4466908501943,55.1767793228759,54.5678578099416,55.6050008684664,56.1496138310369,57.9632863213969,56.3966995902821,58.7435938726902,60.2057086691748,61.3060742049936,61.2578774499679,62.3773439069929,60.1746908467068,61.0138658349545,60.589796994451,62.0623606266395,60.8266712927042,59.9891362530802,60.3927344048771,59.9101870092126,60.0445729310999,61.0370056926794,62.8867245040361,62.9062085193353,NA
204,"BEN","Benin",54.3679410147105,53.517528996626,51.0277586150128,50.6973620798489,50.8568789177286,36.0968540547068,37.5956702383556,37.8887361938209,35.9135744480977,37.3424971363116,37.1640291384074,37.426000473597,37.6287701290491,40.7724571828032,43.6586205816975,43.9991644783958,44.6671687619489,46.0647645910176,47.6346075298527,47.5077916049601,47.4820293780602,47.1593458134508,47.5864599443661,46.1569100047593,46.1982544673123
60,"BMU","Bermuda",NA,NA,NA,NA,NA,NA,NA,NA,NA,NA,NA,NA,NA,NA,NA,NA,NA,NA,NA,NA,NA,NA,NA,NA,NA
64,"BTN","Bhutan",33.7217338610716,32.8886606888355,33.9500358721339,33.6758610345999,36.2473259384878,35.8067859985562,35.8335420491047,35.1927049960045,33.9642515992584,34.3205536087952,35.9139525717897,38.0849818789279,37.6003927685417,34.3599018387879,35.4449926932632,37.0223460903938,36.4301143495593,38.0749084167157,36.4523719126143,36.3309748487356,36.8838963305658,37.6236030801104,37.3667213358097,37.1528899836674,NA
68,"BOL","Bolivia",48.3216049359933,46.730823286797,47.5103916447305,49.2203461609448,51.7171680022902,54.2201140352198,52.1618189875416,52.6537736050573,52.2995500061404,51.2880536260003,49.2849687013262,46.8201945899409,43.1317853469939,42.5095706516726,40.4960226445502,43.5085272345038,43.5524287845369,41.0131904913076,40.4434921727884,40.2117808956782,41.4653514772526,45.976399650627,49.8023324477813,48.7378518975799,49.0940955763533
70,"BIH","Bosnia and Herzegovina",38.2913881242627,53.6000024224428,35.7000015027045,39.3643299503698,38.7094107305254,44.4868898150251,55.8577637094704,54.4694309590131,55.956493741408,55.4007721475353,55.16,54.7213909035968,52.6667037273121,52.6100815159435,53.7020525225388,55.7091632887769,55.5708658320794,55.8821378857029,56.8671468357008,56.2468627181085,56.8750573400573,56.2644275065704,55.4963975273254,55.781042194448,55.6465456843642
72,"BWA","Botswana",45.3614354677907,46.2640168672126,44.7803827513668,44.1444144960115,46.1047337482711,44.4107348174785,42.7469105242306,45.2880633320755,47.5973823221757,49.6970639811907,48.2340045044949,45.5973799453942,46.1513385721237,46.8040066105616,50.9475023544081,57.5484873515765,55.2591400869254,52.4723652103678,57.1550595301899,56.6213408059278,55.695059801982,58.1464033798351,56.9725562942173,59.1129889635234,59.5228803092667
76,"BRA","Brazil",43.4583983789283,58.1214163702779,60.3188797926266,60.6057128117431,61.1185930442759,60.2036566282485,58.251861249965,57.7136922463033,57.3481454732969,56.3578281380465,54.9204711078884,56.0758916152467,57.1381272102654,57.7262362097238,56.8048617737802,59.1450592134567,57.6129219704224,57.5681693234274,58.7336025056285,59.6787691841389,61.2509634096413,62.3078671740674,63.1994166458573,63.0818345968922,62.6304268785483
92,"VGB","British Virgin Islands",NA,NA,NA,NA,NA,NA,NA,NA,NA,NA,NA,NA,NA,NA,NA,NA,NA,NA,NA,NA,NA,NA,NA,NA,NA
96,"BRN","Brunei Darussalam",44.9729184686849,44.5674619970194,42.5737640371551,42.7273098354283,47.0558657817109,43.5804283698859,35.3058141386067,38.8229863382636,38.2444117641971,34.6302572795188,31.0193775691018,27.4930673672336,26.1173720769459,28.0055259094726,25.2511287926698,33.6858557583289,30.6099518459069,25.7520490923915,26.6941141872873,29.2901629930651,31.4352185232371,37.5351558105524,42.9760421304837,40.8510759470592,37.337569623428
100,"BGR","Bulgaria",44.6847412480974,65.4310276835713,66.0884808783503,49.069031166641,54.4886367956448,53.4673492120301,54.0568895509134,53.5478521023707,55.3268335394099,53.9001064453045,54.0937817954136,53.5553364343744,52.9479078000192,54.0697088112946,53.3110029564613,56.1877020081961,58.9937583003104,57.2416696591092,56.9697368613512,57.9925023910996,58.5969960361049,58.2004895275427,57.8009136300861,57.9921320236534,59.2423648579156
854,"BFA","Burkina Faso",39.3936571262445,39.532823713261,37.4748721663137,38.3333246970843,37.9875193058709,39.3290981403203,43.7914128103627,41.5518213440932,41.9568895294191,39.7991039741052,41.6493194994157,40.2059411988249,43.0640803527186,45.8132937760073,41.5320359010632,42.357133150919,38.8423703635085,36.6210687778367,37.4465185810983,40.0593624642793,40.3341869883626,53.1976836643358,55.1648281272992,55.1254061391708,43.1849013107097
108,"BDI","Burundi",26.7703796531697,28.4609699957859,28.1245516913721,32.5720828471412,33.4982258870565,35.7133948177427,32.1289977027999,34.998612766489,35.5059476836453,33.826561596154,33.9799370317603,34.0146526694939,35.7022673486526,39.9188675811784,38.3214407743236,37.8394521765596,36.9511248689049,37.9941508064808,38.8501430562034,36.0235016393443,39.1278229696112,49.3654136558661,49.1137985114209,NA,NA
132,"CPV","Cabo Verde",56.5818579502531,58.0253019765964,58.6207113965282,62.1119952824453,62.6748466330958,62.9795880292451,65.3810265158254,69.4201626044445,70.5950151487304,71.3303054474098,71.9184489648669,71.7877348277842,72.5890097387261,60.9594637057439,59.77114089687,60.1876225046899,61.1614504716051,60.6022341202239,62.1635057184272,61.8288290518927,61.2316090833768,60.5186218106071,61.7893400160413,62.0148151776512,61.0972691770623
116,"KHM","Cambodia",36.2557496302954,34.1915817554512,35.9810694223313,35.0877626948484,34.80403174447,35.4418475120645,36.9032270042273,38.3925836871394,39.3171071508839,38.1987809110637,39.2879714970445,39.0776133570484,38.7171341009828,38.5061649640579,38.8416175427957,38.7897872392567,38.3054104505287,37.5039557638043,37.7700054226476,38.5075644641939,39.7038515995489,39.8326734240114,39.8859808153612,39.7219063450846,39.4920662589441
120,"CMR","Cameroon",47.1499266987233,48.3104419169514,47.5698336806463,46.708221577072,47.0231194059765,46.3383066453426,45.4631191458289,48.1133434867014,48.6068326453012,49.2179219475958,50.4463210715804,50.6570464531599,49.4666332710376,49.6685069935625,50.7574468732772,52.5775422154658,52.129408410223,53.0699576158269,51.9561393519876,52.4688885996616,51.8351537636665,52.0762049160362,52.9809967909786,52.1450251552474,51.8435447657256
124,"CAN","Canada",NA,NA,NA,62.7239738909171,63.4786273265087,62.409478544648,61.1199555871235,62.3611470357429,62.837676509855,62.7440081195409,62.2033550709559,61.8202322043037,62.5002429287626,62.8697732235506,62.5116838473419,66.656968861752,65.5178201958811,64.5615456500343,64.9129804126381,64.9174822875187,64.6536494186456,66.7485133397824,NA,NA,NA
136,"CYM","Cayman Islands",NA,NA,NA,NA,NA,NA,NA,NA,NA,NA,NA,NA,83.6274439129651,84.4334995165649,85.0093817527011,86.9013790777705,87.6111424287643,87.3133587201445,87.1902467935886,87.1980776190893,87.3154936804664,87.4373687362951,86.8332429812535,87.0210703612992,NA
140,"CAF","Central African Republic",NA,NA,NA,NA,NA,NA,NA,NA,NA,NA,NA,NA,NA,NA,NA,29.3114300877529,29.3293728575983,28.5700359301451,26.5930377094809,33.6127582488473,31.8849089841456,31.9893403817125,31.0598200434945,28.2214900478802,NA
148,"TCD","Chad",49.4200541637746,49.4230075513028,46.2714343430842,43.9841938742815,43.6831799078038,45.4941240461618,44.5794947284954,42.9981522742084,43.932055082335,40.3986743087963,28.6879271461279,35.0678270334348,32.5246898692689,33.2485847599452,32.5686654388588,37.5114996977554,33.4127974225258,32.5930977500698,31.8244689969939,33.0200057957912,31.0910072935353,33.0397097636701,30.4930426387032,33.5071308250599,37.5543896099761
152,"CHL","Chile",49.2821165135001,48.3363385307638,50.9890591647308,51.7542610368103,53.8197353823254,54.7105059948622,54.0956103696652,54.8650738756466,54.5287970508181,53.7250804122026,51.7232971542872,50.5202358809484,47.2097037685491,48.4896117436606,53.56901068089,53.9533208076462,52.778350955148,53.4873462381865,55.6341999172761,56.946492912642,56.6963250458312,57.8926858041903,58.601833703768,57.8879258789572,57.8851079010261
156,"CHN","China",NA,NA,NA,NA,NA,NA,NA,NA,NA,NA,41.1819501791534,41.3347332477967,41.815672804529,42.8685304986481,42.8586419316098,44.4058364897966,44.1761887880524,44.2923128694869,45.4625496676445,46.87965458902,48.0417620617246,50.4637875989679,51.803027535035,51.8927649846001,52.1570193361283
170,"COL","Colombia",52.8260256465956,53.9334397761113,57.2160632200197,58.394433716949,58.9164164269976,58.2248501228895,57.1943739779697,57.1646793682561,56.4586280128647,54.9027887422204,54.1525594452856,53.3299946808107,52.650291392736,53.0765354352124,52.1134259968139,53.457547370331,53.4851463678065,51.5153419271429,52.0360889151489,53.3864739128173,54.6340753673796,56.2155458237437,56.8986156229234,57.5949202016097,57.7945206154011
174,"COM","Comoros",54.534647505831,54.5341798118887,54.5343863112866,54.5341147710534,54.5344626489249,54.5343359304222,54.5341780950089,54.5345235575906,54.5345022854126,54.5345234241317,54.5343191040286,54.5345549758469,54.534292678114,54.2987882798195,55.7844251162305,53.5201608357446,53.189967561664,53.6020863062645,54.0415544084075,53.0563973328625,53.780128866161,54.5434842618934,54.290775704812,53.0211532193038,NA
184,"COK","Cook Islands",NA,NA,NA,NA,NA,NA,NA,NA,NA,NA,NA,NA,NA,NA,NA,NA,NA,NA,NA,NA,NA,NA,NA,NA,NA
188,"CRI","Costa Rica",52.614589680214,52.008995059863,52.7483301135125,52.4624851527846,52.7105996299981,54.0343885261871,55.6959323656797,56.5245376745772,57.2718338626371,57.5921825428637,57.1135814278909,57.6018765214226,57.9722650765973,57.7612479664806,59.1840671977583,60.8449829151715,61.8023630392008,63.1111794550938,64.1441254243405,65.6929008521176,66.3757967904917,67.3923027575862,67.512157654542,68.0653965064919,68.3069741596966
384,"CIV","Cote d'Ivoire",53.6965455566941,54.5043941926943,54.9790271535512,53.030537327883,53.045228729498,54.8906038434778,53.5064046259986,52.7967556649471,51.6260641110841,50.1456239415427,54.3996656550942,54.5899106222928,53.8426250023099,54.7334782286289,52.9319029059627,53.7532167313648,53.0623041183157,42.5749920188946,46.5286283852308,45.4825884568055,43.4129872149956,42.8753490427157,31.4976109812451,31.8365671594961,32.6083340873151
191,"HRV","Croatia",NA,50.4335775274431,52.59955400102,51.9641992158,52.5626442293006,53.7780430787726,53.1725161957061,53.6352871141723,54.1693591144931,55.0002042168856,54.0814514420176,55.4014692342099,55.4697423308468,56.7329027379818,56.975051185273,57.6585867288588,58.2549879621888,58.6385121890106,58.0682374313602,57.8964434725817,58.1723464754011,57.7831767323055,57.6992350023049,57.8117591209642,58.0279240977141
192,"CUB","Cuba",NA,NA,64.6801383987511,63.9078562501823,66.5597247822823,67.1143080189216,66.5693889168799,67.4860490366891,69.4032538961909,70.7182489721792,71.4519802109782,72.9508509031241,73.2716124286159,72.4383530788906,72.3230981000324,72.4532860824742,72.469220246238,73.0062327873605,71.6574834907918,71.7698449732981,72.8848442769292,72.7588858411853,72.048812520521,70.8170282186038,NA
531,"CUW","Curacao",NA,NA,NA,NA,NA,NA,76.7108890759478,74.6811777010328,75.1184328184521,76.786825863711,77.9883008621289,77.9973255026024,76.0630112996805,74.9990954043439,76.0626774586038,74.4789705143764,77.0303910145171,76.4789436998769,76.7472400655026,74.9303321321642,74.4636888828797,72.3842288236507,71.973964658562,71.6880041613757,NA
196,"CYP","Cyprus",NA,66.4300263599329,66.985149445454,68.6653275117514,69.3007997986706,70.2338576754395,69.7822931237246,69.3356947469933,68.4038278897773,67.3559725004262,66.8239461218033,66.7369661004256,66.9929787587766,66.0996894626299,66.3811981155603,69.9843575371127,71.2582858321274,73.9126490422675,75.3534170834676,76.9215164529734,76.5147376658009,76.2444762262186,75.3741441412208,73.7876126200977,72.5851520801125
203,"CZE","Czech Republic",50.9044834985646,51.4885779354747,50.3464144808842,51.5624704846265,52.6320252293503,53.5089147112245,54.0792546670516,53.9412119024619,55.5862001070985,56.3874590714003,54.1037158557022,54.0854615304274,54.082272877632,53.9563247682297,54.5841485225206,55.5376806841222,55.6481017871708,54.690902149486,54.3531485411506,54.258334537135,53.6554986810899,53.7666160477986,54.2573914794284,54.4602851404532,55.3122265234845
180,"COD","Dem. Rep. Congo",26.7840057091636,25.7919973119541,33.5209202292819,29.9262491240781,30.9862944672749,28.2944718563066,44.5134186173392,34.5450001204126,38.0515982890655,41.9888095470269,40.173975662304,43.4048639654043,44.5153498233737,43.5605755053496,38.7267052513437,38.3532682779559,35.3774218114579,33.1142082932938,33.1820625965715,32.3323787250273,31.7014624717095,33.1043748127631,33.82743725181,33.7502929324867,32.689550462535
208,"DNK","Denmark",62.5265029407442,61.6340065394223,60.9935074961582,60.76925023274,60.7388944913439,60.736225967986,60.3446196884194,60.886851579919,61.4769076298102,62.2414043908791,61.9929203234261,61.5873174004277,60.9398666080154,61.4862164252708,62.3366472935991,65.4425910043475,65.388425590002,64.7281268578892,64.284259330597,65.1508516710309,65.5986250514218,65.8337736623655,65.2028172340369,65.3719559591142,65.0707313587787
262,"DJI","Djibouti",NA,NA,NA,NA,NA,NA,NA,NA,NA,NA,NA,NA,NA,NA,NA,NA,NA,NA,NA,70.2025629372263,70.29312811787,70.4347734712541,71.7837831115427,71.8867215679442,71.7126481515895
212,"DMA","Dominica",61.3452266226664,61.9164371545007,61.1696281242548,60.9467786895707,61.0061198846741,61.3900898387529,62.1371086869118,63.2768884388577,63.3108610568602,63.5281423110134,62.0603354159657,60.8668610020634,60.8929277460592,59.0448502559692,58.4824674534713,59.4138647559975,60.2937565641678,59.0334512409586,60.1516135067555,59.4174957971527,59.2898830406999,59.2465400047041,57.5203007649617,59.5384720257023,55.1102336482127
214,"DOM","Dominican Republic",49.6185495971745,49.7966520990978,49.854366602172,50.7358012811056,49.4232307482331,50.6530442161906,52.1362731723537,53.9598269500384,53.775040851009,55.1622486562576,55.1415803993543,55.767972107314,55.599825837468,54.9331736137856,57.243576176906,59.1552946686212,59.2929222707978,59.6387827044532,59.9095534029698,58.9342294921076,58.5891474597749,59.0026301743487,59.9536715828998,59.7829415740073,58.8957866055527
218,"ECU","Ecuador",46.0340844660993,47.8071197724812,49.4611755952499,50.1865605095813,52.085486843384,49.5185544512604,45.2679601460832,50.3803529820841,51.8728870716589,54.1842103461866,54.0552777858321,53.4283508466085,51.7803773698431,51.2911276254991,49.5339908991901,52.0599527643181,51.1492075083149,49.3074267100846,48.9751940027121,49.253441558116,49.345071729757,51.3733450171775,51.5542623676255,51.2311274631394,51.623515247847
818,"EGY","Egypt",46.9068571428571,47.6764705882353,47.7336530078465,48.1519368183528,48.287891440501,47.5558192457737,46.5259923551897,46.457987175913,45.9905252045395,44.9042395209581,45.0910776839069,45.9292293407614,44.6899951432734,46.9732679914071,46.6682970407594,46.5660621761658,46.2327200397812,45.7160236306615,51.7716247686153,52.300736400774,52.3209812206573,53.1705470763943,54.4832804310917,53.0205417867435,51.358477937531
222,"SLV","El Salvador",53.6698763859185,54.3069516742596,55.2780878200305,56.2270061008114,56.9109816508222,57.8837856162915,58.5739401693572,58.4264243331685,59.1072948422135,59.225718403235,60.4952014311541,60.5376864367424,60.2821780034638,59.4189866723242,58.719946757655,60.9827529472294,59.5030767696304,57.8387756128296,58.3439944337834,59.546395634208,59.4190268250074,60.0130811869833,60.4569737999149,60.665349003549,60.3415595455339
226,"GNQ","Equatorial Guinea",NA,NA,NA,NA,NA,NA,NA,NA,NA,NA,NA,NA,15.6913934502382,17.4690950886762,15.4146710346223,23.6771022893582,24.7325512094271,22.1315186514592,22.9343465047188,27.1661850938714,29.01926071002,39.1222153520914,45.1807218132753,41.6699855140432,40.5021954240111
232,"ERI","Eritrea",NA,NA,NA,NA,NA,NA,NA,NA,NA,NA,NA,NA,NA,NA,NA,NA,NA,NA,NA,NA,NA,NA,NA,NA,NA
233,"EST","Estonia",NA,55.0386257898195,56.438000245418,56.4922598349615,58.2569583279158,62.070260214796,60.1777194339106,59.6386179432006,59.6298738389459,59.518727325073,59.5724673832213,59.0831934832185,58.2611757074579,57.6771682174731,60.3850911057908,61.3097947031048,60.2188955767035,58.6907452934321,59.0825750316884,59.4575939481386,59.5371145448183,60.1437347828362,60.162630606518,59.9512422363799,59.9129509825891
748,"SWZ","Eswatini",37.8823060562892,36.0817442068479,35.9176701682466,35.1599240872307,34.9578278425255,35.0982615683952,45.5575365768617,45.1238605854354,44.4470896164172,45.933975682124,47.5121667341358,46.5702955427511,46.9321407014568,47.0545044874931,48.489487538515,48.5631484606371,49.552576625361,50.1546694355647,47.7131631318328,48.9501566475438,49.8026007816542,49.7469107209895,51.9040624412173,53.3909826462,52.7621383447453
231,"ETH","Ethiopia",33.7976736701671,33.1314656496382,33.2743903936983,27.3694441807363,32.8402752235192,35.8585421802434,37.4479927810305,38.499283331384,41.4431413187039,42.7501557957854,40.0736578229212,39.1449503016171,38.572635142107,39.1141105816058,37.9001296082826,38.7708154845259,41.7550740909194,41.4300565862634,38.5815204962798,39.6700979759192,39.8920084959331,39.5457091545031,36.7245899328932,36.6382920230454,36.5226710461852
234,"FRO","Faeroe Islands",NA,NA,NA,NA,50.7226854533454,52.1451511778179,50.8927736748621,50.7501282494216,52.0675334055616,55.2371953140082,56.0033219963616,57.0135309900207,54.5347467608952,55.0590368017454,58.3402549856057,60.6705261253557,58.3335248998107,58.7082348718255,60.4094318148656,59.0770148363528,57.3738421730272,56.4135407136322,52.8885353485135,52.6411161000641,NA
238,"FLK","Falkland Islands",NA,NA,NA,NA,NA,NA,NA,NA,NA,NA,NA,NA,NA,NA,NA,NA,NA,NA,NA,NA,NA,NA,NA,NA,NA
242,"FJI","Fiji",45.9264443945517,47.645422065033,48.2228915662651,49.22099831299,50.2688580368807,50.4744725903851,53.0858380783732,53.7275205066216,53.4150730734318,53.2390581501046,52.5192256022612,56.8338607009873,56.3217918534716,57.6307500447279,57.4671943482391,58.4838308163941,57.4879987562657,58.1573672809629,57.9960422844048,56.8717214134653,55.5436807928222,55.4372357396724,54.5083937664001,53.9648088883649,53.9648088883644
246,"FIN","Finland",55.1240525295258,54.3345915012785,55.0764256319812,54.2803734941935,53.5030154009736,53.6916082979444,52.8918766191353,54.2520268352292,54.8577439998921,55.1491399956455,55.7462597096109,55.7823915516434,54.8814117047285,54.6118638254084,56.1532385873802,59.4948875594518,58.8503474078033,59.2068837653465,60.6037248552252,60.243043602278,60.668989750528,60.7796067672611,60.1990993784508,59.6412556053812,59.0447646164715
250,"FRA","France",64.9504562802418,64.7738232727804,65.1078125573959,65.3970483695177,65.4870640936877,65.8895545250211,66.3111014923051,66.9309582629047,67.4136194766565,68.0582044391678,68.1653784376817,68.5274122900156,68.7173829411125,69.0074998969794,69.6540318613919,70.7514167882827,70.6519707170239,70.1796908134547,70.2794996562626,70.3036904121455,70.3461075978072,70.2087214887702,70.505418442713,70.3028631458047,70.3386185823747
258,"PYF","French Polynesia",NA,NA,NA,NA,NA,NA,NA,NA,NA,NA,NA,NA,NA,NA,NA,NA,NA,NA,NA,NA,NA,NA,NA,NA,NA
266,"GAB","Gabon",38.2949505746306,39.6048804137039,37.5411974732216,39.1302949406581,49.8374291115312,43.8906304423546,37.5311789812095,37.9417335230936,38.8653039103033,38.816350461147,36.2849149195174,29.5650974359157,30.9213104046742,31.3484397338356,28.9831186458055,36.8182126957151,32.43377155187,27.5231304717896,29.5743104786675,31.8620215249552,35.347400279414,39.0291929804191,41.7428124794395,42.6496912552085,NA
270,"GMB","Gambia",66.1437393569544,63.7673323610322,61.3504492458957,63.8453122917923,64.7277511871788,60.3935479261509,60.6450421705442,59.8075429808194,60.0680910899644,58.4026844564374,53.2031166215983,53.4299114151155,57.2814859940169,58.4097644809018,55.5706933233798,54.9584077176314,53.0922758982822,62.0525240884187,60.9612291459697,57.1225128271161,56.9384060682657,53.1534696664137,52.8481627273702,56.5548877372563,NA
268,"GEO","Georgia",NA,NA,41.365939406473,44.801088961096,48.0257262897991,49.2026249867692,53.2434221413205,52.9112975726701,52.3531068521077,51.4227998271856,51.6922325254725,51.0842440409603,55.2252010529445,56.8454377478845,60.7106721398277,60.6564030712947,61.3841577762458,59.0989939984965,58.6556503727935,59.0722344518816,58.8549081490883,58.7565657710766,58.5309373025552,57.632389699471,58.4210744133621
276,"DEU","Germany",59.0741357926886,59.8545985001685,60.7891212259645,61.1570899145438,61.2844918567259,61.4813935918794,61.3746409132144,62.1162006560084,63.0357716732525,63.114482360996,63.0555531088425,63.202672044366,62.5050454403008,61.7637064653852,62.1137976531576,64.1067683353114,62.196731858949,61.6296723785847,61.5654434317287,62.0004316689312,61.9009116617153,61.9755908765899,61.5537621647282,61.4034857536905,61.538747784997
288,"GHA","Ghana",27.3352545629203,27.7461718074745,26.2463950893842,27.8876812107642,28.2331174838113,28.4134879833623,28.8150262406777,29.1589069809591,29.2141132168147,29.0667601805988,28.6782943752065,28.9146295321445,46.4590314405079,47.1685501017468,46.173896812569,47.9362071143916,48.1811608328439,45.844878600683,47.5829502482676,39.1494193985206,36.1134502500401,39.542166004634,43.0914145181647,42.3489332550575,NA
300,"GRC","Greece",NA,64.0002440610476,65.0766993687575,65.9952921008307,66.3831598075595,64.7539441966233,65.1508352413807,64.4762069292063,64.7682821338674,64.2026372966351,65.6019221033836,67.6615538045569,65.4215159551027,67.1773282680152,69.8913823684864,71.296439161115,71.6137629543081,71.2335951621721,70.812668886879,70.8265520310852,70.8437643711902,70.3687432204148,68.8489909775804,68.6678518679996,68.0590084865172
304,"GRL","Greenland",NA,NA,NA,NA,NA,NA,NA,NA,NA,65.2084996981088,65.3282899978935,63.74232631095,63.9017666959028,65.4266654691238,63.5836335523166,67.2869908868375,65.6272197755363,64.4666634286468,61.6478682234644,63.9079545077755,63.5571437527428,62.9363974830199,60.2352915414388,61.414794473155,NA
308,"GRD","Grenada",65.3927383843667,65.2457856974465,65.3013256100044,64.4388225452742,64.7759102885302,64.1712743712605,64.7056611551237,66.7382697956083,65.4996056301497,64.6222650081025,66.3973842562055,61.5767469056455,63.8382260659707,64.9869264291458,66.683232178783,69.6030385450941,68.3660721980186,69.1447656003626,70.4661209165923,69.7397399284937,68.2758651514825,66.7627739799535,66.9320828188822,66.9406499518731,66.6843070821191
320,"GTM","Guatemala",55.8271891342635,56.1876839205111,56.2584610946793,56.2990063665567,56.5657328046531,56.8337670656679,57.3877357878637,53.9224317520614,53.4713345059395,53.9914779668025,54.0762450493105,55.3575836358965,55.8113515279839,56.1023306146708,57.1013957306649,57.9881747506561,58.51784223463,58.0132593617215,58.5892674027351,59.2039463282078,59.2149401635717,60.4015211962666,61.4756047339696,62.1379756173368,62.8653172639898
831,"GGY","Guernsey",NA,NA,NA,NA,NA,NA,NA,NA,NA,NA,NA,NA,NA,NA,NA,NA,NA,NA,NA,NA,NA,NA,NA,NA,NA
324,"GIN","Guinea",51.3282534207395,49.6335166964406,49.4545451645825,46.723325944056,43.6944237673467,45.3306897945413,41.4079154916609,40.039654368444,39.415948696687,40.5590332673094,39.2455413123602,37.888857002605,44.9064451176422,45.5641235251793,43.7134681462606,44.2802676280893,43.4042107851635,43.8765180993181,42.2230237920342,43.5254457694564,43.3533878614753,45.5062273224316,41.9293069509766,40.1892853011358,41.7140433610357
624,"GNB","Guinea-Bissau",30.8774441561458,30.8083837200781,29.0241314787156,29.5703212223675,24.555829228243,26.6512563918778,41.8003832217184,46.0659699883501,38.8165112925151,38.2675339591226,39.3874052399163,38.9795680998721,41.3937511915649,41.6302669644597,38.2825796687474,40.7437955138664,39.3650642664352,40.5614253079369,38.0658844693332,40.1097865736798,41.9293548354356,36.4282540816791,36.3528748905294,32.5233032523903,34.8244695805806
328,"GUY","Guyana",22.2424224212366,21.8792119862111,22.6779343595692,25.9238076822731,28.9900184617783,30.0707560596224,33.1518617830032,34.2996226494298,34.5281129320535,35.3974622390049,34.8625579676053,37.9228861002105,44.0145691403239,42.2650568507428,41.389318687174,42.3382579262477,43.1308461688017,42.7640166376814,42.4204492598977,43.2273613915356,44.545207018825,43.3376702255436,41.111085006378,42.015391949874,NA
332,"HTI","Haiti",42.9931975343409,42.8408634370401,41.0790640341287,42.1452857089953,41.3566725399622,40.7068458139602,43.0270559422532,44.9722127187865,43.2773278172459,43.243327293375,62.7501451701368,41.4049739042461,40.2391879292678,40.952263595475,24.1686997884991,20.7786765715992,17.99133668225,24.4988165914929,24.7647752704528,NA,NA,NA,NA,NA,NA
336,"VAT","Holy See",NA,NA,NA,NA,NA,NA,NA,NA,NA,NA,NA,NA,NA,NA,NA,NA,NA,NA,NA,NA,NA,NA,NA,NA,NA
340,"HND","Honduras",45.9139363675434,46.1103465283108,45.785474534625,47.3564936570194,47.8413162833714,50.6948341429396,50.7396802001234,53.0189831247039,54.8404928208995,55.6632996727299,56.0255715678838,56.396934051856,56.95227061196,58.3423528646146,59.6398707552753,61.0644184532867,60.6354456940852,58.2063339221402,58.6183421267834,60.9736192281604,60.1539431811467,58.8330670461585,58.3803820722578,56.8244885080181,57.1137793132361
344,"HKG","Hong Kong",NA,NA,NA,NA,NA,NA,83.7580682182668,84.6906691332196,85.6094118662711,87.7097310429397,88.3525482004239,89.0584757015137,89.9579007164661,90.2904487398501,87.8208150340237,88.3970721623389,90.9132977393866,91.5084029920959,91.9216380085211,91.1138495209991,90.4754635498594,89.8369247961039,89.53359749813,88.6023153900122,NA
348,"HUN","Hungary",NA,51.9205371550953,52.7445136963837,52.3142949488271,52.1866029179443,52.9508697779747,53.4608722019069,54.5259675413678,55.9812790278152,55.95834623462,54.7282183269896,55.528048021532,56.2762715867452,55.9566092400943,56.5925549476109,56.9487701688926,56.3671810189013,55.6896927313531,54.9431633243302,55.3533718578952,54.5766307432884,53.6525344811949,54.9614302636853,55.2446994357858,54.3982088564328
352,"ISL","Iceland",NA,NA,NA,52.1307428915895,52.9377938887523,54.0894528386194,55.3039102019226,55.2417041684933,57.5259822543964,58.9572387360085,58.5476291009226,58.351514189178,56.3676136220902,60.3402060186179,59.7140478451209,63.9328589554883,61.2204874070299,60.6815264356201,61.3348570445061,62.1167891803154,62.0353476752178,62.530782274551,63.7713468704969,NA,NA
356,"IND","India",36.939466817653,37.7034164043039,37.9503065245606,39.4566128075483,40.455713390099,41.9069046234895,42.5002306243695,43.7674306824249,44.759021184442,44.8835768476405,44.1148317250054,44.4429362976219,44.0432291511199,44.0081597791397,45.8825400533028,45.9848859804282,45.0337364522393,45.4421452507073,46.3011472980511,46.6987147694118,47.8224137558964,47.7837481204463,47.8225582786145,48.4510175754018,49.0141587366926
360,"IDN","Indonesia",42.0717116360041,41.0608163751136,39.8719036817834,39.5789011173884,36.686823537659,37.0272710177647,33.3686365074031,38.4172452290621,40.104784004948,41.0650856896144,41.0366037289757,40.3323224888783,40.0826385396719,39.4841753758365,37.457515026462,37.0577298834625,40.6659902908933,40.5846042111278,40.8733748934867,41.5165374799892,42.2421853142869,43.3090809246806,43.6417488094502,43.6073540205001,43.4119309991688
364,"IRN","Iran",48.2051494644655,49.9041053365405,48.8097255642591,52.4764737606411,57.1684307665535,53.4409524080366,51.4166442622336,52.3210997514067,47.6983837464383,48.7704956249067,47.9180928342311,47.9812176030011,49.1253327032366,47.6077676817297,48.6423388030411,51.4807181924139,51.1373145239641,48.6697072969843,50.8293237027353,48.3374066616709,49.9044689329139,55.906237568971,55.2395705992863,54.3529311142929,NA
368,"IRQ","Iraq",24.0014537553477,14.5495047116019,22.9564068471122,16.5231226840478,18.9432044165989,13.2223892582955,10.5692753383425,15.6494653937872,17.279471869187,20.7561579075165,31.2263779299002,29.5047027659,32.72977517456,34.9627910929588,33.3633613848467,42.7802743877055,39.0442212983319,32.8881977748166,35.2987400488082,37.54,38.562,54.4400226833977,51.5,45.8,41.2
372,"IRL","Ireland",NA,55.605851625862,55.7682312198758,55.3260315899565,55.4875505529078,54.9384020182246,54.9097600220173,52.8374225649305,51.65810530576,54.6540926133351,55.4013395575165,56.4442026839598,56.6759134304075,59.0361113361553,62.3769193686566,63.4322089107425,66.5006125514121,64.90187045771,65.0367590349049,66.3189705426261,65.7501384995671,54.5576236228138,56.5348983717044,56.455867067136,57.0152760021733
833,"IMN","Isle of Man",NA,NA,NA,NA,NA,NA,NA,NA,NA,NA,NA,NA,NA,NA,85.7194947597932,79.5655164914474,79.3939719783617,78.9433715105925,84.7102446642757,85.4368170303964,86.3105388680877,86.3175513430359,87.1419764464926,NA,NA
376,"ISR","Israel",NA,61.5631184972102,61.7227289185041,62.091690825613,63.0255584512554,63.8952361450894,64.9727288479712,66.4872844574168,66.048608315857,65.8278811334628,66.5278549888983,66.1083026047609,65.9279587993907,65.6677322972481,66.1996267387653,67.0531985139502,66.6160269506895,67.1194112405826,67.5102378872232,67.6921634163374,67.7920491101813,68.3073603857548,68.7882428765552,69.4200656104197,NA
380,"ITA","Italy",61.5577048972371,61.077262824937,61.7635097707207,61.8051597384347,61.6569095803213,62.1042691816905,62.7135507517634,63.5458947954184,63.8236960747787,64.6056372948026,64.492844230247,64.8679370796835,64.2133471585628,64.1419394777723,64.7997354166049,66.662341263148,66.2532622796491,66.1689006816582,66.3657675583367,66.5751277063536,66.9315571967223,66.6968426692712,66.410206033291,66.2200272493366,66.1453805859652
388,"JAM","Jamaica",58.4702028236781,57.2533614826864,60.5557134424939,61.7453320286887,62.5222622146389,63.3577534281317,63.8778162128089,63.8782946304647,65.7453432648681,65.617527685442,64.2416981310858,64.466581747768,64.6583862018319,64.7508220118514,66.4662878316978,68.1390609555653,66.5416067752678,65.8655341895153,65.4468445187143,64.2790549557836,63.6433686676625,61.8556048704204,61.266267155862,59.565604439565,59.1832775140404
392,"JPN","Japan",63.032828838191,63.1910145067221,63.2714405231274,64.2024553372929,64.9202304552444,65.7501042043922,65.8615812236808,66.8945803577404,68.0641265212132,68.3520802358243,68.5066417078754,68.9648882878538,68.9520966550808,69.0857724508462,69.7660546820463,71.53331658158,70.2097655279593,71.544183708666,71.5856239691028,71.3471002965963,70.4872187064584,69.2959494451364,69.32965090159,69.1151648833041,NA
832,"JEY","Jersey",NA,NA,NA,NA,NA,NA,NA,NA,NA,NA,NA,NA,NA,NA,NA,NA,NA,NA,NA,NA,NA,NA,NA,NA,NA
400,"JOR","Jordan",57.2882608634001,58.4966817719598,60.6523031695714,62.9520656324028,61.2269198189802,61.9830929044248,63.8095475776047,63.7913306685897,63.5229366699759,63.9676382697443,63.7131610192563,65.042671594436,63.2320359835626,62.5241269427416,60.1726655240272,61.0248264501706,60.5205843293493,60.2398479013309,61.6898200865406,61.831965153292,61.426673958903,61.2555720653789,61.8613007545814,61.744455592845,61.8395688395889
398,"KAZ","Kazakhstan",44.3741309867457,53.9618316094617,58.0423502826806,58.8697434578692,56.7366358317705,52.4423266698118,48.3815387474664,49.371713157718,50.4711505164094,51.8220273209182,53.3800989868324,52.0218847182371,51.624997728548,54.2303277391062,52.104868253495,53.9952116833093,51.6800394874896,48.8890328062873,51.3898529954355,53.1795606876032,54.8385964696408,59.297627869996,57.857435042574,57.4242435707079,54.4750945602236
404,"KEN","Kenya",NA,NA,NA,NA,NA,NA,NA,NA,NA,NA,NA,NA,50.3566785049309,50.2276478618764,50.1247655109144,49.3168250172505,48.1060222412588,47.0793506459348,47.7271321224161,48.0080251375633,47.9757840839009,46.2164097509328,45.2332197915105,41.981654491266,42.667459896887
296,"KIR","Kiribati",59.024,59.3117105263158,60.9752941176471,61.9461538461538,60.8633653846154,61.4084112149533,58.2873275862069,59.4712295081967,57.7868951151674,57.6191793917134,56.9155459066787,59.1463190397128,65.1545849499973,62.4291732889326,63.0212130763421,61.7223141664066,63.5425932562881,61.6246317331108,61.059394678263,60.7887723543739,61.6611908929942,60.7074525299089,61.7726188888148,63.4361822950007,NA
689,"XKX","Kosovo",NA,NA,NA,NA,NA,NA,NA,NA,NA,NA,NA,NA,NA,NA,46.5376274853199,47.0487517200708,46.3704225352113,45.5526266591886,47.0460574433177,47.7721811286749,48.9343691064212,47.5149375807146,46.1329302647403,45.7995915121845,53.3691916928134
414,"KWT","Kuwait",NA,NA,NA,NA,NA,NA,NA,NA,NA,NA,NA,NA,NA,NA,NA,NA,47.0402761864742,38.8294018573754,36.7805640960384,38.1403098876136,42.170772757422,58.438269617356,62.2374893362133,59.1977385548814,NA
417,"KGZ","Kyrgyzstan",33.8957667731629,35.645489962899,30.3308218621925,30.9665837833258,35.1755633180619,34.7254302067947,29.9723874237085,32.0757437743035,36.4332616394243,37.7579526323571,39.6009070414952,42.389929751673,43.3774662763917,45.5406958675158,45.8087821868921,49.8977502063632,49.3384967869844,47.8653557076126,51.0390815511772,49.6332622937347,50.6119382870719,52.1498322606782,50.1483211681284,49.9324474240762,49.7947544960783
418,"LAO","Laos",39.0641252752297,40.8606940096723,40.7308550781604,55.7018926222061,43.5732043382803,40.5263320211608,42.231701082589,41.8364260116675,42.0529397212505,41.9337781296443,44.0601141086999,43.390413490426,38.1438717274648,41.6699062804203,44.1080874604965,45.6988801735234,43.5714766168191,41.7741927841438,40.1523222376043,42.4921486141779,44.1576786052912,44.1691759849778,42.477104186399,41.5278261302034,41.6178448417252
428,"LVA","Latvia",NA,54.0526716737246,55.4162595414789,55.6736552589447,58.4884501985648,60.5235508436366,61.1504687541513,62.561507086485,62.84547549437,64.1834397592878,63.8936848137868,64.7342120808117,64.3020771723301,63.8043099567976,65.164464964508,65.5712268279237,64.1673729466708,64.3781700429809,64.2035066598317,64.3966047044867,64.9666021866307,64.639406119754,65.179576128493,64.4796725904759,63.5452564424253
422,"LBN","Lebanon",61.8886464381357,60.4060195647838,61.2359257753025,60.6103092783505,58.3272782898008,59.058841475041,61.52190622598,61.4424775435036,60.1620947630923,59.5805119735756,68.8548392481801,70.9544207135398,72.5459565438171,70.5002480442101,72.2277171949196,68.9937474843931,71.9511986278019,73.2727859694758,72.9772091682899,72.1122458477768,73.8921899664823,74.1552690808616,74.7042766495931,75.850683938892,74.6946731279911
426,"LSO","Lesotho",53.9550866850151,53.2021711773127,54.6273788631412,56.4248989679992,55.0608240675086,53.3081821781616,51.3188103835103,48.2710293560451,49.1061150518713,49.2361832841348,48.7010986075853,48.8777892583314,47.453282212477,55.7423372430158,54.2041167090032,59.6249379257778,57.0319286091456,54.7046810958609,56.0985420739933,56.6281481814117,54.4350305032895,52.9021984256059,52.1309801767955,52.5230284420873,NA
430,"LBR","Liberia",NA,NA,NA,NA,NA,NA,19.6801945080092,19.3857947019868,17.8637108953614,23.7980748663102,27.1750501672241,26.7272602739726,30.2998033958892,28.4765404224326,27.7257821552723,36.9545135746606,50.1995995995996,47.4000417014178,44.801506798971,47.0146397130747,48.534510178117,53.0924457034939,50.3438864662127,48.2401372108277,49.9793382579255
434,"LBY","Libya",NA,NA,NA,NA,NA,NA,NA,NA,NA,NA,NA,NA,NA,NA,NA,NA,NA,NA,NA,NA,NA,NA,NA,NA,NA
438,"LIE","Liechtenstein",NA,NA,NA,NA,NA,NA,NA,NA,NA,NA,NA,NA,NA,NA,NA,NA,NA,NA,NA,NA,NA,NA,NA,NA,NA
440,"LTU","Lithuania",NA,51.297934232102,51.8713425513927,51.2665192695741,52.7253101820378,55.2410907989966,56.9927110103611,57.0992235031547,57.9431077161565,57.3678566878711,56.7448561194102,56.5800723114301,56.4014684155503,56.7338916034352,57.2937572203929,62.6295816599186,60.8117152985964,58.603872581654,58.61192722203,59.810751917194,59.5082042222133,60.010716006948,61.1199769349525,60.7152016546685,61.0866053612588
442,"LUX","Luxembourg",NA,70.3813899478564,72.3065922328401,71.2450895117572,70.2246041721568,72.0327495420242,72.1059745914748,72.8218258106789,73.1345023260081,72.9058542167934,72.7199659673492,73.7519246752693,75.7597842787505,74.2228374820742,76.0152259534652,77.8359492323195,78.2680998158884,78.3061188547683,78.2569202392224,78.1252059159269,78.2968405145853,78.9873777745379,78.6009398940713,79.5006388589152,79.2119926302405
446,"MAC","Macao",83.7683948835158,84.2904041763091,81.2957120953103,82.3949784392822,78.9445311919102,77.3114589759408,81.3359783455078,82.5084981176213,85.5200081596573,85.588888550826,83.0605275553462,82.8980510364192,78.5512684006828,83.2489720590031,85.4422985216977,89.7228038048138,94.3737197346379,96.4653962839778,95.9242971572169,95.9265778835298,93.2872621982944,90.7192729140036,91.6938038834737,92.9931738091131,NA
450,"MDG","Madagascar",43.4420670242167,48.4380040062681,49.5125882219065,49.576483677481,49.8459870540658,49.4970755162157,49.6038308888754,51.3108624428176,48.9316132495169,48.8891668506153,47.8910481254984,48.0482228404186,48.1435537410273,48.8910886531602,48.5766961564401,46.7121515723017,47.8452628862037,47.4040705392148,47.6592212744274,49.823432702579,50.076405463078,51.0068758036251,43.9800941525403,44.0534278806915,NA
454,"MWI","Malawi",47.4265548165747,44.146620879187,41.6354788199539,45.8773932673359,41.7390686952039,39.931185089902,38.3707437156757,40.5120241068362,39.2838751817839,38.8983673623724,39.3930203541233,40.9204640384438,42.5374283684379,44.4548707903444,46.6573182849799,46.9744524574468,47.9398198628978,47.8912257785644,49.1939499952786,49.7366639588098,49.796327534715,50.201470182727,51.8519078685961,52.4284284510444,NA
458,"MYS","Malaysia",47.9443364371227,47.8824301485131,47.9007295127517,48.2435813268511,48.9708519862733,47.8824069209951,46.3014974705458,49.1730931223924,48.6965439495632,46.7102388190148,44.5475045828596,44.1973369047312,43.9263517895114,44.5202452881234,43.9481627330677,48.8360312100512,48.4774187579282,47.7668352467225,49.0223958354783,49.9446306451708,50.1226000797149,51.1951095930732,51.7178437393381,51.0082164654421,52.0409947392789
462,"MDV","Maldives",NA,NA,NA,NA,NA,NA,NA,NA,NA,73.0853756394402,73.0358467682425,69.5749978282241,72.9062180332711,74.1194229137326,72.1949375699159,77.9264500402108,77.6940061871214,75.0633081053738,75.4770285975961,75.5762237057377,75.4050928515842,72.3327232556167,69.3419803778394,67.3693499482123,NA
466,"MLI","Mali",40.7186252367873,38.4886940402217,37.8341154430091,36.6398845845996,37.5371713340709,37.3344659138244,37.2626429329049,35.872252289535,35.2872984191419,37.2640518438314,36.5471086660921,34.7910098647412,34.591252320989,35.9501029851476,36.9165710516733,34.2442669426891,35.4532166092292,36.7279568394735,34.2187155639794,36.8544030679478,37.3111496058762,37.2660655137556,37.7991277087179,37.5396173440302,37.476478919377
470,"MLT","Malta",41.9656905656083,60.4984093319194,62.1030157459301,61.8400120066036,62.5123222081397,62.6346118745274,60.4791917904844,62.7909537336768,61.9606518618593,62.1686445450185,63.6443951347797,64.4989401217401,65.5297896437125,66.9422492401216,67.2654886028032,68.0985892548789,68.6536858852943,68.8839128913443,71.0346775765718,71.7609037255948,73.0651308155053,75.1242405417346,75.4835861382137,75.6731941381207,75.0472496392874
584,"MHL","Marshall Islands",NA,NA,NA,NA,NA,NA,NA,NA,NA,NA,74.6357014830821,75.112123228975,73.7706524004724,73.9601993679386,72.4600706727657,73.8028731960621,69.5353251002764,68.6876335779172,65.4622713075123,66.1083182041165,70.5011377704287,74.1338101335631,68.9466055931709,70.1854404148631,NA
478,"MRT","Mauritania",35.1711194135659,34.1064597870598,34.9349933784533,36.5813613492129,33.5674180693161,33.2837075507247,35.1954692078676,35.8510492626845,38.3681550114049,38.2881556213489,36.5330571240321,35.662859980139,29.8443867759063,34.0077960976268,34.4602060593058,37.8022723573,36.0720524703965,32.8102052324745,34.605383145528,33.4318713615821,37.3288016546202,38.6145763556625,37.2985902238546,36.8671670318044,38.1043464723302
480,"MUS","Mauritius",50.39095961667,51.0399443651892,51.5574749511883,52.6114074153267,52.5622540044112,55.7859456201427,55.986013460031,56.2371869281703,57.0789060920091,57.3684964956293,57.5043429445577,59.5478210320814,61.8472652218782,61.892708386394,61.6110943029825,62.2338529456121,62.8600746208075,63.1945851618191,63.6178003901393,64.3732360894422,65.6727762445736,66.2975459449173,66.9982634296689,67.4132383787437,67.4064725764104
484,"MEX","Mexico",58.4620962957883,58.7331219489585,57.1800582575076,56.8599727500059,56.9450693562178,57.0099600421654,57.8023394580782,58.3860555631695,58.845208018069,60.424391338678,59.3882212786931,60.0056730750059,58.9662559046171,59.185340733358,59.522316216063,60.7218316472303,60.3628174693829,59.9124681240829,59.9972480582014,61.1063920156291,60.1945164074427,61.0057584243087,60.8864577541223,60.3661561392574,60.2403809074736
583,"FSM","Micronesia",NA,NA,NA,NA,NA,NA,NA,NA,NA,64.1560535132874,65.2488785782413,64.9112890136854,66.495982394287,65.2608224344675,64.2712746977007,61.3965875227304,60.6880761945102,58.8864294315562,57.1918080193494,59.8303825521151,64.0854353813246,61.927782785503,NA,NA,NA
498,"MDA","Moldova",NA,33.1450380147892,37.5048765242264,38.325149504176,43.3002419505218,49.499657267257,45.3431424262767,45.9236688117086,47.9359774298987,48.5115492214431,49.8810415669415,50.4117259092769,52.6486007499559,55.9740485282953,56.4303928010668,60.0497721298214,54.5367179328582,53.572449601365,54.4511649695264,52.7992028234643,52.2828144282381,52.9818939275631,53.9684030110606,53.1992942342807,53.2695025758206
492,"MCO","Monaco",NA,NA,NA,NA,NA,NA,NA,NA,NA,NA,NA,NA,NA,NA,NA,NA,87.0751827702035,87.1747976772896,87.0710098885856,86.017017828201,87.3715069625843,82.4065213538898,81.7129273339832,NA,NA
496,"MNG","Mongolia",34.9387983177173,29.3133569013605,31.7541063649443,32.0685963696296,37.3783321149843,37.1754052736547,39.1979236563271,42.2560508416626,46.5943187366854,45.1543260194015,40.2348364215555,37.4557419724917,33.6016996064578,33.9138972484427,39.670551446029,43.1000868928023,44.840493629925,45.7860014398012,46.8583778765315,44.7170667326491,45.8242155841577,47.4579409745723,46.115055019035,42.2798518329006,39.9924743592339
499,"MNE","Montenegro",NA,NA,NA,NA,NA,NA,58.1769336369838,57.3561319115751,57.0810664584854,56.1878860599896,56.8952971733453,57.6489509056228,55.8456307506952,55.3447643045494,55.239722981621,57.4011025807605,58.642215104205,60.6176034472144,61.524820075707,58.5665588693114,58.5542415358125,60.2777881150753,59.5984231497957,59.1114261131016,NA
504,"MAR","Morocco",45.4937187047,48.0046353267544,45.0430928732388,46.6165085138162,47.289742158936,49.1796937411068,50.5533839444178,50.7088834730687,50.9106378785459,50.1575496112639,50.6287996818467,52.3094194749526,51.405513719072,53.5198369187528,51.2273365701525,51.5063134366445,51.0359101939273,52.3700823215381,53.4709469843056,51.5870514509596,51.6184772460059,49.7417885520522,50.3168537796024,49.9563151217393,50.4826880559319
508,"MOZ","Mozambique",50.383518860385,51.20013918996,44.7890745125586,45.5447338940845,45.7591002107066,44.7413248860229,47.7195626649407,49.3675057820453,51.2354494237903,48.8416287886048,48.4316422346484,49.6718955163305,48.0092963879192,48.5486915371049,49.0386111653033,48.7426477039189,49.6454898401812,50.4824064356723,50.8604173589883,51.9655094676302,51.4087976214434,50.8481566616432,50.8776231264207,47.682242688601,46.6196675036164
104,"MMR","Myanmar",NA,NA,NA,NA,NA,NA,NA,NA,NA,NA,NA,NA,NA,NA,NA,NA,36.6788599743565,36.2121686668943,37.0367795009136,38.1040550388986,37.6804826287425,38.7594000921517,39.5002884681816,40.370732162942,43.1525508907844
516,"NAM","Namibia",56.6677497610045,59.0979331426248,60.6210492603685,60.8834433915763,59.7441683510806,60.0869002442501,57.4281792192734,56.6689186496372,54.6460863701067,59.5402659782574,58.0571628159209,56.7312143357623,52.8337949477141,52.9506785362289,51.4945880344374,55.8094158698986,57.2209871044919,57.6278660257899,55.8898071191229,57.2655696926597,57.9071065280259,59.0706540014502,58.1765279530485,58.1470886375589,57.6890027563233
520,"NRU","Nauru",NA,NA,NA,NA,NA,NA,NA,NA,NA,NA,NA,NA,NA,NA,NA,NA,NA,NA,NA,52.5739352986453,63.3960360462142,81.5870009047032,NA,NA,NA
524,"NPL","Nepal",33.0698743426071,33.1780540663853,33.3694905448892,33.4191285252377,35.2344230417657,34.5843712357763,34.7107154903449,44.452945851523,43.5529543381878,44.1266397280951,45.1719518806742,45.8341533596194,47.9339045137933,48.7769758472824,49.2043233806326,48.6137710063626,46.3988379106184,45.293992782493,46.865853848249,47.5506835412868,48.654571785497,49.4617712372039,49.9643750623496,51.5998452457278,50.2678078089055
528,"NLD","Netherlands",64.3572720137972,63.6409980973882,63.7864345302865,64.5149927109358,65.2125946309235,65.6254842547186,65.7454419953673,65.2003295419408,66.250147165346,66.5934751662409,66.7094916547953,66.3200715941498,65.905848299364,66.2609622559232,66.2228560656862,67.9506179162092,68.372635863996,68.4517320433791,68.7276213462876,69.0706368108433,69.910357972482,70.0646949020881,70.2177071083397,70.3297478590268,70.3015233270362
540,"NCL","New Caledonia",NA,NA,NA,NA,NA,NA,NA,NA,NA,NA,NA,NA,NA,NA,NA,NA,NA,NA,NA,NA,NA,NA,NA,NA,NA
554,"NZL","New Zealand",59.5695364238411,60.4316472006318,61.041928368661,61.7802795401422,63.267369367008,62.703017778131,61.8112634451222,62.1193051152962,63.2063677587827,63.904997854701,63.8901649208393,64.3076772003903,64.352863251836,63.4281707930595,64.3541224989189,65.4997915068648,64.3619060727312,64.3183065170394,65.009909276094,64.3231718849401,65.3850602250384,65.7517157788692,65.5554608551937,NA,NA
558,"NIC","Nicaragua",50.3462658264808,48.7158060155812,47.2294576858909,48.5107994224217,48.7906994203994,50.1521867388057,49.7358775588938,50.3044371148482,50.4457904382355,52.0637365182963,50.4838508360202,49.8576240795747,53.7592580608306,53.3277569988709,52.8963553347955,54.2005121911789,51.7336180965215,48.451431344224,48.0435097123832,48.3652118048254,48.5497818405039,48.5741100421564,49.4649749903558,50.1316765634557,50.161636770457
562,"NER","Niger",41.9057508646507,42.5436725721597,43.2659122087615,43.2149428939673,40.6615361157121,42.1133137353288,44.4001874414246,43.0014025245442,43.4426229508197,43.2314960629921,62.1174148499504,59.9119573910139,39.3987323516733,39.5181036880296,35.8445567419534,38.6259840455827,35.9962476031159,37.2627242808777,34.9545498278742,35.6971070881066,36.9286053800614,38.141988331382,37.794699546517,38.3107156703577,NA
566,"NGA","Nigeria",42.5177313582316,36.979423264697,35.3582269388039,36.3339286815863,42.3808822482371,43.5884840152643,43.7984549227611,46.2224797158223,38.9699324722711,39.1455112034019,43.3550182494556,44.6842057366094,48.4887987156133,49.9623710482145,48.9753597291066,50.9813970650926,50.788843670731,49.2430315165328,50.1858844830171,52.3666011221468,54.1531280148526,58.1222219184123,59.7850976776077,55.8046968892209,52.0066897259217
570,"NIU","Niue",NA,NA,NA,NA,NA,NA,NA,NA,NA,NA,NA,NA,NA,NA,NA,NA,NA,NA,NA,NA,NA,NA,NA,NA,NA
408,"PRK","North Korea",NA,NA,NA,NA,NA,NA,NA,NA,NA,NA,NA,NA,NA,NA,NA,NA,NA,NA,NA,NA,NA,NA,NA,NA,NA
807,"MKD","North Macedonia",44.8931846103896,45.6211691931513,46.0555672897146,43.0216948017765,43.4141425429935,44.4519081906963,52.7947362917562,54.3703668485259,52.9025721147339,52.382636009736,54.1939412933693,55.7664687936663,56.2862859873372,56.6726291201939,55.1064137482224,57.0895900362258,55.0938037393436,55.0947249593913,56.3111872004251,54.8439800673851,53.8268221541191,53.7294661099124,53.5495422792727,54.6175802789491,55.1483550100862
578,"NOR","Norway",56.700804575795,55.3350347411133,53.5630067405801,53.2153008260582,56.5589343805666,55.1578137332593,49.8614616754848,51.5347520268953,53.4541184644602,53.8887993613289,52.3891668878624,49.8241276015087,48.1282997609366,50.3325356674065,48.6139066630839,53.6906496303469,52.7590092912201,51.1173189353144,51.6940912818225,52.624110938605,54.0242129365535,56.5368639268071,58.6687188391227,57.4661538615178,55.5909132563188
512,"OMN","Oman",NA,NA,NA,NA,52.2265671016757,46.7804929085951,39.9888008959283,42.4224192103539,43.5809371328229,43.6644947224159,43.0305830952781,37.1073550330516,36.6064502603166,39.0222348564437,32.895922384822,41.1054914459858,36.7566968245521,24.131517877651,25.7403387933666,37.756415758304,40.8722011933021,49.8367943004419,53.6141513340827,51.5813994503314,46.6460469219946
586,"PAK","Pakistan",45.0338350295688,44.8607712433853,45.8349861072658,45.65097071546,45.2951760793769,45.8381645117937,47.2423826700271,48.3549028676162,49.1510681045507,49.0393892258014,47.3141059961919,48.4485325815543,52.6313265564449,52.7634730934245,53.1065433626515,53.1104440424322,52.8390469735782,50.9280581995181,51.5739405881326,52.0095126268531,51.7012468410797,52.1605187821516,52.7725776425917,53.0924039056886,53.4688058732503
585,"PLW","Palau",NA,NA,NA,NA,NA,NA,73.8274171988712,70.5951875442321,67.9178293147235,71.3951028306074,72.4836016841777,73.5295025430846,75.6451498821779,77.0621141845452,78.3214204256542,79.4687919222481,77.7813991895572,78.3823477661466,77.9426364498238,78.3654624871919,78.3906468339689,79.060397647412,77.2138711019805,78.4042701851299,NA
591,"PAN","Panama",67.304544062267,66.8516173445071,66.9289318244862,68.6931878691534,68.6626498908936,67.5967042136189,69.0215330399626,71.0364372189842,71.836124524161,70.3521580707296,70.8159621359657,71.23865879396,72.07485125002,73.4483020512384,71.784894929134,72.9732028408421,72.9133194974236,72.6020722938806,71.340376010705,68.0677631578947,66.5669100487766,65.8278441979084,64.9968252653664,64.6497162986202,65.1284833933081
598,"PNG","Papua New Guinea",NA,NA,NA,NA,NA,NA,NA,NA,NA,NA,NA,NA,NA,NA,NA,NA,NA,NA,NA,NA,NA,NA,NA,NA,NA
600,"PRY","Paraguay",42.0722508023346,41.548729287881,42.5696993564011,44.5949746119276,44.6745051586198,44.469258323073,44.9075131170105,43.6198607650467,41.3656707962624,40.7916144048049,41.0107690235008,41.7986259493051,43.635121064116,43.7732722238521,43.4010377123577,46.5881520654235,45.3301363196998,44.8456671326259,48.1050427202695,46.8228755565632,47.0994897335375,48.5773589770211,47.5341549017912,47.8770934396494,48.3610570812802
604,"PER","Peru",52.6907353493137,52.9156931059428,53.0809846171998,53.0234659952874,53.5205983294995,54.0030260392443,54.0274885925663,54.5157702696039,54.4908688003072,53.9598800021533,51.3878956720118,49.8362904737407,47.4170688770149,47.305070802301,48.3634281113294,50.7365164325183,48.9435774885792,47.7582660570047,49.129259974298,50.5158622110693,52.4389538602822,54.0366955776318,54.3031031006304,54.0684126182433,NA
608,"PHL","Philippines",45.4664451968537,46.310581961446,47.2962657038328,48.9946401411274,50.849963060589,51.7330008704746,51.5771506966868,52.298413239869,52.2706691104182,52.7347740084859,52.9419449021557,53.5010351812207,54.1381322856807,54.4502207474198,53.8787680622943,55.2091389346453,55.1173875882421,55.9316575615519,56.9200078903363,57.6317497901743,57.3350344621558,58.8434867877426,59.5964564064036,59.9027422756952,59.9685896762511
616,"POL","Poland",NA,49.0929346675061,50.579166695654,52.2248243559719,53.5778045440296,54.4161702216143,56.7564528522129,58.1833497014003,58.7821884044026,57.9880131925809,56.2192008676808,56.1491133484373,55.9456508734147,55.2980157543965,55.7401663518831,56.6242144048133,56.2304106142816,55.2183908339418,56.1914785890728,57.2796103555144,56.6369454148091,56.2660396349796,56.3830656080881,NA,NA
620,"PRT","Portugal",NA,58.5159863302265,57.831705436247,58.4625818243559,58.5655093183302,58.9987713136838,60.0668074013649,60.629506294019,61.2901587023459,62.1901317295907,62.6508219427455,63.0672209957861,62.9700782950413,63.5819978212858,64.8242971077591,66.8398796248625,66.1605526492742,66.4041745761787,66.5015033524543,66.9972871860826,66.4945871122303,65.6416614065962,65.5492505217075,65.2410525654019,64.9808901741178
634,"QAT","Qatar",NA,NA,NA,NA,NA,NA,NA,NA,NA,NA,NA,NA,NA,NA,NA,NA,NA,26.6891216992903,26.4365348476783,30.3221454057335,32.8506457001724,46.068251652277,50.7779216193951,47.0950594121326,42.5773414182575
178,"COG","Republic of Congo",44.2017183110061,44.6790380609733,39.1705778256521,33.9971970199897,42.9875662985827,30.3732836541779,22.5430752453653,28.7116145095933,30.4194973632952,32.5524165764347,28.6261096180471,23.5742984395926,20.5387621827537,22.4318602616477,18.9093779546256,24.3771602121619,20.7923961873323,19.9912442494478,21.3065416154825,23.6219304742337,25.7486870033375,38.0821264661946,38.8798081193924,40.0793520730504,39.9582363599475
642,"ROU","Romania",29.7099609771918,40.2701495282895,39.8403540662293,40.0182744381395,43.5909283743653,46.5998142450804,49.1808772014428,45.2363631407411,45.6522724213001,45.25754803103,45.1610886176413,47.9286025784533,48.253514239885,49.3464862197025,46.6271335701713,48.3795082411869,46.4146317915672,43.1493149332815,50.6722690915546,50.6637402798668,52.184440062753,53.7838845963964,55.5805678315237,56.8327048559015,57.1034595531847
643,"RUS","Russia",44.8326084322554,52.2288034605835,49.4166548670001,50.5952152260349,51.8249193895855,49.8897679326535,49.7177094379727,51.4659539559897,53.8437413886709,53.8174550818264,50.6582705900672,48.8060444908996,49.7214755623918,50.6730476145655,50.6956877766607,53.7665266971045,53.1202122397143,53.755697839382,54.0941719483554,55.9664572374324,55.5554314267202,56.0543737313472,56.760217141001,56.2645459751015,54.1242492519677
646,"RWA","Rwanda",29.0711693389219,40.0283638076243,34.7248934687552,35.428981612238,35.779819179672,43.1809471235361,44.8299228304463,43.602281042032,45.0244900266125,43.3378242060295,42.1058918528924,42.343313117394,44.5994648673802,47.5958948628223,49.1001454268679,48.552216428366,49.1374670665874,46.9401300100203,47.6575767609954,47.7344525129803,47.1628864402684,47.8680043224201,47.2925786508881,46.3769130914357,47.7958236658933
652,"BLM","Saint Barthelemy",NA,NA,NA,NA,NA,NA,NA,NA,NA,NA,NA,NA,NA,NA,NA,NA,NA,NA,NA,NA,NA,NA,NA,NA,NA
659,"KNA","Saint Kitts and Nevis",70.461244405355,67.3634188556126,67.5476816640993,67.9003640737389,67.2752878225795,66.0463904405372,64.1747624466341,60.835959392453,61.7238108797883,64.3731711744484,65.9520319246176,66.2141739976275,63.5038086237771,66.2426870579559,66.148829600754,65.7303369149554,65.4337138365218,64.3192454466476,66.5448875190142,66.0141805891845,64.1751730835501,63.2522796557149,63.3515137239241,63.117360731191,63.8709545800288
662,"LCA","Saint Lucia",69.6750520727942,69.8594007052761,70.2661788736937,72.3115081877233,69.082239991029,69.5266498854758,70.1659003436657,73.0880422108769,72.0331223446323,72.6772907106975,71.0459871065493,70.3060411146298,68.2362584656607,72.9999934577257,71.2779538930573,71.1976630800401,74.9049604783081,75.2375165600166,75.7006556697964,74.8804918199712,75.1482856152856,74.8973597625893,74.4173188690151,74.9829259154659,75.0576049283808
670,"VCT","Saint Vincent and the Grenadines",62.4504356391731,60.5180897043434,61.5900588834556,62.2068544663938,61.6254826652878,62.6505521584747,63.1715673633667,64.5352048361472,65.2624162918126,65.4078902156007,65.4716543885163,66.0994719857342,64.89197314283,63.2321916462451,63.1391106974279,62.6762788176442,63.2044101753152,64.2182238399026,64.8882948618197,64.7376692386669,64.3840632161968,63.7326789079266,62.7152320418753,62.3240302393336,62.310118751399
882,"WSM","Samoa",NA,NA,NA,NA,NA,NA,NA,NA,NA,NA,NA,NA,NA,NA,NA,NA,NA,NA,NA,NA,NA,NA,NA,NA,NA
674,"SMR","San Marino",NA,NA,NA,NA,NA,NA,NA,NA,NA,NA,NA,NA,NA,NA,NA,NA,NA,NA,NA,NA,NA,NA,NA,NA,NA
678,"STP","Sao Tome and Principe",NA,NA,NA,NA,NA,NA,NA,69.8240907643381,70.3449969655537,71.5396206741147,73.1997549082224,75.7441195468548,73.3616401188181,72.1943728638588,68.3965198810427,67.0117923468208,67.1236961811047,68.7249757982821,70.0211151286353,69.8011103791496,69.4396815753376,70.4295337876913,70.9827229653463,70.8652534797075,71.7606890701544
682,"SAU","Saudi Arabia",46.0382041888352,44.9469396875088,42.4258695541886,43.8073559419315,49.8928447853645,46.6936966083623,40.9122029889019,43.3037595999029,43.1804672781491,40.8768755382867,38.9239837140298,34.6643889643159,34.1743582920472,34.1951404998759,30.9264596678292,42.1259134916852,39.2242604493085,34.2631190913783,35.1997080829497,37.9817015367255,40.5309935835282,51.9482611682462,54.0171344372628,51.6025881826258,48.2030376445867
686,"SEN","Senegal",51.9269735892247,49.7683996143089,49.853808946004,50.6457899632101,50.8581711917202,50.639268576151,50.7571702096254,50.293091222056,51.754235400103,51.2538965399583,52.1287187449837,51.7689621686091,52.8748443765388,53.7386543128239,53.9833906799644,52.8029450494235,52.7537880494104,54.0518459185945,53.6524267430839,52.9358575913789,53.6092071611253,51.4364288637034,51.968378325682,50.9685514695652,50.3713442567196
688,"SRB","Serbia",NA,41.0685555274475,42.3703757698161,45.2775158961744,45.5203263158985,44.7593823015379,42.8671053603004,41.9898540779037,45.1584467943023,46.3162372147915,46.9874056141028,47.1601370374213,47.6008358601922,48.6123038459946,48.5590116256981,51.6193072031042,51.6954275224558,50.2639672276681,50.9624853732538,50.3663993408134,51.6924836158618,50.9375195673137,50.3933313172308,50.8947329365558,51.011412637165
690,"SYC","Seychelles",60.1325526551191,60.6834428329408,60.1031917446604,60.7895108849307,60.6409895979758,60.195895802662,50.4977058605869,51.6850256522813,48.8839472582671,46.4394012541652,62.487334984367,63.2130045177039,65.89414974398,67.9530176147849,67.6159035749426,70.3374490592214,68.4861512174284,63.8912147620491,67.5393669039159,69.7295792582309,69.1171479542308,70.5534501932657,70.9636836845964,69.3707511528704,70.4138848843161
694,"SLE","Sierra Leone",19.1945887741624,17.130552602886,13.7368146683859,13.3733338606021,12.9622848076764,12.4352490345316,12.4902278563224,41.4624039051034,40.1771310989722,38.7814845612805,35.9916142636796,36.2347351058745,35.5821511404486,34.7230721439137,35.0965462667418,34.5980874775695,35.2610930191085,35.2535714003715,32.5550225815524,28.479547650621,29.8268379984852,33.8713402801464,33.286093643891,32.3823179427159,NA
702,"SGP","Singapore",61.8328396505188,61.6183244378062,62.0785374864116,62.6299907711597,62.7222601305176,63.0692808669937,60.6645197437217,63.593634234512,63.9769556802401,64.3487252076354,63.0725751287076,64.0731843759255,64.8768540490551,66.0401485014903,68.3479617553522,68.0060695233087,67.842813675817,69.0222128999262,69.2079762345415,70.7597858291482,70.3441978263327,69.950579072893,70.5599260465586,70.2053367657774,69.3769933088953
534,"SXM","Sint Maarten",NA,NA,NA,NA,NA,NA,NA,NA,NA,NA,NA,NA,NA,NA,NA,NA,NA,67.1281928861304,67.9378931263104,67.1163298743856,67.3126683212758,68.1177641573681,69.2600312662845,NA,NA
703,"SVK","Slovakia",NA,51.7000394904382,51.4348000978521,54.550923847338,53.8890618016698,55.2864970232708,53.1568208964661,54.554892651028,55.0659817710601,54.1860581495479,53.4538194363931,53.4788273321013,52.094954542129,52.3745706886057,52.5645172695061,56.8510883914157,56.2677581852648,55.3601646844159,55.8001770836026,57.3127285791631,55.2030865294298,55.4750849785114,55.9610422136252,55.5596469165421,55.504363172934
705,"SVN","Slovenia",NA,52.36639143362,52.4013649285599,52.6334842271668,52.0399127833789,52.3610852513659,53.8839761890471,54.5311807968983,54.4474724774624,55.0680692588096,55.0781697163427,55.6381583848725,55.5791561789151,54.9593243072221,56.0069800182814,58.3660624629692,58.72909754682,58.1215444181373,57.4897657007163,56.9593244367556,56.0584043794445,56.2660007298137,56.5679860974971,56.6715208680765,56.2712733806088
90,"SLB","Solomon Islands",NA,NA,NA,NA,NA,NA,NA,NA,NA,NA,NA,NA,NA,NA,NA,NA,NA,NA,NA,NA,NA,NA,NA,NA,NA
706,"SOM","Somalia",NA,NA,NA,NA,NA,NA,NA,NA,NA,NA,NA,NA,NA,NA,NA,NA,NA,NA,NA,NA,NA,NA,NA,NA,NA
710,"ZAF","South Africa",55.2829013789893,56.0782449855463,57.0599942326874,57.8371309469121,58.1959619671821,59.2552527514127,59.0704663519048,58.4588928484033,58.2647410383113,60.0856636842399,60.1253671383962,60.1014607864309,60.7132271392846,60.1748042903017,59.0687035338444,60.5099301066286,61.0192379893151,60.8747345354832,61.2850790791414,61.167448282483,61.0207378281857,61.368841281558,61.0205897332758,61.4937607978926,61.3508372750402
410,"KOR","South Korea",49.419867331122,49.4881531150631,50.4507412383236,50.7808188260104,52.2603097029268,51.7252156801291,51.6324545651768,52.8170210366731,53.3590685552345,53.5658902970508,52.7787363285702,53.5632579047579,54.2423275040562,54.4225118661945,55.2161527261125,55.0836071441037,53.6304836450888,53.6597205182636,54.0310196320509,54.0198387430538,54.345962560679,54.0426944438353,53.7499284315983,52.8447637928489,53.5638365232093
728,"SSD","South Sudan",NA,NA,NA,NA,NA,NA,NA,NA,NA,NA,NA,NA,NA,NA,30.2453628536285,35.5018476568031,31.5372413793103,27.7782208542902,67.0906015430888,63.2666036819228,59.2359106222245,66.1450726457399,67.9649300348432,NA,NA
724,"ESP","Spain",NA,60.2217979392037,59.7431925113526,59.4233364025411,59.2511037069392,59.0137233390991,59.1031334622824,59.4896844729589,59.8432111551233,59.7214339765418,59.9240788465557,59.6528349413153,59.8862669076782,61.1008255868069,62.9822840377164,65.6665295092359,65.4179946065212,66.6680990873923,67.4041055380044,67.4641437545152,67.4710450752539,67.0164128509524,66.7454455580951,66.1059281380137,65.9316630360654
144,"LKA","Sri Lanka",49.621989227815,50.1758980310645,50.8867091682636,51.0577367703354,51.2187945315554,51.9101852955298,52.7545992799188,53.1127923586647,57.7100640122386,58.3448927498315,58.8380943362025,57.9924347129097,58.0214245851879,58.3970158896221,57.2496044829348,57.6365899646619,54.6383534931216,55.1384019137864,55.6348439092146,56.3644060448093,56.9011916346042,57.379202998208,56.44539039202,55.6980399813654,56.8280621391449
275,"PSE","State of Palestine",53.5187985791158,52.2206652857317,51.5104411074613,54.8007872759189,54.4422046314961,53.3058625210714,58.2993323442137,59.9920073931613,66.3648124191462,62.7772177419355,61.5263790076689,61.391199966886,64.1290401417486,64.866141160231,62.36008091706,61.0563825981674,60.8980040614377,62.685611634529,63.5778498856322,63.4113497915999,64.1369656170373,64.0448196954154,63.3590799734837,NA,NA
729,"SDN","Sudan",52.0969013775539,48.9523754612259,39.8935457410247,37.1668918104835,36.825381000623,36.864974316213,35.7090117949857,36.906032803944,36.1402696884715,37.7058973853451,36.9178089486534,39.5801345467123,40.022780760427,40.2991333285876,38.7394604533356,46.1981500486559,44.475687461491,45.2066510368148,45.1022558686696,44.4560942654595,45.4596293664688,46.4034440764987,46.4799804238357,46.7908537660427,49.4979611351111
740,"SUR","Suriname",36.5448136462236,33.1637676939836,36.5473357535333,42.7704422118418,46.7133276319935,46.5576415948361,46.0100389551109,42.4750471345648,43.7822872485311,43.0196830638389,41.429359737711,41.3553786487038,45.0438636478119,44.3767345323446,43.7926248558978,47.3191457362009,47.8445760026682,46.6233047329089,47.3226238286479,50.4269477651493,52.2666820862727,55.5908785229565,53.1403659958433,48.6552354425973,NA
752,"SWE","Sweden",58.6262992501111,57.6496779886808,59.0443026130363,59.2064305348525,59.1297049622342,59.703879320156,59.8641313696024,60.1708518741166,60.4716702946706,60.7868436395295,60.5309494399486,60.8979748052261,60.3878905542481,60.0934630684254,61.0872013022451,62.9081512231589,61.0850598667811,61.8439335457136,63.2755929930865,64.1611589376511,64.5962052056307,65.6829883687969,65.7102718346404,65.1926156730328,64.7634488991625
756,"CHE","Switzerland",65.9006707739394,66.2388879871437,67.5342804405888,68.1836851189496,68.7762371928019,68.4410120439384,68.8910442838242,68.5313340497679,68.6423132740468,69.1622968816679,69.2495377958892,69.3406883418889,69.0816135655816,69.1555765605861,68.8773893108293,70.1477094531961,70.0051559418797,69.7475906656709,70.3174131978639,70.444130746362,70.8212603878378,71.0412704029211,71.435942835181,71.4798323581723,71.3438637866403
760,"SYR","Syria",NA,NA,NA,NA,NA,NA,NA,NA,NA,NA,NA,NA,NA,NA,NA,NA,NA,NA,NA,NA,NA,NA,NA,NA,NA
158,"TWN","Taiwan",NA,NA,NA,NA,NA,NA,NA,NA,NA,NA,NA,NA,NA,NA,NA,NA,NA,NA,NA,NA,NA,NA,NA,NA,NA
762,"TJK","Tajikistan",28.6984329612671,21.2216332378223,27.227140077821,32.489521420301,42.3465814883449,39.8635836431227,31.4826215928807,31.1685778921913,33.1318697597251,32.263619943714,39.3300147552414,40.6321982627036,40.8678978490016,42.870419543282,43.931778392726,47.0368664711443,45.0918966612836,42.4317700383425,43.5186695830833,44.0608990762779,41.1105011545958,42.4617888933188,42.2484952945258,41.444108919304,NA
834,"TZA","Tanzania",36.8717285514995,35.5136897864592,34.5945554275061,35.427713944142,47.6371662189899,48.73827192103,49.0821277012058,49.0994618306488,47.6090602926071,45.9927277539581,45.0804890951595,45.0789666250929,45.5521443507314,45.5364294119429,43.7191784970406,44.5514742947135,43.316228247944,41.4050375853704,40.6114766481977,40.2655507384318,41.2956954905769,40.4311664337765,39.4485885215938,37.9226198432018,NA
764,"THA","Thailand",54.1476353247007,53.3907718804659,53.6132522601084,54.1495985711311,53.4527589678232,54.5562976152971,54.6575294640464,54.9504182683934,54.2591156580256,52.4973952487945,52.6775272347022,52.1728738238253,51.3240336616609,51.1032295403847,50.3390669678123,51.5022276391249,49.4621420444626,50.3328765618569,51.0646953251582,51.6960762861511,53.0725718182829,54.8644650286129,55.80810397065,56.3984115930924,56.9084989676349
626,"TLS","Timor-Leste",NA,NA,NA,NA,NA,NA,43.224300764509,55.6736881327262,54.2932193742245,54.3082554494144,24.8423604570634,16.2884910750374,10.8608804008399,12.022108140975,9.72748065066124,15.7756313918057,15.1687088944064,12.2685485164476,12.0233292201762,15.1981192682476,22.708596621682,32.7725491176535,43.4636119216133,44.1003637823281,NA
768,"TGO","Togo",43.8494460737399,40.0564200506145,38.1024099010851,37.6843371819577,48.1748447359765,46.8569666675314,40.4746365118121,40.5928804016453,37.6891793550283,36.3051809338141,40.0304130963769,40.2536116285972,42.8404111098811,30.0133906981708,39.2940446247875,48.0266699680288,48.8935579875415,50.1231838065945,29.8248620358,30.850852317022,31.0332774898592,30.5839062706709,28.1012361362939,28.3335222973899,29.0601625253723
776,"TON","Tonga",NA,NA,NA,NA,NA,NA,NA,NA,NA,NA,NA,NA,NA,NA,NA,NA,NA,NA,NA,NA,NA,NA,NA,NA,NA
780,"TTO","Trinidad and Tobago",50.0431568281608,51.0778588577504,51.2611820762954,54.3906307933773,57.4816760803888,56.8109379772483,51.4740893155048,53.3926467807851,55.3124888967845,47.7363739830544,44.6881097437752,39.7489177075892,38.0397488161066,39.4961026633322,35.1757002222638,46.5265844994937,45.5105190135062,42.9861638522819,46.782039861857,49.4344029867787,50.4756952602388,58.0311256340015,61.62127751831,60.3993687514808,57.1214511413179
788,"TUN","Tunisia",45.1529676611567,46.4150412273191,45.1812884513513,51.383840232921,52.2130701842715,51.8412098854342,51.6279180384123,52.2958436363064,54.1241406140772,54.949071757512,54.5838418480584,55.0385708485587,55.2818432744653,54.6412926621845,53.5992024289007,55.1398158057985,56.6799673298496,56.3634051869838,56.5654742276247,58.6599613276358,58.1693777561232,58.7586239485871,59.6896143173386,60.3063725363413,NA
792,"TUR","Turkey",48.9432260759284,48.6263516517665,49.4229768201973,51.3881523836939,48.5085494920409,52.341060927904,52.554624296605,54.7324393037353,53.3883332083962,52.9070085241165,52.8379529481164,52.7682303797198,53.1888403064405,54.6439196634613,55.307644456523,56.994331526828,54.2944360173525,52.797135555352,53.7343884738279,53.1794461215249,53.6582482716194,53.3084148597501,53.7630616365368,53.3656135008293,54.3129339025228
795,"TKM","Turkmenistan",18.5779816513761,19.0644171779141,16.9109677419355,28.5067506750675,30.3894247945695,26.3625031164298,28.8952709170975,29.7628622937179,33.8616268788683,36.2158067502735,38.1901923597941,42.9404848552713,45.6114432109308,42.2903703703704,27.2151968870022,27.0005643019562,28.1435350051272,NA,NA,NA,NA,NA,NA,NA,NA
796,"TCA","Turks and Caicos Islands",NA,NA,NA,NA,NA,NA,79.5297275419712,80.256279672904,78.7455880076326,75.7807618255691,74.1934725910881,73.1614779308156,71.5067487914769,74.8426501429741,77.438700210412,80.8938988581446,83.4178681767808,82.8888426600287,81.9549823739714,81.3051710571323,78.8366950693021,77.2117007282527,76.7273265405142,75.5623630841952,74.3879170508816
798,"TUV","Tuvalu",NA,NA,NA,NA,NA,NA,NA,NA,NA,NA,NA,NA,NA,NA,NA,NA,NA,NA,NA,NA,NA,NA,NA,NA,NA
800,"UGA","Uganda",33.4883541237242,33.3067285507324,35.1601716342249,36.739717870347,36.2299791948747,37.8227069675793,44.6702768031338,44.7796646505759,47.7413871988573,46.5378749397488,52.0323458236528,45.3122507877277,47.119794496076,46.9260980679179,46.8958814771335,46.2287455160758,48.4844495152669,47.5605767549526,45.7933826388652,46.72239796197,47.1301676968713,47.9304579452089,47.4647090599756,47.1128536990148,47.6150999147458
804,"UKR","Ukraine",32.5122167953414,37.4760480881608,42.4220112136408,43.8322701608633,42.073044483974,39.2588269558794,39.5290174633974,42.7648964889018,45.0676319590891,47.6265948070319,47.1630427905269,50.245200087811,47.9688232500331,48.9843517386429,50.7344076194686,53.9750237166968,55.0846531140153,53.0453672371578,54.0018324601739,56.1643545786986,54.1589184045774,51.1686439927907,49.9142479962203,50.8831783562487,51.3448708603633
784,"ARE","United Arab Emirates",51.909199895273,52.6677577741408,51.8405657582938,52.567566633727,57.7955770490152,55.6460922334793,49.220338275323,48.0854585516536,50.2509298289115,48.951303152003,46.6562900061707,42.9609718444904,41.0026442799823,44.1831002420827,41.1547160923483,46.9181571110237,46.6870743927145,41.2769620156839,41.8973144922817,44.3361609582109,46.582435392676,55.3499817601355,57.7753029480312,55.6401264620034,52.4718093555072
826,"GBR","United Kingdom",69.4050282610213,64.4490015781963,64.6620885689238,65.2322085498439,66.0275332463041,66.7342929017668,66.4427392340874,67.8694719432499,68.2748977983966,69.1143566266485,69.7250417792077,69.8744125125202,69.8988745495947,70.2608336868984,70.9288414453512,72.5708798975809,71.4664755024674,70.7091197205794,71.0416031000633,70.5936990269379,70.7677459408609,70.7996301373693,70.9557233118256,70.5643313985116,70.5419591977047
840,"USA","United States of America",NA,NA,NA,71.8090285823231,72.4198197866732,72.6983134719414,72.8162344920374,74.0123787454977,74.8805318410397,74.610614864066,74.1592750501167,74.0160024784251,73.7030243404572,73.9025767042082,74.5258289382957,76.44395484351,76.2062985572636,75.8633354917187,76.1485322087076,75.7744619151982,75.8381367931275,76.8170680975689,77.551373973225,77.3745317479367,NA
858,"URY","Uruguay",67.0636133887153,65.5281827389675,66.3154938989998,61.9183074640872,62.1558833818759,64.1208428822876,65.3222562241522,65.9101028907415,63.9198443320638,59.0093214071737,56.273519277708,56.712696467069,56.7931196784706,56.8756501664875,57.6398268242039,58.3741563709475,58.2442690740021,58.2909901551328,59.3390519500857,59.1028562738949,59.0956557072523,59.3254707477744,59.6925023353843,60.9807682705619,60.7783576797398
860,"UZB","Uzbekistan",33.1703083961182,34.6629135369945,37.124261006998,36.5480073298322,36.4,36.5046555109787,37.1943727730679,38.2149310701886,37.898311454726,37.4278748476229,37.1821221760052,37.0429682103068,37.9585228805817,39.7591344448386,41.3540741805193,41.365775808294,42.6283453788611,43.6839325480358,44.3844692038032,44.6307550377912,36.0846503395549,35.9242322952169,35.7693814178489,33.7023278073693,31.6104104152153
548,"VUT","Vanuatu",NA,NA,NA,NA,NA,NA,NA,NA,NA,NA,NA,NA,NA,NA,NA,NA,NA,NA,NA,NA,NA,NA,NA,NA,NA
862,"VEN","Venezuela",46.9445458833554,48.5300408032159,42.2193534124052,40.3443460888287,45.8091838462613,45.7783100737051,43.0818490661032,45.9768148610753,43.2520717744444,41.5241598961074,37.2753593066702,35.0708629047267,36.3493328091066,39.3526219570256,38.7983674350826,45.9130653049749,39.031863218742,38.6366452446061,44.8743977089721,45.5655022117418,51.6674781595521,NA,NA,NA,NA
704,"VNM","Viet Nam",43.7037202997748,44.0613913985635,42.5112852710671,42.153158409938,41.7279518693026,40.0708102674888,38.7346426776196,38.6295307451771,38.4838790358405,37.9875554860028,37.9835511186106,42.5688812156661,42.6884835125499,42.8332754503842,42.5091596964692,43.4433537536156,36.9424717818102,36.732736664892,37.2668059193589,38.7362028780262,39.0363944237677,39.7332895764278,40.9246784119778,41.2604537577595,41.1704078592776
876,"WLF","Wallis and Futuna Islands",NA,NA,NA,NA,NA,NA,NA,NA,NA,NA,NA,NA,NA,NA,NA,NA,NA,NA,NA,NA,NA,NA,NA,NA,NA
732,"ESH","Western Sahara",NA,NA,NA,NA,NA,NA,NA,NA,NA,NA,NA,NA,NA,NA,NA,NA,NA,NA,NA,NA,NA,NA,NA,NA,NA
887,"YEM","Yemen",36.7954973641513,36.2084468559697,31.4625027134819,31.0553972661908,37.0839774472869,33.4006466572781,31.1150225791131,34.1351184283895,34.0470130637154,34.0455370483085,33.8104423296957,31.7556247197446,31.5979372661912,31.4761927907006,28.3559596616828,33.2027066558046,27.4165665144813,28.9968557812748,28.9598790190769,27.2340155213449,27.2719721529402,23.2596725567441,22.9439573117694,19.1127684629571,13.5142305434655
894,"ZMB","Zambia",38.0478886818969,39.6525085504343,41.5435244139859,41.4718491062604,44.8458308951369,47.5025146082224,48.9595335232782,49.0993517149354,49.7243429106408,49.7205872731509,48.8099285446496,48.9576146258726,47.5154757432367,47.4546801554357,49.0298347278234,51.5546034007674,52.8065882227084,50.3868633942078,53.1942852136951,53.0892979273841,53.5124906915435,56.220406574069,54.1824542568649,52.0938369588263,54.0886240110621
716,"ZWE","Zimbabwe",43.7881716958063,49.2210555280929,46.5003709862754,48.9488053538351,47.0019844834593,46.1319766216253,70.1253413026116,74.6661215793166,77.0200685689086,74.3586807286092,49.833161039868,48.6813785868511,44.9336573536988,44.4872070883662,48.5483692426039,54.9169782060206,57.8321425446561,57.89580728236,55.0852379955725,58.326075296134,57.5910544082139,58.6510602956534,60.4099015011579,55.0833979545908,45.6786258168265
