"code","iso","country","TCL.raw.2005","TCL.raw.2006","TCL.raw.2007","TCL.raw.2008","TCL.raw.2009","TCL.raw.2010","TCL.raw.2011","TCL.raw.2012","TCL.raw.2013","TCL.raw.2014","TCL.raw.2015","TCL.raw.2016","TCL.raw.2017","TCL.raw.2018"
4,"AFG","Afghanistan",0.000911400259846032,0.000977331342473191,0.00105101902305649,0.000920126432546685,0.000791172991525917,0.000646706354592876,0.000605014640578642,0.000394616921018441,0.000289902848610599,0.00022397176598344,0.000140588337954973,3.5874265547131e-05,9.69574744517055e-07,2.52089433574434e-05
8,"ALB","Albania",0.00282579296778953,0.00197196951069584,0.00331079419719695,0.00481097860831079,0.00422485861814605,0.00421317924760266,0.00428294811900664,0.0043339685271699,0.00343803786574871,0.00335013523481682,0.00323518564052127,0.00315619621342513,0.00201284730759774,0.00185210228669781
12,"DZA","Algeria",0.00310337542667365,0.00342277864612212,0.00378071099189027,0.00445950354087528,0.00545591855136961,0.00515254215337344,0.00563367057111335,0.00656727339248148,0.00639648251740893,0.00624074714127643,0.00674955825061578,0.00669451664158766,0.012420139077195,0.0122310549614749
20,"AND","Andorra",0.000271668146909775,0.000313463246434356,0.000323912021315501,0.000376155895721227,0.000167180398098323,0.000156731623217178,9.40389739303067e-05,0.000156731623217178,0.000135834073454887,0.000125385298573742,0.000135834073454887,0.000135834073454887,0.000104487748811452,0.000229873047385194
24,"AGO","Angola",0.00137238324066985,0.00128447866649874,0.00158920295913597,0.00177402879521693,0.00211660510684233,0.00235667306267248,0.00274015514123765,0.00286849206106845,0.00310465338786231,0.00327365394313849,0.00328059263670898,0.00344973774810121,0.0038104269410679,0.00407708599444579
660,"AIA","Anguilla",0.00169332079021637,0.00141110065851364,0.00225776105362182,0.00310442144873001,0.00244590780809031,0.00206961429915334,0.00206961429915334,0.00141110065851364,0.000564440263405456,0.000376293508936971,0.000376293508936971,0.000282220131702728,0.000188146754468485,9.40733772342427e-05
28,"ATG","Antigua and Barbuda",0.00152561591588496,0.00192763632615194,0.00211318420781363,0.0024121224616019,0.00277291000927739,0.00231934852077105,0.00194825275744769,0.0019070198948562,0.00164931450365942,0.00127821874033605,0.00118544479950521,0.00106174621173075,0.00146376662199773,0.00291722502834759
32,"ARG","Argentina",0.00666414756044188,0.00752700149416373,0.00916608154559969,0.0109231798582304,0.0102905821483785,0.0105253665282947,0.0114599452271996,0.0117301626837165,0.0106262892116401,0.0102750146954252,0.00908380300814197,0.0077076779868779,0.00645791713970182,0.00541448381819229
51,"ARM","Armenia",0.000525874258543974,0.000526467126930157,0.000455322920588244,0.000288726904070931,0.000359871110412844,0.000394257476811435,0.000419157949031105,0.000506309601799948,0.000462437341222435,0.000364614057502305,0.000269755115713087,0.000184974936488974,9.07088630859392e-05,6.99584695695479e-05
533,"ABW","Aruba",0.016,0.016,0.008,0,0,0,0,0,0,0,0,0,0,0
36,"AUS","Australia",0.00570139705648397,0.00554767448524442,0.00583840336617639,0.00504344386900305,0.00541717812321466,0.00595446360061193,0.00564778322355802,0.00454355164427871,0.00480071109966376,0.00516894565189785,0.00503087716800376,0.00649350520602261,0.00695243055198219,0.00690971226597824
40,"AUT","Austria",0.00316160842285972,0.00342238476723906,0.00438098738507659,0.00495373853410942,0.0050135850721298,0.0047858830250884,0.00503989730867681,0.00409307079670646,0.00320590682110232,0.00292788032164409,0.00252330668452709,0.00248278032019508,0.00281669732210893,0.00367819306695567
31,"AZE","Azerbaijan",0.000562146790462694,0.000558057306256754,0.000456292064670474,0.00036663798784794,0.000332349235659673,0.000380793894714656,0.000321181798020375,0.000335337704887091,0.000285162879437287,0.000278556789566153,0.000195980666176977,0.000176476972271724,9.48445760069962e-05,8.32052748054742e-05
44,"BHS","Bahamas",0.00227232310458614,0.00265763006579857,0.0025937415611189,0.00369697089450493,0.00385043503461176,0.00316017572632009,0.00290001119695443,0.00274588841246946,0.00249757948191033,0.00254895374340532,0.00300012514243185,0.00465529846469995,0.00685121882142175,0.00641651353184875
48,"BHR","Bahrain",NA,NA,NA,NA,NA,NA,NA,NA,NA,NA,NA,NA,NA,NA
50,"BGD","Bangladesh",0.00189004877993542,0.00212414305692743,0.00212496660759406,0.00236420807625256,0.00250215281291451,0.00264514179740962,0.00236914938025239,0.00250894710591428,0.00266768649690885,0.00333033595205288,0.0041472982133583,0.00590043169496507,0.00827338999705066,0.00964655778983708
52,"BRB","Barbados",0.00162356050594676,0.00124598829526147,0.00203888993770059,0.00249197659052294,0.00271851991693411,0.00298282046441382,0.00354917878044176,0.00683405701340381,0.00649424202378705,0.0060411553709647,0.00547479705493676,0.00532376817066264,0.00143477440060412,0.00211440437983764
112,"BLR","Belarus",0.00330419370014989,0.00382831322005711,0.00398765850829878,0.00407013205833762,0.00400332607577763,0.00399341349467718,0.00406137922734384,0.00421330649131829,0.00404181665007276,0.00399945294806289,0.00395890545848423,0.00494893817219007,0.00580857558616615,0.00711027472948282
56,"BEL","Belgium",0.00301061824825432,0.00438432383927068,0.00522515622873409,0.00645607025621743,0.00654442109439699,0.00836541722126233,0.00792550847868161,0.00784453943377032,0.00694372997400225,0.00672688979674694,0.00499539791325932,0.00487982671240303,0.0045333437908738,0.00483715072007087
84,"BLZ","Belize",0.00468268624242369,0.00423187855960946,0.00409395083510838,0.00425164781921069,0.00493328731933411,0.00512378070520263,0.00765550293910611,0.00757116933456444,0.00850375273112893,0.00921407479865066,0.00950101474581075,0.00882737436806933,0.00938102791008072,0.00878520756579849
204,"BEN","Benin",0.0153849796662543,0.0130680573725367,0.0144721809496185,0.0109228028011437,0.0159615464301993,0.0147042283535882,0.0133545648815197,0.0112247012093695,0.012212086591567,0.0079736697231414,0.00805062421935583,0.00966311689387975,0.00891606632293658,0.0095281505466729
60,"BMU","Bermuda",0,0,0,0,0,0.000328407224958949,0.000328407224958949,0.000328407224958949,0.000656814449917898,0.000985221674876847,0.000656814449917898,0.000656814449917898,0.000656814449917898,0.000328407224958949
64,"BTN","Bhutan",0.000220243827595324,0.00024571892857901,0.000267102573950165,0.000285398328292995,0.000297981484233421,0.000575968874058435,0.000612328790916969,0.000632940463531042,0.000609626886267184,0.000612637580019801,0.000332411469199252,0.000400808255476664,0.000494294156359222,0.000553813255930198
68,"BOL","Bolivia",0.00290504415739538,0.00314066136145938,0.00317533117485119,0.00381388700258184,0.00388205579138975,0.00450462565406053,0.00485758374445724,0.00511658363603083,0.00452763974442961,0.0046260737656731,0.00374154903939481,0.00417642861863157,0.00476414591806776,0.00514224295293763
70,"BIH","Bosnia and Herzegovina",0.000541802060845881,0.000469241296839626,0.00061894481926661,0.000712763032769523,0.000499963193815359,0.000524675917788504,0.000557651254640208,0.000539022818332184,0.000616090462090381,0.0006530468760563,0.000628634610733284,0.000729288258526641,0.000647338161703841,0.000654624283969479
72,"BWA","Botswana",0.00253351008985123,0.00163990769381843,0.00174792556586635,0.00191486227721314,0.00182648401826484,0.00165954730691805,0.00148279078902146,0.00130603427112486,0.00118819659252713,0.000942701428781853,0.000638287425737713,0.000432071488191683,0.00030441400304414,0.00020621593754603
76,"BRA","Brazil",0.00648298089221718,0.00653321944661186,0.00619265220215163,0.00588345699076701,0.00510196268390518,0.00479516174406015,0.00442808369147325,0.00454253494726002,0.00435055674831375,0.00468797021492363,0.00450850060421515,0.0058393240979904,0.00645651738498985,0.0068430680257038
92,"VGB","British Virgin Islands",0.000428552296772466,0.000401767778224186,0.000482121333869024,0.000616043926610419,0.000669612963706977,0.000669612963706977,0.000991027186286326,0.000857104593544931,0.000723182000803536,0.00058925940806214,0.000482121333869024,0.000160707111289675,0.00626757734029731,0.00637471541449042
96,"BRN","Brunei Darussalam",0.0021202011183685,0.00203148348291904,0.0022107983647385,0.00239988722334477,0.00276941873032282,0.00265175508669705,0.00326450824679291,0.00337051830271134,0.00321526244067478,0.00323293078332785,0.00353629998590292,0.00351600018796109,0.00317729430007988,0.00314609275879893
100,"BGR","Bulgaria",0.00158382273276084,0.00143730974429296,0.00167435851834168,0.00173486010392122,0.00163445731353226,0.00148938827698752,0.00140020017986828,0.00142142627313843,0.00128843830101729,0.00131722107601853,0.00149728188083402,0.00169332242026558,0.00158233064910693,0.00187521223085037
854,"BFA","Burkina Faso",0.133333333333333,0.0484848484848485,0.0454545454545455,0.0484848484848485,0.0439393939393939,0.0287878787878788,0.0484848484848485,0.0454545454545455,0.0393939393939394,0.0333333333333333,0.0227272727272727,0,0,0
108,"BDI","Burundi",0.00197750121794588,0.00157668630143053,0.00190442446521104,0.00215281160960775,0.00225172357795592,0.00259311749856061,0.00282452721555428,0.00245323825973988,0.00223363892702659,0.00266656332580421,0.00250158702038768,0.00273188951385506,0.00306885454035461,0.00361582296233964
132,"CPV","Cabo Verde",NA,NA,NA,NA,NA,NA,NA,NA,NA,NA,NA,NA,NA,NA
116,"KHM","Cambodia",0.00644631827746675,0.00762736758520521,0.00814599469890116,0.00875079920757564,0.00969945265463746,0.0136297986710336,0.0161624401995692,0.0188375179007775,0.0212567812323979,0.0221814952559401,0.0197950042477189,0.019574521477649,0.0178220514930885,0.0160763307499743
120,"CMR","Cameroon",0.000899538788847159,0.000879157660476378,0.000988144934656064,0.00105042519168439,0.00113351846138676,0.00134233452202078,0.00128927626511536,0.00132324904655983,0.00163762906314609,0.00256460520773079,0.00269786056901075,0.00326333049803405,0.00412795652195314,0.00435813815311982
124,"CAN","Canada",0.00521877243491479,0.005720069284411,0.00562490105970649,0.00578829600502718,0.0052352393706659,0.00484493784541113,0.00472754368082452,0.00493200578190051,0.00534260560893624,0.00586545843528312,0.00616603034365383,0.00612954485513917,0.00613639607594667,0.00581860501780026
136,"CYM","Cayman Islands",0.00135014836795252,0.00129080118694362,0.0014540059347181,0.00185459940652819,0.00160237388724036,0.00206231454005935,0.00238872403560831,0.00225519287833828,0.00204747774480712,0.00170623145400593,0.00111275964391691,0.00155786350148368,0.00252225519287834,0.00286350148367953
140,"CAF","Central African Republic",0.000524014234226428,0.000637029836870498,0.000649298452738628,0.000726331775763918,0.000869326951162567,0.000951025744374389,0.000913871790714224,0.000998856365476887,0.00105121236530445,0.00109203841333345,0.00100181951214677,0.00101037782688384,0.00103844706152747,0.00102456527125453
148,"TCD","Chad",0.00193067134708205,0.00295646238603676,0.00248939593388913,0.00405440982887231,0.00435229876651553,0.00424601433377212,0.00323923748232656,0.00396567695382965,0.00371995514601921,0.00466530154551216,0.00580566525279119,0.00690117497927941,0.00898834771585978,0.010958022524499
152,"CHL","Chile",0.00442127334918899,0.00462056217623855,0.00507231667536541,0.0054893487256053,0.00551841362239073,0.00535828210191945,0.00543541546793396,0.00598728584326073,0.00577164606892867,0.00609092473725282,0.00624232124596291,0.00639354160378339,0.0068089882960168,0.0065460157414652
156,"CHN","China",0.00199840163278693,0.00242239381921296,0.00291871972508816,0.00350417053667024,0.00362476848043871,0.00392498030464204,0.00395367240991087,0.00389478170730402,0.00353020817099075,0.00344673844252158,0.00327790574127136,0.00342558493652318,0.00347370673779437,0.00363113577291696
170,"COL","Colombia",0.00239011591983149,0.00229200365787656,0.00250415522766848,0.00277175497634473,0.00273288049067795,0.00275322914022759,0.00275287531432703,0.00265205445409892,0.00242461272504593,0.00233663452491851,0.00219911093799942,0.00244622538712305,0.00292827291367686,0.00345024176252736
174,"COM","Comoros",0.00034567937866728,0.000310072919062067,0.000363482608469887,0.000373867825854741,0.000480687204670381,0.000489588819571684,0.000651301490278695,0.000725481614456223,0.00324167142655797,0.00526085440667028,0.00576082844362681,0.00576379564859392,0.00603084409563302,0.00378912074298812
184,"COK","Cook Islands",NA,NA,NA,NA,NA,NA,NA,NA,NA,NA,NA,NA,NA,NA
188,"CRI","Costa Rica",0.0032371481092089,0.00296113434725242,0.0028662418759151,0.00356162736001704,0.00421033104833757,0.00403583490340792,0.00405825847343393,0.00400316783889276,0.00328352412903541,0.0026943448266021,0.00219113953015486,0.00235860282812181,0.00295741407313447,0.00319026246279089
384,"CIV","Cote d'Ivoire",0.00627877825986579,0.00594317729251928,0.00522108642366395,0.00577612240965014,0.0065938919979099,0.00695912891793911,0.0073206579853208,0.00739108031712619,0.00803870514531054,0.0112376818854538,0.0120435621635938,0.0133405582722965,0.0168521499802214,0.0188555457552711
191,"HRV","Croatia",0.0013905992970597,0.00129286428152914,0.00136665585261952,0.0015442295890308,0.00122928749049004,0.00129049445255725,0.00134892299445051,0.00149405458941896,0.00142091676425187,0.00155681419805396,0.00148759884842656,0.00169091383056703,0.00176070120787731,0.00219511537389772
192,"CUB","Cuba",0.00375264437380359,0.00342097188734067,0.00306435564234526,0.00358862177038575,0.00330365672021873,0.00309377138945927,0.0032941661666735,0.00341709616390335,0.00286883036380869,0.00235137159616452,0.00225711201461843,0.00513225285120328,0.00844351195201059,0.00888579162272317
531,"CUW","Curacao",0.000190041809198024,0.000266058532877233,0.000380083618396047,0.000532117065754466,0.000684150513112885,0.00072215887495249,0.000684150513112885,0.000798175598631699,0.000836183960471304,0.00072215887495249,0.000684150513112885,0.000684150513112885,0.000456100342075257,0.000266058532877233
196,"CYP","Cyprus",0.000569433013768712,0.000524946059568032,0.00218653379896345,0.0023400137909558,0.00227328335965478,0.00233556509553573,0.00247125030584781,0.000860822563783171,0.000682874746980448,0.000627266054229597,0.000531619102698134,0.00153479991992348,0.00238672509286652,0.00242676335164713
203,"CZE","Czech Republic",0.00345284286350208,0.00378720407915503,0.00473246732224515,0.00557309700133544,0.00557652867144187,0.00491920197482902,0.00577919145319898,0.00530354902674922,0.00470540245234916,0.00473272631621545,0.00425248674679293,0.00431445105418639,0.00512581441463316,0.0071724495164097
180,"COD","Dem. Rep. Congo",0.00213762241389192,0.00213526899599186,0.00208347575296951,0.00221402075637377,0.00245008250975865,0.00277665709661862,0.00275292838712274,0.00292168058364403,0.00343926506499181,0.00414445214895507,0.00426222231467434,0.00521732192383901,0.0060572634906886,0.00651207779430936
208,"DNK","Denmark",0.00559311828731961,0.00585798434527483,0.00681504571341913,0.00816520194535411,0.00944178427230153,0.00804868490398605,0.00742315656076529,0.00744297646986398,0.00622375175864156,0.0058225487502196,0.00526819189876231,0.00572765342786829,0.00570272839066843,0.00604807529163044
262,"DJI","Djibouti",NA,NA,NA,NA,NA,NA,NA,NA,NA,NA,NA,NA,NA,NA
212,"DMA","Dominica",0.000535448964144543,0.000543859157298646,0.000627961088839674,0.000815788735947969,0.000804575145075832,0.000913907656079168,0.000969975610439853,0.00126152897311542,0.00105968433741695,0.000885873678898825,0.000633567884275742,0.00052703877099044,0.0657172493061591,0.0678590451627372
214,"DOM","Dominican Republic",0.00596732806742262,0.00613470999689733,0.00657186584871564,0.00741897605688822,0.00699727560021993,0.00614475600374484,0.00610959497977855,0.00625201644608598,0.00555891925058334,0.00553782263620357,0.00561463595009917,0.0065412641663186,0.00725198051229226,0.00735104959520388
218,"ECU","Ecuador",0.00174666259033443,0.00164798991238803,0.00197081194468774,0.00237036658110597,0.0025848929121559,0.00251525702565872,0.00259940082528432,0.00274288660194747,0.00270578869402733,0.00242453015562515,0.00238569213673729,0.00238981179704038,0.00235677065384617,0.00225520477935105
818,"EGY","Egypt",0.000503752375430798,0.000367185235288434,0.000405836312687216,0.000432892066866364,0.000380068927754694,0.00043418043611299,0.000512770960157181,0.000985602473668954,0.00100879312010822,0.00107707669017941,0.000995909427641962,0.000916030534351145,0.000423873482139981,0.000382645666247947
222,"SLV","El Salvador",0.00617388711326898,0.00518723394887415,0.00484600805733396,0.00430885246032874,0.00425561721859871,0.00364941591333463,0.00337363334527457,0.00328257306336795,0.0030244021542261,0.00262833996105422,0.00252807358471308,0.00303200718875896,0.00348050409371004,0.00361219127062115
226,"GNQ","Equatorial Guinea",0.000796042561331393,0.000620313403707675,0.000632038702505493,0.000846927351627054,0.00124325748342768,0.00161794090975541,0.00210393951249064,0.00224013336775761,0.00242623490508709,0.00344701236004334,0.00351330539555408,0.00365228025117695,0.00417894158884563,0.00421937883726375
232,"ERI","Eritrea",0.12,0,0,0,0,0,0,0,0,0,0,0,0,0
233,"EST","Estonia",0.0058483259536631,0.00621675762072609,0.00578466312883971,0.00674261556382988,0.00679807596796089,0.00730346548511675,0.00771509155105518,0.00782706588124099,0.00773503321604123,0.00809202664507448,0.00838701278373603,0.00907842417200702,0.0106827123072431,0.0124203462174048
748,"SWZ","Eswatini",0.0111536878376257,0.0122973185149351,0.0134324621371254,0.0129329989433616,0.0151769763168727,0.0160812720398213,0.0131897323607168,0.0119421352581974,0.0113204584707175,0.00891098352238249,0.00744696651432403,0.00837629904987418,0.00958909922640493,0.00907563239169457
231,"ETH","Ethiopia",0.00113296916882072,0.0011350435656525,0.00134319684134084,0.00151060896325297,0.00177452202577961,0.00184604722853945,0.00190248741753858,0.00216923825493109,0.00228288201096344,0.00234013536352062,0.00217567718269694,0.00224399951674851,0.0021402464848101,0.001941585649024
234,"FRO","Faeroe Islands",NA,NA,NA,NA,NA,NA,NA,NA,NA,NA,NA,NA,NA,NA
238,"FLK","Falkland Islands",0,0,0,0,0,0,0,0,0,0,0,0,0,0
242,"FJI","Fiji",0.000914093762831423,0.00101363838143269,0.00119889130099179,0.0013030480254742,0.00126487003790254,0.00135198759343518,0.00118274893040781,0.00106385908991621,0.00110408690232392,0.0013477598297108,0.00128306223332259,0.00228645149057497,0.00252615288234198,0.00235512062258305
246,"FIN","Finland",0.00702760066975729,0.00731684386554534,0.00740448351900974,0.00842615767847409,0.00870090360317245,0.00812019965578914,0.00790817360117157,0.00798593589147799,0.00750940162813871,0.00760473804821733,0.00765230462028214,0.00840187544238506,0.0100280645547127,0.0111496765625557
250,"FRA","France",0.00258767380494791,0.00283341684027006,0.00301656685996128,0.00373824291052287,0.00362994271370591,0.00478339157399241,0.0048906445872779,0.00510567420561461,0.00443134751041338,0.00416110276041744,0.00289935370331398,0.00286025091826393,0.00288345555333624,0.0033464177725609
258,"PYF","French Polynesia",NA,NA,NA,NA,NA,NA,NA,NA,NA,NA,NA,NA,NA,NA
266,"GAB","Gabon",0.000595004170871694,0.000629120473070759,0.000650572635577809,0.000654804804944533,0.000721799317730601,0.000664944208800185,0.000655694936168892,0.000663495722535092,0.000882807872013048,0.00112977882626245,0.00124963904167339,0.00136318741749343,0.0015347157044274,0.00139169589297904
270,"GMB","Gambia",0.00510359869138495,0.00519083969465649,0.00567066521264995,0.0183206106870229,0.0159651035986914,0.016793893129771,0.0178844056706652,0.0174918211559433,0.00497273718647764,0.00536532170119956,0.0047546346782988,0.00362050163576881,0.00218102508178844,0.00191930207197383
268,"GEO","Georgia",0.00025517885842206,0.000246865396483913,0.000275423090164572,0.000304488476177331,0.000207963471536705,0.000225161549286613,0.000225478856994176,0.000192415393866125,0.000160621161568325,0.000138980775912537,8.94807735327295e-05,8.87192350345786e-05,7.19019265337465e-05,7.50115420678626e-05
276,"DEU","Germany",0.00194297214676018,0.00238023621698175,0.00362390999786921,0.00450601744575432,0.00424763774279008,0.00482097977723192,0.00468693567328958,0.00361405848714799,0.00287627567132881,0.00275464129298854,0.00175301277470818,0.00163482642512034,0.00174638683927149,0.00233253583765092
288,"GHA","Ghana",0.00592205437719807,0.00544770253756433,0.00434871285879025,0.00471904923092811,0.0053123619485832,0.00468428178840053,0.00494609898967877,0.00484406285678223,0.00609141657248094,0.00845046786880167,0.00954001985071801,0.0119267244594122,0.0141891899644867,0.0162072506755555
300,"GRC","Greece",0.00170456044872376,0.00141732022116246,0.00364548603261066,0.00465994081621604,0.0046461746147436,0.00484287350139526,0.00478024544647519,0.00299401279059676,0.00216162010235416,0.00201160659460904,0.00179624443876747,0.00178726648128545,0.00155101016984935,0.00161750146707987
304,"GRL","Greenland",NA,NA,NA,NA,NA,NA,NA,NA,NA,NA,NA,NA,NA,NA
308,"GRD","Grenada",0.00597305858192071,0.00597305858192071,0.00598002018865954,0.00592432733474886,0.00213721326882244,0.002916913223572,0.00297260607748268,0.00277768108879529,0.00250617842598072,0.00243656235859236,0.00137143652755056,0.00149674544884959,0.00140624456124474,0.00199798113404574
320,"GTM","Guatemala",0.00945679401143264,0.00943718882924171,0.0112777968851328,0.0107344976618813,0.011525593956735,0.0104589891702735,0.0101479479046023,0.00904612112635786,0.00847438532444634,0.00782290796907924,0.0076800258156481,0.0112582176014652,0.011146076995274,0.0115624216569668
831,"GGY","Guernsey",0,0,0,0,0,0,0,0,0,0,0,0,0,0
324,"GIN","Guinea",0.00216821913703116,0.00208820852117955,0.00220827341106213,0.0025085580510315,0.00266155264664247,0.00269742031868121,0.00299959015369971,0.00277077154422937,0.00582779893929623,0.00850727318043177,0.0120807705698039,0.0166988129147123,0.0217756186989804,0.0226748077713126
624,"GNB","Guinea-Bissau",0.00316515160986642,0.00310002733726629,0.00309498906975855,0.0035116724528992,0.00433738851666873,0.00451801973694646,0.00494067440009629,0.00446726385686842,0.00772907556188345,0.00864529383829214,0.0100978077005254,0.0123101669439269,0.0147262961176417,0.0135464085083276
328,"GUY","Guyana",0.00033911242818188,0.000295846758570729,0.000300231153279806,0.000321722047249476,0.00036598655977996,0.000411102717325877,0.000436746695012777,0.000519650657317497,0.000494963466005958,0.000535968596378616,0.000567237636821766,0.000758552855350197,0.000825054765505853,0.000874134752321127
332,"HTI","Haiti",0.00234673973620658,0.00204300575887052,0.00203232398290916,0.00229333085639978,0.0023126044956344,0.00232282184655397,0.00264884822589634,0.00316180568456251,0.00339146386773175,0.00371470369682333,0.00394830949284785,0.00738342931450864,0.00766974735277726,0.00789151031023593
336,"VAT","Holy See",0,0,0,0,0,0,0,0,0,0,0,0,0,0
340,"HND","Honduras",0.00450587833485056,0.00448639498590739,0.00476804133661436,0.00501774734909348,0.00566396653702647,0.00580886911899488,0.00609110743406868,0.00582997393555155,0.00583887913863522,0.00599348478870347,0.00610135099137302,0.00961200853767042,0.0117077168217485,0.0125492327755742
344,"HKG","Hong Kong",0.000162975745374365,0.000210909788131531,0.000252452625187742,0.000319560285047774,0.00042501517911354,0.000440993193365929,0.000418623973412584,0.000373885533505896,0.000300386667944908,0.000223692199533442,0.000258843830888697,0.000351516313552552,0.000600773335889816,0.00109289617486339
348,"HUN","Hungary",0.0043629844606444,0.0044105038960935,0.00457647177695678,0.00489360148300655,0.00469882181812361,0.00478335639276464,0.00480656588544715,0.00506267063228861,0.00506697239170821,0.00557508020780499,0.00552205852193547,0.0061032962481655,0.00632358634681585,0.00681088565223176
352,"ISL","Iceland",NA,NA,NA,NA,NA,NA,NA,NA,NA,NA,NA,NA,NA,NA
356,"IND","India",0.0015431401195473,0.00156912810464296,0.00167682935061333,0.00187361903470502,0.00189996189234602,0.00184244682459918,0.00195091953262463,0.00205997855181194,0.00203373855577829,0.00234181935593667,0.00267606814900358,0.00312296583135413,0.0036089663537368,0.0038737629895245
360,"IDN","Indonesia",0.00574691846230929,0.0066046160622426,0.0072676215155425,0.00832765685361814,0.00914305813116428,0.00926346656117433,0.00940065699616012,0.0104861457256456,0.0101656525761652,0.0101019277086382,0.0106829789860501,0.0117762475929256,0.0105819015059813,0.0106805705439046
364,"IRN","Iran",0.000190132481638206,0.000168109859447244,0.000118876039156453,0.000123949313378455,0.000114033368308178,0.000117261815540361,0.000128330777479275,0.000160269344740514,0.000125909442055137,0.000112995653126405,9.03965225011242e-05,6.37618328356144e-05,2.92866284633744e-05,2.91713267765107e-05
368,"IRQ","Iraq",0.000512849735027637,0.000421676448800501,0.000433073109578893,0.000433073109578893,0.000547039717362813,0.000638213003589948,0.000615419682033164,0.000615419682033164,0.000444469770357285,0.00029631318023819,0.000170949911675879,0.000136759929340703,4.55866431135677e-05,2.27933215567839e-05
372,"IRL","Ireland",0.00762181593840094,0.00659674682928565,0.00811465587813067,0.00922182542978158,0.00930890884715318,0.00830139879222181,0.00779337264346815,0.00640217352616655,0.0058915372477369,0.00553157663696655,0.00568082859752987,0.00717239906509901,0.00724358441989868,0.00809923238459074
833,"IMN","Isle of Man",0.000731725528261032,0.00089599044276861,0.00116478757559919,0.00113492122750691,0.0017173150153065,0.0022997088031061,0.0020607780183678,0.00204584484432166,0.00228477562905996,0.00223997610692153,0.00167251549316807,0.00176211453744493,0.00158291644889121,0.00150825057866049
376,"ISR","Israel",0.00335377214675294,0.00324536739049426,0.00280497306819337,0.00304210847250923,0.00321826620142959,0.00288627663538738,0.00921440428198787,0.00921440428198787,0.00908567363393069,0.00928215725464955,0.00903147125580135,0.00224939869236763,0.00260171415020834,0.0025678376638775
380,"ITA","Italy",0.00112728524831409,0.0011066940958245,0.00112068579465457,0.00136820816048157,0.00131607676193092,0.00142158231329278,0.00147626350075733,0.00168892446689592,0.00169702379638714,0.00180529340463886,0.00176918925068989,0.00205395139073844,0.00232420758881461,0.00282437332509402
388,"JAM","Jamaica",0.00401030494107381,0.00441388050631333,0.00431597317806668,0.00457593401513538,0.00448166250279179,0.00312030914823221,0.00301279287795605,0.00335897449215443,0.00317614489245776,0.00299357499389702,0.00313563151525225,0.00303356896883067,0.00292890941104976,0.00316445834134078
392,"JPN","Japan",0.00108742331155234,0.00120074499801842,0.0013483665689403,0.00150793461226999,0.00153489907589168,0.0015302201037547,0.001507368607576,0.00150779122441418,0.00137451598580264,0.00127794049154942,0.00124294630800232,0.00138716430403101,0.00140186533261624,0.00160861552723696
832,"JEY","Jersey",0.000502828409805154,0.000125707102451288,0.000125707102451288,0.000377121307353866,0.000377121307353866,0.00125707102451289,0.00163419233186675,0.00251414204902577,0.00226272784412319,0.0021370207416719,0.00125707102451289,0.000879949717159019,0.000125707102451288,0.000125707102451288
400,"JOR","Jordan",0.000350416119141481,0.000350416119141481,0.000350416119141481,0.000350416119141481,8.76040297853701e-05,8.76040297853701e-05,0,0,0,8.76040297853701e-05,8.76040297853701e-05,8.76040297853701e-05,8.76040297853701e-05,8.76040297853701e-05
398,"KAZ","Kazakhstan",0.000919741302446379,0.00085398830105266,0.000931893361443212,0.000991476131330787,0.00103504455990471,0.00103203009565743,0.00111304382230298,0.00107253695898021,0.00098973339418783,0.000714522228612258,0.000576610489299358,0.000408554107513693,0.000277895922795803,0.000196646691130928
404,"KEN","Kenya",0.00498044152488585,0.00507863152192995,0.00542757812511722,0.00576818217965588,0.00581001495957015,0.00640827772884616,0.00620547577284861,0.00571116476083443,0.00537062072463138,0.00522981770931019,0.00480272723316973,0.0049077593204724,0.0051633173934637,0.00530394035377808
296,"KIR","Kiribati",NA,NA,NA,NA,NA,NA,NA,NA,NA,NA,NA,NA,NA,NA
689,"XKX","Kosovo",NA,NA,NA,NA,NA,NA,NA,NA,NA,NA,NA,NA,NA,NA
414,"KWT","Kuwait",NA,NA,NA,NA,NA,NA,NA,NA,NA,NA,NA,NA,NA,NA
417,"KGZ","Kyrgyzstan",0.000380104884081332,0.000238305632153794,0.000178211168393272,0.000176138945504979,0.000179099263916827,0.000231792931647728,0.000231792931647728,0.000225280231141662,0.000201597683846875,0.000145943697704125,6.83833553136975e-05,3.90762030363986e-05,3.04912796420383e-05,2.84190567537444e-05
418,"LAO","Laos",0.00326156245835864,0.00416257579183667,0.00496799595881219,0.00490054543722369,0.00575080392277374,0.00678359829541346,0.00687005058058683,0.00702209599365397,0.00832820897891243,0.00935511812658681,0.0105871440599767,0.0132746257795184,0.0153814006647591,0.0163120175145965
428,"LVA","Latvia",0.00825839903601734,0.00904520213581707,0.00943663752060962,0.00988570963111934,0.0101274355870267,0.0105661151105406,0.010895532030234,0.0107913252795465,0.0107050387194086,0.0105518463694761,0.00955685447288518,0.00956859528738312,0.0102889981827017,0.0113664566615078
422,"LBN","Lebanon",0.00266203703703704,0.00219907407407407,0.00278691520467836,0.0037432992202729,0.00444688109161793,0.00387426900584795,0.00385294834307992,0.00354836744639376,0.00283564814814815,0.00227826510721248,0.00246101364522417,0.00285087719298246,0.00320114522417154,0.00348745126705653
426,"LSO","Lesotho",0.00029585798816568,0.000328731097961867,0.000328731097961867,0.000460223537146614,0.000493096646942801,0.000493096646942801,0.000525969756738987,0.000525969756738987,0.000624589086127548,0.000920447074293228,0.000887573964497041,0.00131492439184747,0.0014792899408284,0.0014792899408284
430,"LBR","Liberia",0.00267098607537211,0.00282086394341047,0.00255034800139628,0.00286090651229757,0.00432910568441799,0.00452168428444004,0.00448385330724931,0.00507681506553276,0.00762088980202108,0.00951607502867361,0.0130465196617413,0.0159050019292948,0.0187012406497784,0.0197541709502965
434,"LBY","Libya",0.00333528379169105,0.00330602691632534,0.00222352252779403,0.00166764189584552,0.00149210064365126,0.00114101813926273,0.000994733762434172,0.00102399063779988,0.00324751316559391,0.0032182562902282,0.00295494441193681,0.00269163253364541,0.00283791691047396,0.000497366881217086
438,"LIE","Liechtenstein",0.000342612419700214,0.000535331905781585,0.000706638115631692,0.000920770877944325,0.000813704496788009,0.000770877944325482,0.000556745182012848,0.000449678800856531,0.000256959314775161,0.000235546038543897,0.000214132762312634,0.000299785867237687,0.000299785867237687,0.000428265524625268
440,"LTU","Lithuania",0.00519791495873641,0.00601012119473138,0.00649645433677652,0.00703453776575395,0.00714563862928349,0.00725477537301197,0.00762163879324479,0.00775622369787397,0.00764674536809313,0.00778081789364377,0.00727808862108542,0.00760285156036509,0.00830446931190906,0.00880335574137837
442,"LUX","Luxembourg",0.00127010260782642,0.0018561530395241,0.00266956751830183,0.00440615842962005,0.00421407501053519,0.00581542351453856,0.00598006644518272,0.00586442438675408,0.00461000205803663,0.00502944952420153,0.00393967012612825,0.00407883260322034,0.00402003155656171,0.00423171532453278
446,"MAC","Macao",0.000961538461538462,0.00240384615384615,0.00432692307692308,0.00576923076923077,0.00673076923076923,0.00721153846153846,0.00528846153846154,0.00336538461538462,0.00192307692307692,0.00144230769230769,0.00144230769230769,0.00144230769230769,0.00288461538461538,0.00336538461538462
450,"MDG","Madagascar",0.00508651101343105,0.00490054881058978,0.00605797728127363,0.00651569542093578,0.007153371717645,0.00731173862651565,0.00837675142533424,0.00767564209335079,0.0097270088619133,0.0129945737998947,0.0152644062269766,0.017846122601799,0.0223007515141708,0.0230853112535229
454,"MWI","Malawi",0.00380298990618567,0.00420789486090231,0.00464213316292055,0.00498509761195124,0.00476378798275618,0.00404787097517665,0.00439568066460984,0.00501220476771656,0.00512482386896375,0.00703751525595965,0.00793349187309137,0.00863055172883416,0.00904134954349978,0.00968642127924823
458,"MYS","Malaysia",0.010571139324463,0.0105791144385776,0.0112079063720245,0.0124563273418507,0.0142968072088787,0.014672832142547,0.0155522394917945,0.0170674093635917,0.0168335315064349,0.0169909432907282,0.0171502555277467,0.0178418913604163,0.0168572803781684,0.0175682601046478
462,"MDV","Maldives",0.000645045690736427,0.000609209819028848,0.000645045690736427,0.000824225049274324,0.000931732664397061,0.000895896792689482,0.00114674789464254,0.00100340440781222,0.000895896792689482,0.000824225049274324,0.000716717434151586,0.000322522845368214,0.000250851101953055,0.000107507615122738
466,"MLI","Mali",0.00629175946547884,0.00434298440979955,0.00394527521476297,0.00451002227171492,0.00452593063951639,0.0043032134902959,0.00479637289214127,0.00442252624880687,0.00684855233853007,0.00776328348711422,0.00896436525612472,0.00928253261215399,0.0113188036907413,0.0104358892777601
470,"MLT","Malta",0.00298507462686567,0.00298507462686567,0.00298507462686567,0.00298507462686567,0,0,0.00149253731343284,0.00149253731343284,0.00149253731343284,0.00149253731343284,0.00149253731343284,0,0,0
584,"MHL","Marshall Islands",NA,NA,NA,NA,NA,NA,NA,NA,NA,NA,NA,NA,NA,NA
478,"MRT","Mauritania",0.2,0.00606060606060606,0.00606060606060606,0,0,0,0,0,0,0,0,0,0,0
480,"MUS","Mauritius",0.0026045579764588,0.00256560091270835,0.00249881737485043,0.00269360269360269,0.00245151236886774,0.00203133260984501,0.00299134596655258,0.0030581295044105,0.00314439157414364,0.00395135932326015,0.00388457578540223,0.0025266438489579,0.00209533350029218,0.00148315106992793
484,"MEX","Mexico",0.00318233999063831,0.00326040409100162,0.00348531349931101,0.00360489922114128,0.00402379632417708,0.00387315756247145,0.0039021544078263,0.00373716355845474,0.00386749927536028,0.00345191909925172,0.0035679102328509,0.00389664620790641,0.00436308718095919,0.00454411484671877
583,"FSM","Micronesia",0,0,0,0,0,0.00249150622876557,0.00249150622876557,0.00249150622876557,0.00249150622876557,0.00249150622876557,0,0,0,0
498,"MDA","Moldova",0.000474692833480102,0.000487552592219846,0.00049146643183629,0.000512712989754127,0.000470778993863659,0.000508799150137683,0.000521658908877427,0.00138494010427587,0.00140227282257726,0.00150235529276918,0.00168183279518039,0.00204470163961924,0.00166617743671461,0.00205532491857816
492,"MCO","Monaco",NA,NA,NA,NA,NA,NA,NA,NA,NA,NA,NA,NA,NA,NA
496,"MNG","Mongolia",0.00679511401224232,0.00641310315318924,0.00784819598656588,0.0087078058968683,0.0100993785057959,0.0101626318062017,0.00968810994253963,0.0090313013475151,0.00632322973794084,0.00235116669369382,0.00227218554561955,0.00230163862681237,0.00184128159490144,0.00226139096694026
499,"MNE","Montenegro",0.000757474029577403,0.000534858851299209,0.000818628489889291,0.00121726497192234,0.00110272169705245,0.00111501730282945,0.00121855924621465,0.00128553794084196,0.00159939945672837,0.00188381623246461,0.00187443274384532,0.00207763380773879,0.00208022235632342,0.00183851663223358
504,"MAR","Morocco",0.00332991440355076,0.00343741048410198,0.00300249797482312,0.00342385796964853,0.00334870311677031,0.00318330083809981,0.00354459855296107,0.0032917209537274,0.00249828283481641,0.00264920856395709,0.00263781213134851,0.00222138032359708,0.00242990423916492,0.00281337879585909
508,"MOZ","Mozambique",0.00349619400777137,0.00426550857743696,0.00448549734339466,0.00535107211440439,0.00611030458545109,0.00641447438319445,0.00626302177494897,0.00627328354084962,0.00598191849207185,0.00586456811596086,0.0057750247068426,0.00646910014713023,0.00798451765571375,0.00805209328449654
104,"MMR","Myanmar",0.00178288167675053,0.00216851941792155,0.00254393825544481,0.00273994820246594,0.00327236613585865,0.00363652646411668,0.00367508977204293,0.00404180016430431,0.00464340548320636,0.0051804620156545,0.0057560352369429,0.00681422788397554,0.00735838450321909,0.0075006239964659
516,"NAM","Namibia",0.0445886322346224,0.0237217752400727,0.0222164547106151,0.0130807163249416,0.0144822216454711,0.012457825071373,0.0152089281079678,0.0123540098624448,0.0107448741240592,0.00648845055800675,0.00524266805086945,0.00160913573838567,0.000467168440176486,0.00077861406696081
520,"NRU","Nauru",NA,NA,NA,NA,NA,NA,NA,NA,NA,NA,NA,NA,NA,NA
524,"NPL","Nepal",0.000433187388779874,0.00050028729446056,0.000552131941723364,0.000579390068439581,0.000697482804923189,0.000681646762555387,0.000664765309077731,0.000726018656329229,0.000642385767540837,0.000473222762394317,0.000404767694163818,0.000334183084783615,0.000231384325647884,0.000263792070053386
528,"NLD","Netherlands",0.00152198044696473,0.0017757553062016,0.00205092883604606,0.00233613299273783,0.00242707734282008,0.00308274598440572,0.00297742440250899,0.00274137031736903,0.00252437442323896,0.00229266694306616,0.00144741945406642,0.00153234542804028,0.00166876195316366,0.00192788648005243
540,"NCL","New Caledonia",0.000721394085759739,0.000920857888273952,0.000968784607489173,0.000918780140331096,0.000844258247447313,0.000715991941108312,0.000517774787359813,0.000499490605462676,0.000743833763542588,0.000892600516251106,0.000883319908773014,0.000968784607489173,0.00101310989693678,0.00112253795526055
554,"NZL","New Zealand",0.00482355624730454,0.00502016232599896,0.00501013683552402,0.00530424746317384,0.00528581120723851,0.0053488564597296,0.00531885096522849,0.00544206690480016,0.00572897337469277,0.00607938644708063,0.0062204708271979,0.00658417432855165,0.00667717184285106,0.00670707087196659
558,"NIC","Nicaragua",0.00672163557079096,0.0065875189711997,0.00746937345969254,0.00764546724637607,0.00923967665249894,0.0122565175612691,0.0123696968841689,0.0109621525367846,0.0107102380973763,0.0105158241935877,0.00596627712897593,0.00851554451672994,0.013090775667087,0.0137935856497548
562,"NER","Niger",0.1,0.1,0,0,0,0,0,0,0,0,0,0,0,0
566,"NGA","Nigeria",0.00232873183543523,0.00198499879137746,0.0018305769197947,0.00211110039426101,0.00232301618204674,0.00271112492394013,0.00326266562991065,0.00346981837320597,0.00378745390266004,0.00465014048996645,0.00481194508050934,0.00517633783004425,0.0078847240034024,0.00940486949853477
570,"NIU","Niue",NA,NA,NA,NA,NA,NA,NA,NA,NA,NA,NA,NA,NA,NA
408,"PRK","North Korea",0.00202012330268777,0.002044846030956,0.00234992603335918,0.00279040520129349,0.00285770169609817,0.00295382857743924,0.00267823158017583,0.00280856335419857,0.0022792512775489,0.0021957544856492,0.00188268950268735,0.00211663407732494,0.00180310842240777,0.00190556954313435
807,"MKD","North Macedonia",0.0018817886040024,0.00187618121550341,0.00263623723841214,0.00342076186568011,0.00395958092417409,0.00419534612242713,0.00422593187787618,0.00399144108610018,0.00327318559563847,0.00263394330675346,0.00226334590322922,0.0020928303166008,0.00163200493450188,0.00173268304618831
578,"NOR","Norway",0.00208690256335495,0.00239687442070367,0.00248560286663224,0.00280923571029398,0.0026315239492892,0.00289070888115333,0.00275661372694645,0.00272434729285637,0.00271167180058086,0.00298108548090325,0.0029214121178046,0.00338642937329546,0.00386266087128208,0.00430807019368186
512,"OMN","Oman",NA,NA,NA,NA,NA,NA,NA,NA,NA,NA,NA,NA,NA,NA
586,"PAK","Pakistan",0.000673836559921427,0.000903961954779441,0.00106670369364531,0.0011516479387748,0.00110100810033222,0.00105424792693161,0.000874149791825342,0.000693234885131286,0.000489654566876237,0.000309964817563856,0.000163354317556709,6.88130062707639e-05,5.94201330112531e-05,6.28914122593331e-05
585,"PLW","Palau",0.00105604224168967,0.000974438977559102,0.00104164166566663,0.00127205088203528,0.00127685107404296,0.00123844953798152,0.00121444857794312,0.000907236289451578,0.000691227649105964,0.000998439937597504,0.000835233409336374,0.000686427457098284,0.000552022080883235,0.00047041881675267
591,"PAN","Panama",0.00273467958510529,0.00329826670113512,0.00334846516873507,0.004353099169434,0.00505850132912249,0.00516578962189535,0.00477161796132654,0.00464550961589252,0.0037371097506413,0.0029334795094053,0.00276276973805495,0.00255952716191857,0.00304451082380408,0.0035329226737208
598,"PNG","Papua New Guinea",0.0010235839024973,0.00111853967169688,0.00109336927047803,0.0012761956691222,0.00123370345119625,0.0013723431569665,0.00135684615943413,0.00146949615741728,0.00140249922485918,0.00166552456417255,0.00218741353784467,0.00276893034011161,0.00297462284025144,0.00326005342111583
600,"PRY","Paraguay",0.00923875572326223,0.00922266879367058,0.0111237213531714,0.0120193202626962,0.0128887707189604,0.014365800749526,0.016906236833553,0.0175971527860865,0.0171214909665561,0.0170606532731949,0.015720481337045,0.0145907300568414,0.0133556287052804,0.0128635840289917
604,"PER","Peru",0.00129279404398701,0.00130024939995646,0.0013907169326746,0.00152580910895034,0.00172197480376328,0.00166897856069452,0.00176210780649479,0.00217118751382203,0.00238298053563444,0.00245344427080463,0.00251528815053196,0.00278598181164433,0.00285723894206016,0.00286341974695759
608,"PHL","Philippines",0.00215852913825428,0.00239747497664458,0.00276430098870062,0.00280232896468273,0.00293487567297503,0.00350349719844701,0.0032438516399471,0.00317013965835722,0.00338711211237058,0.00383379366307074,0.00343811219836968,0.00446776807943684,0.0050553019138197,0.00518027085487436
616,"POL","Poland",0.00397406883199462,0.00433011578245735,0.00483192141917794,0.00511270610265846,0.005209662508401,0.00500705679069912,0.00537019532254924,0.0053240619167496,0.00507600907531784,0.00525432803310701,0.00469788671827826,0.00526908309760656,0.00606042351419694,0.00724328785157778
620,"PRT","Portugal",0.0156430932334439,0.0172191861057789,0.0173432416508718,0.0179330238279947,0.0165917380389203,0.0174202148337949,0.0160427317791258,0.0179474509004394,0.0195336513624513,0.0213051576352041,0.0211011052692506,0.0270003956646215,0.0370424155929872,0.0409956926117839
634,"QAT","Qatar",NA,NA,NA,NA,NA,NA,NA,NA,NA,NA,NA,NA,NA,NA
178,"COG","Republic of Congo",0.000777234479086467,0.000740305884163092,0.000781754957078932,0.00077313803253048,0.000812830403780907,0.00100848305176636,0.00105565654907467,0.00107365516915523,0.0013560676778403,0.00176394048779365,0.00178786797599497,0.00243883952287983,0.00267930320731321,0.0027404015941159
642,"ROU","Romania",0.00205038500892392,0.0019366986595726,0.00248412559525106,0.00268866588906305,0.00261979314141595,0.0025784845141467,0.0026758977679071,0.00248945816349855,0.00237376897161296,0.00245871453059755,0.00228551872244683,0.00244101440970097,0.00215202926753795,0.00230467090418076
643,"RUS","Russia",0.00332828695791002,0.00343517996745039,0.00334025576957198,0.00334489137350958,0.00297456897833601,0.00304537674539793,0.00325258574703132,0.00405435828119667,0.00455800122326118,0.00518264064866412,0.00530674722708275,0.00583987817659109,0.00581304812545767,0.00596926469607918
646,"RWA","Rwanda",0.00219161853990819,0.00188224652907016,0.00207835556569453,0.00209276357654856,0.00219842232281148,0.00284958436890911,0.00292282509075046,0.00278674943268457,0.00333985696047002,0.00394539363886321,0.00385334245840687,0.00459455457234222,0.00525091951124825,0.00598132561704308
652,"BLM","Saint Barthelemy",0,0,0,0,0,0,0,0,0,0,0,0,0,0
659,"KNA","Saint Kitts and Nevis",0.0021376085504342,0.00175165145105025,0.00161805091664811,0.00145476137460105,0.00161805091664811,0.00160320641282565,0.00148445038224597,0.00146960587842351,0.00118756030579678,0.000682847175833148,0.000445335114673792,0.000385957099383953,0.000311734580271654,0.000296890076449195
662,"LCA","Saint Lucia",0.000602303615777226,0.00086434479926472,0.00101687623442908,0.00115767448227311,0.00121634041887479,0.00140016035356004,0.00126327316815613,0.00133367229207814,0.00125936210571602,0.00120851829399456,0.000840878424624049,0.00102078729686919,0.0010872753583511,0.00108336429591098
670,"VCT","Saint Vincent and the Grenadines",0.000409165302782324,0.000443262411347518,0.000545553737043099,0.000763775231860338,0.000831969448990726,0.00115930169121658,0.00129569012547736,0.0013025095471904,0.00111156573922531,0.000975177304964539,0.00053873431533006,0.000443262411347518,0.000490998363338789,0.000518276050190944
882,"WSM","Samoa",NA,NA,NA,NA,NA,NA,NA,NA,NA,NA,NA,NA,NA,NA
674,"SMR","San Marino",0,0,0,0,0,0,0,0,0,0,0,0,0,0
678,"STP","Sao Tome and Principe",0.00108055009823183,0,0,0,0,0,0,0,0,0,0,0,0,0
682,"SAU","Saudi Arabia",0,0,0,0,0,0,0,0,0,0,0,0,0,0
686,"SEN","Senegal",0.00236862705487235,0.00222721648443221,0.00227266988207369,0.00353021388348779,0.00369687634150653,0.00411100729779551,0.00449483598899018,0.00403525163505972,0.00448978561147446,0.0053382490341153,0.00605540264134744,0.00675740511603242,0.00832302214590541,0.00794929420974218
688,"SRB","Serbia",0.000626292764315107,0.000590456644133459,0.000672565880802204,0.000848243154279241,0.000838827961807892,0.000905464168988837,0.000929184615137586,0.00101968724044358,0.000986186671882732,0.00112420317547437,0.00114982125731502,0.00133060754996256,0.00133724927488421,0.001422788852996
690,"SYC","Seychelles",0,0,0,0,0,0,0,3.2169856844137e-05,6.43397136882741e-05,0.000128679427376548,0.000128679427376548,0.000128679427376548,9.65095705324111e-05,6.43397136882741e-05
694,"SLE","Sierra Leone",0.00191864019753887,0.00227218058827514,0.00250582374502139,0.00292663743549346,0.00387102371508264,0.00393900814906512,0.00413133440607934,0.00393495468385905,0.00925292325065864,0.0139165771970893,0.0218901343812608,0.0270070652965243,0.0347098225595606,0.0353480655459546
702,"SGP","Singapore",0.00324267229997359,0.00335885925534724,0.00284129918141009,0.00302086083971481,0.00451016635859519,0.00410879324003169,0.00429891734882493,0.00448904145761817,0.00439397940322155,0.00453129125957222,0.0057037232637972,0.00656984420385529,0.00836546078690256,0.0111433852653816
534,"SXM","Sint Maarten",0.00155038759689922,0.00174418604651163,0.00271317829457364,0.00271317829457364,0.00310077519379845,0.00232558139534884,0.00251937984496124,0.00155038759689922,0.00174418604651163,0.00116279069767442,0.00116279069767442,0.000581395348837209,0.00155038759689922,0.000968992248062015
703,"SVK","Slovakia",0.0036695631434855,0.00401335096731356,0.00446990651580556,0.0052803050794921,0.00583184479105769,0.00494765275684677,0.00524091532157707,0.00521490478523233,0.00451386681525082,0.00502535196286061,0.00404002630969906,0.00449068170457931,0.00491075602158459,0.00596364258863838
705,"SVN","Slovenia",0.000783528550119034,0.000881335268995347,0.00109629509070153,0.00130142817770114,0.00140660494760738,0.00132584147173777,0.00135578230404685,0.001169842058271,0.0009800632442504,0.00151193526024341,0.00144852211284009,0.00205946863467502,0.0026742537247547,0.00384839497945982
90,"SLB","Solomon Islands",0.00134888500742602,0.00155921026352389,0.00169030041796335,0.00211305708776504,0.00229462239862301,0.00228576201145314,0.00234349978030597,0.00257234469811136,0.00266617765076276,0.00346041694657985,0.00408245970157925,0.00496646488708453,0.00576353660175102,0.0063714172625035
706,"SOM","Somalia",0.0027126721195042,0.00221550163814237,0.0022567415859051,0.00259582560084313,0.00280660755607487,0.00249959905606342,0.00265310330606915,0.00247210575755493,0.00261873668293353,0.00219717277247004,0.00202533965679199,0.001800811052306,0.00206428849634568,0.00143652484706853
710,"ZAF","South Africa",0.0132020437177121,0.014114429623554,0.0140953937536298,0.0137216895703805,0.0135438544697725,0.0121109544084236,0.0109305968880694,0.0121934765743583,0.0113578018846847,0.0114381532935228,0.0117189824692997,0.0118500961979356,0.0121563733261376,0.0124002996312719
410,"KOR","South Korea",0.00127150165694197,0.00144457923369986,0.00157077466796614,0.0019581281543054,0.00214461654995354,0.0023493822943385,0.00240726056533846,0.00269954954879653,0.00252996398582168,0.00241873963192317,0.00252818082984736,0.00293213995619752,0.00311160717519675,0.00357322167805007
728,"SSD","South Sudan",0.000634405521255156,0.000705593171180761,0.000729778718911896,0.000851777080507774,0.000809882376273943,0.000692517530353696,0.000693324885357783,0.000643900718151052,0.000572291839527662,0.000549387529085622,0.0005243946263504,0.000437586412215281,0.000440201540380694,0.000399991750938002
724,"ESP","Spain",0.00381226995700199,0.00453655103085097,0.00494594541921817,0.00532624238515469,0.00533097411553127,0.00546063440539055,0.00485430213548793,0.00522109282123078,0.00557785803993055,0.00569892507232432,0.00586772638089251,0.00710591688380203,0.00743191679043647,0.00844267603827263
144,"LKA","Sri Lanka",0.0010457195192485,0.00124690285866492,0.00159236512253745,0.00176196852953796,0.00218744001515433,0.00231673612822462,0.00267208603866827,0.00288456954559454,0.00295887823640707,0.00287599352560938,0.00288487222865284,0.00302511537899829,0.00295590185300046,0.00321994237419042
275,"PSE","State of Palestine",0.00160513643659711,0.00128410914927769,0.000642054574638844,0.000963081861958266,0.00128410914927769,0.00160513643659711,0.00128410914927769,0.00128410914927769,0.000642054574638844,0.000642054574638844,0.000321027287319422,0.000321027287319422,0.000642054574638844,0.00128410914927769
729,"SDN","Sudan",0.000642654106532277,0.00057948724990731,0.000881589607678893,0.00098045947022232,0.00116996004009722,0.00101066970599948,0.00156818587534158,0.00109580764318965,0.000969473929939717,0.000758002279499609,0.000664625187097483,0.000173022259450998,0.000340551748760694,0.000359776444255249
740,"SUR","Suriname",0.000299937975965723,0.000295842184277115,0.00029452465688078,0.000337072199212434,0.000364869163085116,0.000414863599396057,0.000447730179554638,0.000675590814370844,0.000714142811663612,0.000820175125168683,0.000890863334172064,0.00105141550417549,0.00103010593063476,0.00115627349978383
752,"SWE","Sweden",0.00671260814018659,0.00745996112332434,0.00749308452356382,0.008935499051891,0.008481652618519,0.00858972970524935,0.00827569466683541,0.00864910980861856,0.00796009868997525,0.00820607538008046,0.00786461651483616,0.00861773351379596,0.00930854185973285,0.00997195501991181
756,"CHE","Switzerland",0.00112010068668162,0.00123475159078129,0.00136138287025318,0.0016191541726166,0.00141716246741628,0.00134012736556054,0.00132582820785822,0.00128228662854846,0.00107153507898996,0.000971698617554857,0.000845969086766902,0.000812089100499247,0.000944774978277518,0.00124853546352137
760,"SYR","Syria",0.00267713422382875,0.00270160872798471,0.00539945214763774,0.00675684580121055,0.00680579480952247,0.00576845236414297,0.00553312059341259,0.0127022676569428,0.0135231048732503,0.0150819425225683,0.0191409449041258,0.0222793293985861,0.016188943172084,0.0155036570557172
158,"TWN","Taiwan",0.000569628616122996,0.000648142228132766,0.000709861940505266,0.000811222075879442,0.00134922360182261,0.00142918643359803,0.00137633253626246,0.00135340076467655,0.00123746318342434,0.000630410598058898,0.000501003797808268,0.000659906482701005,0.000755640235455588,0.000836796542332136
762,"TJK","Tajikistan",0.000566722455134472,0.000434155798962666,0.000347987472450992,0.000341359139642401,0.000377814970089648,0.00031484580840804,0.000311531642003745,0.000357929971663877,0.000261819145939318,0.000162394153810463,0.000135880822576102,7.95399937030838e-05,3.31416640429516e-06,0
834,"TZA","Tanzania",0.00310421368214203,0.00312752656274684,0.00340501943263241,0.00401224357391452,0.00459123053696894,0.00494628676756888,0.0053438613959234,0.00559158155391393,0.00572196575994412,0.00613765665989128,0.00593669841880501,0.00605053214373094,0.00635696566293319,0.00628315414802673
764,"THA","Thailand",0.0033187221704861,0.00395693720467345,0.00427507648913057,0.00449259943362383,0.00490165276811971,0.00540966546713956,0.00535690177933709,0.0055761615535083,0.00562183817768237,0.00567036959086731,0.00552775990346022,0.0062989721711474,0.00711876576091831,0.00760740382542726
626,"TLS","Timor-Leste",0.00174372791047292,0.00236398195973419,0.00235164814081384,0.00239056819162917,0.00254953741326927,0.00236973774189702,0.00196683299049885,0.00205919958996904,0.00195888452941684,0.00175003186236554,0.00180676742939916,0.00175880257804224,0.00170837096290124,0.0019207867331962
768,"TGO","Togo",0.00416825218175809,0.00377879608042804,0.00419683611580066,0.0038838420380345,0.00489214031138623,0.00434368607694438,0.00418933283311449,0.00367482202034819,0.00431045725361989,0.00321890827236916,0.00337147502032139,0.00416182079659851,0.00610767210654661,0.00747827174388795
776,"TON","Tonga",NA,NA,NA,NA,NA,NA,NA,NA,NA,NA,NA,NA,NA,NA
780,"TTO","Trinidad and Tobago",0.00267789628052988,0.0026386876831538,0.00283320306234422,0.00311071845935672,0.0034391541127018,0.00455023410587849,0.00384447935310906,0.00364436274572206,0.00338416023586263,0.00348243633058449,0.00208416609169211,0.00258420300887795,0.00259642387039776,0.002692153952303
788,"TUN","Tunisia",0.00263371997385842,0.00274219864935157,0.00330593209412748,0.00256703226351426,0.00315744079242783,0.0029529318140391,0.00461567872528665,0.00510294359553459,0.00562044022780522,0.00687150167386153,0.00819547501656078,0.00752237372682046,0.0138728220905263,0.013523378488323
792,"TUR","Turkey",0.00229870882879414,0.00235804863822275,0.00235007850678596,0.0025714181768364,0.00255355477279524,0.00248618535333704,0.00244700878687165,0.0025095802665097,0.00238360460693423,0.00226292254211902,0.00247615329734945,0.00251071035977312,0.00261846574375056,0.00287947763520649
795,"TKM","Turkmenistan",0.0057911268158618,0.00512367491166078,0.00376914016489988,0.00361209265802905,0.00331762858264625,0.00290537887711033,0.00298390263054574,0.00243423635649784,0.000942285041224971,0.000706713780918728,0.000530035335689046,0.000196309383588536,1.96309383588536e-05,1.96309383588536e-05
796,"TCA","Turks and Caicos Islands",0.00101373145332227,0.000976868491383283,0.0022486406782785,0.00318864620772279,0.0049212054188554,0.00523454059533684,0.00541885540503179,0.00420237766104507,0.00328080361257027,0.00189844253985808,0.00156667588240715,0.00164040180628514,0.00208275734955304,0.00254354437379043
798,"TUV","Tuvalu",NA,NA,NA,NA,NA,NA,NA,NA,NA,NA,NA,NA,NA,NA
800,"UGA","Uganda",0.00256900955966031,0.0025391155742532,0.003202582429778,0.00384418690284198,0.00397885096757721,0.00410704869383812,0.00504779830155975,0.00485547605209508,0.00513334898597805,0.00594615746817189,0.00645666462669084,0.00651840276307669,0.00877679713530942,0.00976709634459426
804,"UKR","Ukraine",0.00324706598217219,0.00348601886570979,0.00415347171553719,0.00440632054014382,0.00438554825710249,0.0046709343560937,0.00499833060682196,0.00484171475554649,0.00456682224091927,0.00454642600782954,0.00448317798739678,0.00531645095874383,0.00586131152434623,0.00652059871808153
784,"ARE","United Arab Emirates",NA,NA,NA,NA,NA,NA,NA,NA,NA,NA,NA,NA,NA,NA
826,"GBR","United Kingdom",0.00427032688510516,0.00415351370218095,0.00475465314400088,0.00532958796337945,0.00602457777464403,0.00708481139560686,0.00716893633816606,0.00740883020134065,0.00827925590758899,0.00788229640021428,0.00764051148181197,0.00797468795562612,0.00729217910886454,0.00716537034830806
840,"USA","United States of America",0.00792104326189185,0.00839502839832475,0.00867891459343374,0.00908285473621396,0.00826925711937951,0.0078945320604034,0.0072205575786395,0.00688342949565914,0.006541818773303,0.0066332174308912,0.00672025927757734,0.00714986342445201,0.00739883364797661,0.00765374712208028
858,"URY","Uruguay",0.00661999325401909,0.00819812969442117,0.00992270328143786,0.0114524190923012,0.0119409738422827,0.012165095542599,0.0129848379965612,0.0141450526926924,0.0136346381439385,0.0143841001695897,0.0143503702650324,0.0138425412838753,0.0127202874210961,0.0127513142322568
860,"UZB","Uzbekistan",0.00122782441922777,0.000780317203643987,0.000364774789173334,0.000344091682570722,0.000445626933165361,0.000468190322186392,0.00042494382656275,0.000447507215583781,0.000423063544144331,0.00039861987270488,0.000347852247407561,0.000293324057273402,0.000201190218770859,0.000157943723147217
548,"VUT","Vanuatu",0.000235918508549515,0.000252456429749695,0.000252625184047656,0.000196261248528673,0.000318101851656534,0.000326202057958664,0.000390834954077737,0.000405854086596268,0.00056077053212449,0.000483143555062418,0.00101843218819479,0.00114196033430226,0.00118195510291903,0.00116879226767807
862,"VEN","Venezuela",0.00172523785085189,0.00158936043545512,0.0016742948631439,0.00179246450166743,0.00197447189497348,0.00199668170891249,0.00195756628640002,0.0019278648566216,0.00172941124627941,0.00158273106219345,0.00144173673182712,0.00191183915953117,0.00212803235077611,0.00229651949776066
704,"VNM","Viet Nam",0.00381644618888404,0.00419445625763531,0.00456437617172557,0.00535269673326899,0.00612319969228519,0.00699286724050182,0.00762097384634786,0.00884039611660537,0.00913160556763962,0.0100924799785226,0.010619784701963,0.0133087378184934,0.0145858385574725,0.0157060119660852
876,"WLF","Wallis and Futuna Islands",NA,NA,NA,NA,NA,NA,NA,NA,NA,NA,NA,NA,NA,NA
732,"ESH","Western Sahara",NA,NA,NA,NA,NA,NA,NA,NA,NA,NA,NA,NA,NA,NA
887,"YEM","Yemen",0,0,0,0,0,0,0,0,0,0,0,0,0,0
894,"ZMB","Zambia",0.00169932655533229,0.00178558497287131,0.00184719812825632,0.00204861456608946,0.00279147062874293,0.00376028868027571,0.00392309199159851,0.00455432977828612,0.00470952180837727,0.00468788449797638,0.00396909204934786,0.00464739347893509,0.0049228371050791,0.00541442948523933
716,"ZWE","Zimbabwe",0.00617872198645241,0.00712349537919409,0.00730533460959625,0.00704090535606888,0.00859317425224264,0.00787005271643527,0.00704387012612979,0.00767988389395723,0.00827241436755807,0.00689379628923732,0.00768877820413995,0.00795970171589597,0.00968180958270155,0.00924740017901564
