"code","iso","country","URP.raw.1950","URP.raw.1955","URP.raw.1960","URP.raw.1965","URP.raw.1970","URP.raw.1975","URP.raw.1980","URP.raw.1985","URP.raw.1990","URP.raw.1995","URP.raw.2000","URP.raw.2005","URP.raw.2010","URP.raw.2015","URP.raw.2020","URP.raw.2025","URP.raw.2030","URP.raw.2035","URP.raw.2040","URP.raw.2045"
4,"AFG","Afghanistan",6,7.107,8.401,9.904,11.643,13.641,15.995,18.997,21.177,21.624,22.078,22.703,23.737,24.803,26.026,27.613,29.589,31.978,34.788,37.923
8,"ALB","Albania",20.528,26.864,30.705,31.23,31.74,32.712,33.762,35.083,36.428,38.911,41.741,46.731,52.163,57.434,62.112,66.13,69.484,72.197,74.349,76.335
12,"DZA","Algeria",22.213,26.149,30.51,37.643,39.5,40.33,43.542,47.968,52.085,55.997,59.919,63.83,67.54,70.848,73.733,76.212,78.308,80.049,81.63,83.111
20,"AND","Andorra",38.8,48.568,58.45,70.445,80.155,87.252,92.064,95.159,94.712,93.661,92.395,90.285,88.819,88.345,87.916,87.732,87.812,88.153,88.735,89.497
24,"AGO","Angola",7.576,8.902,10.435,12.504,14.957,19.128,24.298,30.338,37.144,44.169,50.087,56,59.783,63.446,66.825,69.86,72.546,74.889,76.89,78.691
660,"AIA","Anguilla",100,100,100,100,100,100,100,100,100,100,100,100,100,100,100,100,100,100,100,100
28,"ATG","Antigua and Barbuda",30.065,34.889,39.656,36.61,33.819,34.217,34.618,35.021,35.426,33.961,32.127,29.218,26.238,25,24.433,24.363,24.787,25.722,27.201,29.056
32,"ARG","Argentina",65.339,69.633,73.611,76.369,78.88,80.969,82.887,85.038,86.984,88.164,89.142,90.031,90.849,91.503,92.111,92.693,93.249,93.777,94.276,94.744
51,"ARM","Armenia",40.339,45.951,51.275,55.622,59.864,63.611,66.05,67.09,67.421,66.057,64.666,63.938,63.44,63.085,63.313,64.142,65.548,67.484,69.804,72.083
533,"ABW","Aruba",50.928,50.852,50.776,50.7,50.624,50.548,50.472,50.395,50.319,48.767,46.717,44.875,43.059,43.108,43.697,44.711,46.152,48.021,50.211,52.416
36,"AUS","Australia",77.003,79.357,81.529,83.068,83.999,84.792,85.552,85.582,85.433,84.898,84.235,84.582,85.182,85.701,86.241,86.887,87.623,88.43,89.288,90.153
40,"AUT","Austria",63.596,64.16,64.72,65.011,65.258,65.341,65.391,64.305,62.96,61.596,60.213,58.813,57.399,57.715,58.748,60.122,61.831,63.846,66.118,68.542
31,"AZE","Azerbaijan",45.691,50.026,52.663,51.164,50.008,51.897,52.777,53.498,53.749,52.206,51.386,52.389,53.406,54.714,56.397,58.431,60.779,63.376,66,68.529
44,"BHS","Bahamas",52.086,55.933,59.712,63.343,66.764,70.017,73.102,76.674,79.838,80.961,82.007,82.218,82.427,82.746,83.245,83.91,84.722,85.661,86.64,87.562
48,"BHR","Bahrain",64.4,75.528,82.32,82.5,83.775,84.975,86.101,87.155,88.14,88.388,88.372,88.422,88.634,88.999,89.506,90.133,90.828,91.484,92.096,92.668
50,"BGD","Bangladesh",4.282,4.687,5.135,6.211,7.593,9.836,14.851,17.496,19.811,21.693,23.59,26.809,30.462,34.308,38.177,41.982,45.634,49.038,52.178,55.288
52,"BRB","Barbados",36.053,36.414,36.777,37.141,37.55,38.855,40.102,38.736,37.37,35.566,33.827,32.841,31.87,31.249,31.191,31.694,32.772,34.45,36.524,38.649
112,"BLR","Belarus",26.234,28.853,32.401,38.127,44.01,50.614,56.498,61.833,65.981,67.926,69.973,72.354,74.672,77.181,79.483,81.509,83.275,84.805,86.119,87.245
56,"BEL","Belgium",91.466,91.977,92.46,93.137,93.843,94.48,95.381,95.93,96.377,96.777,97.129,97.403,97.651,97.876,98.079,98.258,98.416,98.555,98.678,98.787
84,"BLZ","Belize",55.288,54.681,54.028,52.481,50.963,50.171,49.374,48.419,47.465,46.425,45.398,45.313,45.228,45.406,46.025,47.085,48.588,50.529,52.725,54.911
204,"BEN","Benin",4.957,6.804,9.275,12.519,16.691,21.904,27.339,30.796,34.485,36.758,38.333,40.543,43.093,45.695,48.415,51.241,54.138,57.059,59.931,62.73
60,"BMU","Bermuda",100,100,100,100,100,100,100,100,100,100,100,100,100,100,100,100,100,100,100,100
64,"BTN","Bhutan",2.1,2.751,3.596,4.687,6.089,7.876,10.132,12.941,16.388,20.537,25.418,30.965,34.793,38.678,42.316,45.636,48.583,51.121,53.328,55.505
68,"BOL","Bolivia",33.848,35.291,36.762,38.257,39.776,41.314,45.451,50.519,55.577,59.15,61.787,64.17,66.43,68.393,70.123,71.905,73.721,75.548,77.357,79.107
70,"BIH","Bosnia and Herzegovina",13.665,16.173,19.04,22.817,27.201,31.288,35.543,37.589,39.249,40.817,42.384,43.965,45.558,47.173,49.02,51.159,53.57,56.218,59.037,61.864
72,"BWA","Botswana",2.716,2.883,3.06,3.839,7.834,11.884,16.479,26.724,41.933,48.981,53.219,55.944,62.412,67.155,70.877,74.093,76.822,79.103,80.976,82.504
76,"BRA","Brazil",36.16,41.057,46.139,51.037,55.909,60.789,65.468,69.862,73.922,77.61,81.192,82.834,84.335,85.77,87.073,88.238,89.278,90.201,91.017,91.748
92,"VGB","British Virgin Islands",11.228,11.687,12.228,14.287,16.635,19.47,22.741,29.728,37.814,40.413,41.774,43.21,44.814,46.583,48.515,50.599,52.787,54.971,57.135,59.272
96,"BRN","Brunei Darussalam",26.756,34.608,43.401,52.625,61.675,64.193,64.949,65.697,66.438,68.644,71.164,73.163,74.961,76.663,78.25,79.726,81.093,82.355,83.525,84.631
100,"BGR","Bulgaria",27.583,32.213,37.1,45.755,52.3,57.562,62.1,64.59,66.377,67.782,68.899,70.584,72.302,73.99,75.686,77.373,79.029,80.635,82.16,83.591
854,"BFA","Burkina Faso",3.837,4.247,4.7,5.198,5.746,6.347,8.805,12.334,13.815,15.131,17.844,21.537,24.633,27.53,30.607,33.817,37.115,40.444,43.721,46.932
108,"BDI","Burundi",1.731,1.896,2.077,2.294,2.845,3.525,4.339,5.221,6.271,7.211,8.246,9.375,10.642,12.078,13.708,15.544,17.598,19.859,22.324,25
132,"CPV","Cabo Verde",14.2,15.399,16.679,18.073,19.559,21.419,23.518,31.5,44.12,48.768,53.435,57.689,61.821,64.3,66.652,68.835,70.851,72.703,74.392,75.959
116,"KHM","Cambodia",10.2,10.242,10.285,10.83,15.97,4.477,9.898,13.931,15.546,17.311,18.586,19.174,20.294,22.188,24.232,26.51,29.034,31.798,34.78,37.913
120,"CMR","Cameroon",9.333,11.434,13.937,16.88,20.3,27.292,31.921,36.232,39.657,42.573,45.542,48.541,51.559,54.578,57.56,60.464,63.242,65.858,68.377,70.793
124,"CAN","Canada",60.946,65.705,69.061,72.892,75.654,75.611,75.663,76.354,76.582,77.675,79.478,80.122,80.937,81.259,81.562,82.108,82.878,83.843,84.968,86.164
136,"CYM","Cayman Islands",100,100,100,100,100,100,100,100,100,100,100,100,100,100,100,100,100,100,100,100
140,"CAF","Central African Republic",14.418,17.072,20.1,23.519,27.492,31.971,33.874,35.532,36.825,37.231,37.639,38.069,38.904,40.277,42.198,44.666,47.646,50.823,53.993,57.131
148,"TCD","Chad",4.5,5.495,6.695,8.406,11.568,15.566,18.787,19.779,20.811,21.473,21.637,21.801,21.985,22.515,23.52,25.038,27.117,29.798,32.824,36
152,"CHL","Chile",58.421,63.254,67.836,71.696,75.227,78.386,81.243,82.624,83.271,84.545,86.073,86.783,87.074,87.36,87.727,88.226,88.839,89.547,90.327,91.113
156,"CHN","China",11.803,13.856,16.203,18.086,17.4,17.4,19.358,22.874,26.442,30.961,35.877,42.522,49.226,55.5,61.428,66.481,70.626,73.918,76.436,78.318
170,"COL","Colombia",32.601,39.223,46.268,52.82,56.635,60.306,63.738,67.034,69.481,71.777,73.957,76.024,77.964,79.764,81.425,82.945,84.323,85.577,86.748,87.836
174,"COM","Comoros",6.601,9.15,12.551,16.978,19.39,21.239,23.215,25.469,27.869,28.301,28.08,27.875,27.973,28.47,29.38,30.722,32.523,34.551,36.636,38.773
184,"COK","Cook Islands",38.028,42.191,46.469,50.796,53.285,54.009,53.815,55.202,57.715,58.678,65.191,71.026,73.255,74.404,75.495,76.643,77.842,79.08,80.344,81.612
188,"CRI","Costa Rica",33.508,33.88,34.254,35.791,38.827,41.349,43.099,45.445,50.003,54.561,59.052,65.672,71.736,76.862,80.771,83.679,85.788,87.259,88.302,89.255
384,"CIV","Cote d'Ivoire",9.962,13.121,17.679,24.5,28.163,32.229,36.829,37.91,39.345,41.21,43.155,45.234,47.33,49.444,51.706,54.144,56.73,59.422,62.157,64.842
191,"HRV","Croatia",22.295,26.032,30.154,34.977,40.196,43.864,47.285,49.287,51.037,52.279,53.428,54.315,55.155,56.155,57.553,59.329,61.454,63.874,66.442,68.929
192,"CUB","Cuba",56.511,57.458,58.401,59.337,60.266,64.224,68.106,70.933,73.364,74.277,75.323,76.134,76.597,76.896,77.194,77.803,78.702,79.859,81.23,82.704
531,"CUW","Curacao",70.566,72.687,74.71,76.631,78.448,80.161,81.769,83.274,84.678,87.68,90.752,90.534,89.905,89.352,89.062,89.055,89.33,89.87,90.577,91.249
196,"CYP","Cyprus",28.384,32.334,35.628,38.188,40.761,47.277,58.614,64.678,66.776,68.038,68.648,68.268,67.551,66.946,66.821,67.198,68.067,69.407,71.12,72.828
203,"CZE","Czech Republic",54.18,56.884,59.548,62.016,64.402,69.917,75.167,75.365,75.22,74.643,73.988,73.602,73.255,73.477,74.061,74.935,76.073,77.442,78.999,80.633
180,"COD","Dem. Rep. Congo",19.1,20.654,22.3,23.434,24.608,25.821,27.072,28.513,30.633,32.838,35.122,37.481,40.013,42.74,45.638,48.669,51.762,54.847,57.895,60.884
208,"DNK","Denmark",67.983,69.619,73.687,77.048,79.737,82.146,83.723,84.351,84.843,84.979,85.1,85.856,86.795,87.526,88.116,88.759,89.446,90.164,90.901,91.634
262,"DJI","Djibouti",39.81,45.011,50.325,56.109,61.777,67.142,72.096,74.925,75.957,76.3,76.532,76.761,76.999,77.417,78.062,78.92,79.969,81.184,82.417,83.587
212,"DMA","Dominica",34.697,36.286,37.846,38.18,38.683,42.671,46.759,54.71,63.079,64.831,65.265,66.601,68.094,69.579,71.09,72.619,74.155,75.688,77.193,78.633
214,"DOM","Dominican Republic",23.741,26.843,30.191,35.052,40.274,45.729,51.29,53.868,55.226,57.598,61.753,67.37,73.753,78.566,82.54,85.543,87.765,89.383,90.53,91.331
218,"ECU","Ecuador",28.28,31.009,33.878,36.64,39.278,42.363,46.961,51.215,55.09,57.766,60.299,61.711,62.69,63.398,64.166,65.28,66.732,68.49,70.505,72.675
818,"EGY","Egypt",31.928,34.837,37.864,39.686,41.477,43.291,43.858,43.938,43.478,42.814,42.797,43.027,43.019,42.785,42.783,43.444,44.773,46.769,49.415,52.508
222,"SLV","El Salvador",36.509,37.427,38.354,38.931,39.439,41.551,44.099,46.677,49.274,53.988,58.912,61.648,65.452,69.7,73.444,76.576,79.153,81.235,82.88,84.243
226,"GNQ","Equatorial Guinea",15.463,20.355,25.537,26.502,26.954,27.41,27.872,29.94,34.745,40.494,49.092,57.74,65.94,70.616,73.1,75.29,77.207,78.874,80.31,81.589
232,"ERI","Eritrea",7.1,8.351,9.799,11.466,12.678,13.511,14.39,15.757,18.905,22.514,26.587,31.099,35.175,38.206,41.347,44.557,47.786,50.964,54.056,57.119
233,"EST","Estonia",49.67,53.623,57.533,61.348,64.947,67.589,69.711,70.767,71.231,70.3,69.368,68.735,68.094,68.416,69.229,70.235,71.421,72.769,74.259,75.824
748,"SWZ","Eswatini",2.2,2.526,3.913,6.494,9.705,14.004,16.478,18.266,20.202,22.286,22.686,22.038,22.48,23.3,24.171,25.245,26.535,28.056,29.824,31.77
231,"ETH","Ethiopia",4.6,5.444,6.433,7.587,8.588,9.46,10.41,11.453,12.621,13.827,14.74,15.7,17.319,19.428,21.695,24.173,26.856,29.724,32.74,35.84
234,"FRO","Faeroe Islands",17.365,18.599,21.383,25.553,27.951,30.326,31.186,30.766,30.594,34.071,36.337,39.781,40.926,41.638,42.398,43.437,44.77,46.399,48.32,50.491
238,"FLK","Falkland Islands",51.053,50.774,50.495,51.847,54.041,56.33,58.696,64.012,74.15,65.987,67.606,70.828,73.666,76.268,78.508,80.414,82.023,83.369,84.499,85.548
242,"FJI","Fiji",24.352,26.933,29.681,32.582,34.758,36.721,37.769,38.523,41.611,45.496,47.908,49.871,52.171,54.726,57.247,59.666,61.965,64.135,66.172,68.072
246,"FIN","Finland",43.004,49.133,55.29,59.658,63.704,67.831,71.727,75.808,79.367,80.963,82.183,82.905,83.77,85.225,85.517,85.978,86.598,87.356,88.227,89.162
250,"FRA","France",55.232,58.164,61.88,67.071,71.055,72.926,73.282,73.65,74.056,74.912,75.871,77.13,78.369,79.655,80.975,82.312,83.643,84.938,86.153,87.285
258,"PYF","French Polynesia",33.3,37.684,42.281,48.178,55.162,58.252,59.003,58.635,57.852,56.637,56.047,57.417,60.317,61.683,61.975,62.564,63.487,64.729,66.272,68.076
266,"GAB","Gabon",11.4,14.135,17.398,23.775,32,42.971,54.682,62.402,69.143,74.797,78.879,82.452,85.533,88.118,90.092,91.568,92.663,93.462,94.033,94.522
270,"GMB","Gambia",10.265,11.163,12.129,14.533,19.496,24.426,28.414,33.019,38.312,43.362,47.868,52.02,55.662,59.228,62.582,65.678,68.494,71.016,73.229,75.283
268,"GEO","Georgia",36.91,40.067,43.069,45.534,48.006,50.344,52.497,54.194,55.038,53.841,52.638,53.605,55.535,57.448,59.453,61.603,63.871,66.221,68.602,70.929
276,"DEU","Germany",67.944,69.691,71.384,71.955,72.274,72.56,72.844,72.711,73.118,73.922,74.965,75.98,76.966,77.2,77.453,78.037,78.931,80.1,81.497,82.963
288,"GHA","Ghana",15.444,19.089,23.252,26.067,28.958,30.049,31.163,32.896,36.441,40.14,43.929,47.308,50.713,54.086,57.349,60.463,63.39,66.091,68.56,70.923
300,"GRC","Greece",52.151,54.08,55.936,59.969,64.22,66.94,69.343,70.518,71.467,72.119,72.716,74.452,76.292,78.046,79.715,81.292,82.772,84.147,85.413,86.594
304,"GRL","Greenland",49,53.801,58.534,66.05,72.744,74.389,76.121,77.961,79.698,80.902,81.6,82.858,84.383,86.071,87.282,88.353,89.298,90.131,90.864,91.518
308,"GRD","Grenada",28.495,29.405,30.332,31.274,32.212,32.561,32.912,33.177,33.427,34.47,35.698,35.895,35.865,35.997,36.537,37.491,38.871,40.688,42.848,45.052
320,"GTM","Guatemala",25.064,27.992,31.121,33.989,35.545,37.125,38.724,40.347,41.992,43.654,45.332,46.913,48.403,49.971,51.836,53.996,56.423,59.073,61.846,64.566
831,"GGY","Guernsey",NA,NA,NA,NA,NA,NA,NA,NA,NA,NA,NA,NA,NA,NA,NA,NA,NA,NA,NA,NA
324,"GIN","Guinea",6.711,8.402,10.472,12.978,15.977,19.515,23.617,26.621,28.026,29.475,30.869,32.257,33.678,35.141,36.875,38.963,41.405,44.189,47.264,50.448
624,"GNB","Guinea-Bissau",10.014,11.688,13.6,14.349,15.132,15.95,17.804,23.704,30.83,34.371,36.243,38.157,40.111,42.123,44.196,46.322,48.489,50.683,52.88,55.066
328,"GUY","Guyana",28.023,28.521,29.009,29.209,29.425,29.967,30.488,30.033,29.583,29.137,28.694,27.822,26.634,26.441,26.786,27.484,28.552,30.01,31.87,33.881
332,"HTI","Haiti",12.169,13.792,15.593,17.58,19.762,20.404,20.541,23.261,28.51,32.59,35.6,42.638,47.509,52.427,57.088,61.266,64.923,68.041,70.618,72.825
336,"VAT","Holy See",100,100,100,100,100,100,100,100,100,100,100,100,100,100,100,100,100,100,100,100
340,"HND","Honduras",17.578,20.038,22.747,25.704,28.902,32.11,34.87,37.735,40.46,42.941,45.458,48.585,51.885,55.165,58.359,61.417,64.307,66.998,69.451,71.737
344,"HKG","Hong Kong",85.2,85.2,85.2,86.422,87.729,89.695,91.478,92.92,99.517,100,100,100,100,100,100,100,100,100,100,100
348,"HUN","Hungary",53.023,54.435,55.911,58.022,60.112,62.231,64.191,65.095,65.838,65.209,64.575,66.365,68.911,70.5,71.942,73.498,75.142,76.844,78.57,80.248
352,"ISL","Iceland",72.8,76.76,80.3,82.72,84.9,86.669,88.26,89.57,90.75,91.63,92.401,93.037,93.574,93.7,93.898,94.147,94.44,94.769,95.126,95.486
356,"IND","India",17.042,17.582,17.924,18.785,19.76,21.332,23.098,24.348,25.547,26.607,27.667,29.235,30.93,32.777,34.926,37.383,40.142,43.172,46.369,49.603
360,"IDN","Indonesia",12.4,13.455,14.586,15.789,17.071,19.317,22.104,26.089,30.584,36.076,42.002,45.942,49.914,53.313,56.641,59.828,62.841,65.646,68.207,70.557
364,"IRN","Iran",27.549,30.554,33.735,37.068,41.212,45.747,49.693,53.395,56.33,60.236,64.042,67.558,70.626,73.358,75.874,78.128,80.129,81.889,83.424,84.755
368,"IRQ","Iraq",35.122,37.631,42.899,50.651,56.154,61.379,65.521,68.767,69.706,68.78,68.496,68.766,69.103,69.921,70.893,72.117,73.564,75.2,76.975,78.764
372,"IRL","Ireland",40.088,43.708,45.184,46.233,51.276,53.634,55.333,56.275,56.929,57.949,59.155,60.477,61.542,62.538,63.653,65.065,66.751,68.675,70.786,72.968
833,"IMN","Isle of Man",52.93,54.028,55.123,56.305,55.831,52.403,51.784,51.765,51.746,51.783,51.823,51.905,51.994,52.245,52.898,53.951,55.397,57.225,59.319,61.395
376,"ISR","Israel",71,71,76.848,80.94,84.195,86.643,88.583,89.828,90.359,90.866,91.203,91.518,91.826,92.179,92.587,93.039,93.525,94.033,94.522,94.973
380,"ITA","Italy",54.104,56.855,59.361,61.843,64.272,65.643,66.64,66.826,66.726,66.922,67.222,67.738,68.327,69.565,71.039,72.614,74.274,75.992,77.735,79.455
388,"JAM","Jamaica",24.116,28.736,33.769,37.499,41.324,44.013,46.739,48.424,49.444,50.615,51.814,52.811,53.743,54.833,56.311,58.16,60.349,62.827,65.448,67.99
392,"JPN","Japan",53.402,58.421,63.272,67.866,71.877,75.716,76.175,76.712,77.339,78.016,78.649,85.978,90.812,91.381,91.782,92.226,92.704,93.207,93.724,94.236
832,"JEY","Jersey",NA,NA,NA,NA,NA,NA,NA,NA,NA,NA,NA,NA,NA,NA,NA,NA,NA,NA,NA,NA
400,"JOR","Jordan",37,43.233,50.879,54.262,55.971,57.65,60.029,66.996,73.291,78.207,78.27,79.485,86.088,90.256,91.418,92.385,93.187,93.851,94.399,94.859
398,"KAZ","Kazakhstan",36.358,40.43,44.198,47.047,50.236,52.564,54.142,56.01,56.266,55.921,56.098,56.463,56.827,57.191,57.671,58.613,60.024,61.877,64.123,66.639
404,"KEN","Kenya",5.59,6.419,7.362,8.605,10.295,12.914,15.583,16.079,16.748,18.263,19.892,21.675,23.571,25.658,27.995,30.588,33.427,36.479,39.664,42.942
296,"KIR","Kiribati",11,13.426,16.29,19.625,24.088,29.606,32.284,33.541,34.987,36.409,42.958,43.551,47.39,51.619,55.594,59.115,62.169,64.761,66.905,68.764
689,"XKX","Kosovo",NA,NA,NA,NA,NA,NA,NA,NA,NA,NA,NA,NA,NA,NA,NA,NA,NA,NA,NA,NA
414,"KWT","Kuwait",61.5,69.346,74.893,79.273,85.661,89.384,94.781,97.903,97.974,98.096,99,100,100,100,100,100,100,100,100,100
417,"KGZ","Kyrgyzstan",26.481,30.587,34.181,35.851,37.466,38.186,38.627,38.377,37.777,36.349,35.298,35.29,35.306,35.777,36.856,38.557,40.894,43.853,47.077,50.325
418,"LAO","Laos",7.239,7.585,7.946,8.323,9.625,11.081,12.377,13.804,15.437,17.378,21.977,27.186,30.064,33.108,36.29,39.566,42.891,46.207,49.439,52.566
428,"LVA","Latvia",46.425,49.51,52.867,56.832,60.713,64.157,67.095,68.56,69.25,68.75,68.067,68,67.841,67.98,68.315,68.972,69.94,71.199,72.722,74.361
422,"LBN","Lebanon",32,36.303,42.343,50.935,59.475,66.978,73.672,79.422,83.12,84.82,86,86.627,87.334,88.106,88.925,89.774,90.604,91.374,92.086,92.744
426,"LSO","Lesotho",1.75,2.049,3.512,6.366,8.608,10.822,11.45,11.752,13.967,16.955,19.548,22.249,24.798,26.908,29.028,31.39,34.001,36.85,39.908,43.097
430,"LBR","Liberia",12.97,15.592,18.632,22.108,26.025,30.382,35.167,42.373,55.422,45.96,44.331,46.051,47.813,49.82,52.089,54.596,57.3,60.123,62.913,65.62
434,"LBY","Libya",19.547,23.208,27.323,33.666,49.671,62.785,70.094,75.45,75.723,75.994,76.387,77.08,78.052,79.27,80.691,82.204,83.631,84.964,86.207,87.363
438,"LIE","Liechtenstein",19.881,20.356,20.437,19.471,18.453,18.324,18.274,17.619,16.928,16.482,15.13,14.739,14.464,14.303,14.416,14.808,15.499,16.519,17.836,19.248
440,"LTU","Lithuania",28.794,34.052,39.46,44.45,49.555,55.685,61.158,65.038,67.583,67.285,66.986,66.635,66.757,67.23,68.046,69.19,70.638,72.35,74.272,76.245
442,"LUX","Luxembourg",67.242,68.41,69.556,71.958,74.374,77.297,80.042,80.669,80.947,82.893,84.216,86.598,88.547,90.179,91.453,92.445,93.211,93.794,94.252,94.674
446,"MAC","Macao",96.89,96.169,95.289,96.177,97.032,97.891,98.519,99.377,99.763,99.91,100,100,100,100,100,100,100,100,100,100
450,"MDG","Madagascar",7.8,9.122,10.642,12.379,14.1,16.334,18.524,20.933,23.566,25.796,27.121,28.814,31.938,35.193,38.534,41.904,45.24,48.451,51.626,54.788
454,"MWI","Malawi",3.506,3.924,4.39,4.908,6.053,7.652,9.05,10.163,11.56,13.263,14.61,15.054,15.544,16.313,17.427,18.933,20.886,23.32,26.033,28.942
458,"MYS","Malaysia",20.361,23.417,26.598,29.913,33.454,37.652,42.044,45.893,49.794,55.688,61.977,66.594,70.912,74.213,77.16,79.67,81.786,83.549,84.998,86.206
462,"MDV","Maldives",10.612,10.889,11.173,11.458,11.893,17.304,22.25,25.491,25.84,25.638,27.706,33.75,36.434,38.529,40.669,42.845,45.046,47.261,49.471,51.675
466,"MLI","Mali",8.472,9.692,11.066,12.608,14.33,16.244,18.484,21.013,23.322,25.519,28.356,32.06,35.999,39.991,43.909,47.669,51.187,54.372,57.378,60.331
470,"MLT","Malta",88.858,89.837,90.129,89.825,89.699,89.742,89.785,89.828,90.381,90.946,92.368,93.645,94.072,94.414,94.744,95.072,95.394,95.711,96.019,96.314
584,"MHL","Marshall Islands",23.337,29.081,35.584,42.663,53.492,60.632,58.298,61.945,65.054,66.727,68.58,71.138,73.568,75.811,77.794,79.539,81.065,82.392,83.563,84.666
478,"MRT","Mauritania",3.102,4.638,6.88,10.09,14.564,20.569,27.371,34.994,39.323,38.705,38.091,42.111,46.588,51.089,55.327,59.201,62.662,65.68,68.238,70.604
480,"MUS","Mauritius",29.327,31.619,35.111,38.767,42.556,43.443,42.351,42.325,43.9,43.284,42.67,42.112,41.555,41,40.76,41.043,41.85,43.19,45.069,47.276
484,"MEX","Mexico",42.655,46.68,50.753,54.931,59.021,62.759,66.339,68.95,71.419,73.368,74.722,76.308,77.815,79.285,80.731,82.14,83.501,84.799,86.018,87.153
583,"FSM","Micronesia",20,21.133,22.312,23.537,24.808,25.858,26.445,26.149,25.818,25.068,22.33,22.33,22.298,22.456,22.933,23.744,24.911,26.463,28.29,30.191
498,"MDA","Moldova",18.5,20.66,23.424,27.566,32.068,36.222,40.387,44.176,46.762,46.294,44.589,42.775,42.62,42.49,42.849,43.852,45.501,47.793,50.688,53.8
492,"MCO","Monaco",100,100,100,100,100,100,100,100,100,100,100,100,100,100,100,100,100,100,100,100
496,"MNG","Mongolia",20,26.619,35.679,42.114,45.052,48.656,52.083,55.04,57.033,56.805,57.133,62.494,67.567,68.23,68.657,69.452,70.611,72.103,73.878,75.832
499,"MNE","Montenegro",12.723,15.515,18.788,22.566,26.853,31.622,36.813,42.325,48.037,53.365,58.544,62.465,64.14,65.806,67.488,69.179,70.869,72.546,74.19,75.77
504,"MAR","Morocco",26.184,27.74,29.357,31.862,34.477,37.714,41.21,44.779,48.391,51.692,53.335,55.174,58.018,60.809,63.532,66.16,68.672,71.042,73.244,75.284
508,"MOZ","Mozambique",5.472,6.133,6.868,7.86,8.99,10.869,13.158,18.326,25,27.495,29.098,29.999,31.83,34.4,37.074,39.904,42.874,45.953,49.09,52.205
104,"MMR","Myanmar",16.158,17.616,19.226,20.971,22.83,23.922,23.973,24.381,25.243,26.124,27.025,27.946,28.885,29.858,31.141,32.846,34.99,37.587,40.615,43.848
516,"NAM","Namibia",13.408,15.526,17.909,20.035,22.292,23.651,25.066,26.366,27.656,29.813,32.373,36.632,41.616,46.9,52.033,56.681,60.762,64.233,67.077,69.492
520,"NRU","Nauru",100,100,100,100,100,100,100,100,100,100,100,100,100,100,100,100,100,100,100,100
524,"NPL","Nepal",2.677,3.053,3.48,3.737,3.956,4.83,6.091,7.386,8.854,10.883,13.397,15.149,16.768,18.557,20.576,22.838,25.35,28.099,31.036,34.136
528,"NLD","Netherlands",56.136,57.98,59.752,60.753,61.663,63.183,64.745,66.719,68.684,72.809,76.795,82.63,87.134,90.173,92.236,93.708,94.751,95.484,95.989,96.332
540,"NCL","New Caledonia",24.589,30.602,37.36,44.646,51.232,55.165,57.426,58.834,59.577,60.288,61.919,63.965,67.102,69.379,71.518,73.486,75.289,76.934,78.426,79.802
554,"NZL","New Zealand",72.523,73.627,75.998,78.891,81.106,82.774,83.428,83.673,84.742,85.553,86.021,86.341,86.16,86.341,86.699,87.203,87.835,88.576,89.401,90.256
558,"NIC","Nicaragua",35.196,37.363,39.581,42.707,47.03,48.898,50.292,51.684,53.075,54.437,55.185,55.935,56.917,57.895,59.012,60.475,62.263,64.341,66.658,69.079
562,"NER","Niger",4.857,5.306,5.793,6.809,8.794,11.419,13.443,14.536,15.368,15.773,16.186,16.242,16.221,16.247,16.626,17.428,18.695,20.492,22.868,25.552
566,"NGA","Nigeria",9.35,12.055,15.41,16.551,17.76,19.78,21.97,25.635,29.68,32.205,34.84,39.074,43.48,47.838,51.958,55.762,59.189,62.184,64.856,67.441
570,"NIU","Niue",21.5,21.503,21.506,21.509,21.095,23.355,27.031,31.048,30.895,31.452,33.069,35.212,38.68,42.568,46.202,49.51,52.452,55.002,57.192,59.309
408,"PRK","North Korea",31,35.463,40.195,45.091,54.2,56.7,56.9,57.644,58.384,59.018,59.412,59.805,60.377,61.277,62.381,63.815,65.551,67.553,69.764,72.022
807,"MKD","North Macedonia",23.431,28.429,34.02,40.355,47.079,50.569,53.469,55.696,57.789,59.587,58.548,57.532,57.089,57.408,58.482,60.285,62.749,65.404,67.967,70.426
578,"NOR","Norway",50.458,50.223,49.92,57.568,65.396,68.187,70.545,71.31,71.956,73.787,76.02,77.675,79.102,81.091,82.974,84.632,86.083,87.345,88.436,89.379
512,"OMN","Oman",8.6,11.961,16.4,22.338,29.665,38.213,47.562,57.079,66.102,71.669,71.569,72.4,75.161,81.35,86.276,89.547,91.687,93.06,93.897,94.409
586,"PAK","Pakistan",17.521,19.712,22.104,23.511,24.817,26.341,28.066,29.344,30.576,31.836,32.982,33.982,34.997,36.026,37.165,38.708,40.68,43.082,45.897,49.027
585,"PLW","Palau",53.883,55.357,56.823,58.276,59.715,61.138,62.542,67.38,69.593,71.431,70.338,71.152,74.817,78.159,80.988,83.252,85.043,86.439,87.504,88.371
591,"PAN","Panama",35.763,38.469,41.249,44.431,47.64,49.038,50.447,52.143,53.903,58.141,62.198,63.682,65.14,66.696,68.414,70.268,72.223,74.234,76.209,78.079
598,"PNG","Papua New Guinea",1.7,2.521,3.725,5.47,9.796,11.93,13.047,13.998,14.994,14.081,13.204,13.109,13.019,13.012,13.345,14.054,15.185,16.806,18.95,21.355
600,"PRY","Paraguay",34.568,35.067,35.569,36.243,37.065,38.981,41.688,44.983,48.694,52.131,55.331,57.633,59.261,60.75,62.183,63.838,65.702,67.741,69.91,72.129
604,"PER","Peru",41,43.884,46.811,51.868,57.406,61.461,64.574,66.864,68.901,70.951,73.042,75.034,76.43,77.357,78.297,79.362,80.537,81.797,83.114,84.443
608,"PHL","Philippines",27.135,28.702,30.297,31.604,32.979,35.56,37.456,42.235,46.986,46.56,46.135,45.71,45.332,46.284,47.408,48.958,50.924,53.285,55.999,58.912
616,"POL","Poland",38.338,43.194,47.892,50.126,52.125,55.28,58.086,59.942,61.27,61.493,61.716,61.452,60.892,60.278,60.043,60.467,61.539,63.231,65.482,67.985
620,"PRT","Portugal",31.195,32.96,34.955,36.866,38.804,40.779,42.785,45.298,47.915,51.109,54.399,57.522,60.567,63.514,66.31,68.933,71.366,73.588,75.605,77.511
634,"QAT","Qatar",80.52,83.03,85.275,87.054,88.354,88.909,89.363,90.1,92.786,94.998,96.311,97.396,98.501,98.945,99.235,99.417,99.532,99.604,99.648,99.677
178,"COG","Republic of Congo",24.926,28.143,31.601,35.273,39.129,43.264,47.857,52.221,54.324,56.413,58.695,60.988,63.256,65.543,67.829,70.085,72.28,74.372,76.357,78.232
642,"ROU","Romania",25.625,30.619,34.209,37.697,40.319,42.831,46.07,49.641,53.217,53.769,53.004,53.174,53.829,53.887,54.194,55.113,56.63,58.717,61.309,64.034
643,"RUS","Russia",44.087,48.954,53.731,58.173,62.471,66.427,69.751,71.923,73.394,73.372,73.35,73.463,73.687,74.05,74.754,75.776,77.084,78.63,80.289,81.859
646,"RWA","Rwanda",2.114,2.345,2.6,2.882,3.194,3.998,4.721,5.057,5.416,9.837,14.926,16.912,16.934,17.004,17.432,18.289,19.619,21.485,23.931,26.681
652,"BLM","Saint Barthelemy",NA,NA,NA,NA,NA,NA,NA,NA,NA,NA,NA,NA,NA,NA,NA,NA,NA,NA,NA,NA
659,"KNA","Saint Kitts and Nevis",26.518,27.018,27.644,30.855,34.141,35.027,35.882,35.243,34.609,33.715,32.778,32.028,31.322,30.827,30.843,31.368,32.416,34.011,36.051,38.165
662,"LCA","Saint Lucia",19.199,20.306,21.46,22.66,23.907,25.2,26.54,27.923,29.349,28.765,27.774,23.085,18.45,18.515,18.841,19.451,20.364,21.609,23.181,24.871
670,"VCT","Saint Vincent and the Grenadines",21.705,23.759,25.943,28.252,30.683,33.225,35.87,38.602,41.409,43.38,45.186,47.032,48.961,50.964,53.032,55.152,57.293,59.41,61.493,63.534
882,"WSM","Samoa",12.886,17.406,18.926,19.301,20.353,20.992,21.173,21.2,21.2,21.526,21.977,21.218,20.078,18.914,17.889,17.352,17.288,17.695,18.597,19.986
674,"SMR","San Marino",43.2,46.037,48.9,54.402,59.8,71.484,81.231,88.291,90.4,91.664,93.44,94.453,95.74,96.739,97.499,98.021,98.377,98.618,98.779,98.882
678,"STP","Sao Tome and Principe",13.49,14.735,16.073,21.833,29.518,31.639,33.482,38.049,43.648,48.631,53.424,59.165,64.952,70.174,74.354,77.593,80.032,81.8,83.053,84.185
682,"SAU","Saudi Arabia",21.3,25.966,31.25,38.769,48.669,58.349,65.86,72.647,76.583,78.67,79.848,80.979,82.084,83.18,84.287,85.391,86.481,87.542,88.548,89.483
686,"SEN","Senegal",17.23,19.958,23,26.351,30,33.693,35.769,37.549,38.896,39.606,40.32,41.714,43.773,45.862,48.122,50.589,53.237,56.025,58.888,61.723
688,"SRB","Serbia",20.306,24.42,29.064,34.202,39.744,43.128,46.146,48.341,50.393,51.651,52.769,53.883,54.993,55.696,56.446,57.646,59.279,61.315,63.701,66.276
690,"SYC","Seychelles",27.399,27.455,27.673,33.123,39.068,46.266,49.366,49.292,49.27,49.633,50.433,51.67,53.336,55.4,57.546,59.663,61.745,63.784,65.775,67.712
694,"SLE","Sierra Leone",12.56,14.796,17.352,20.379,23.969,27.729,29.819,31.997,33.252,34.429,35.626,36.919,38.856,40.829,42.923,45.268,47.849,50.638,53.587,56.589
702,"SGP","Singapore",99.445,100,100,100,100,100,100,100,100,100,100,100,100,100,100,100,100,100,100,100
534,"SXM","Sint Maarten",100,100,100,100,100,100,100,100,100,100,100,100,100,100,100,100,100,100,100,100
703,"SVK","Slovakia",30.012,31.712,33.464,37.043,41.057,46.257,51.638,54.176,56.491,56.537,56.233,55.563,54.685,53.889,53.76,54.347,55.639,57.614,60.207,62.983
705,"SVN","Slovenia",19.922,23.816,28.204,32.497,37.004,42.374,48.045,49.584,50.39,50.622,50.754,51.533,52.658,53.781,55.118,56.802,58.811,61.113,63.647,66.247
90,"SLB","Solomon Islands",3.8,4.679,5.768,7.245,8.917,9.125,10.576,12.433,13.677,14.664,15.813,17.832,20.048,22.36,24.67,26.935,29.116,31.171,33.16,35.21
706,"SOM","Somalia",12.726,14.873,17.312,19.964,22.678,25.498,26.763,28.067,29.658,31.425,33.247,36.311,39.31,43.245,46.141,49.119,52.144,55.167,58.119,60.985
710,"ZAF","South Africa",42.23,44.413,46.619,47.248,47.809,48.109,48.425,49.372,52.037,54.486,56.891,59.536,62.218,64.828,67.354,69.773,72.065,74.209,76.184,78.045
410,"KOR","South Korea",21.354,24.392,27.71,32.351,40.704,48.033,56.72,64.876,73.844,78.239,79.621,81.345,81.936,81.634,81.414,81.555,82.049,82.873,83.982,85.249
728,"SSD","South Sudan",8.865,8.806,8.748,8.69,8.633,8.576,8.519,9.844,13.276,15.873,16.504,17.154,17.86,18.852,20.199,21.943,24.131,26.779,29.684,32.764
724,"ESP","Spain",51.92,54.224,56.567,61.278,66.038,69.57,72.789,74.213,75.351,75.856,76.262,77.263,78.442,79.602,80.81,82.053,83.313,84.57,85.796,86.944
144,"LKA","Sri Lanka",15.327,15.647,16.431,17.11,17.598,18.097,18.607,18.613,18.535,18.458,18.38,18.303,18.226,18.256,18.713,19.641,21.085,23.111,25.72,28.579
275,"PSE","State of Palestine",37.3,40.627,44.044,48.898,54.298,59.6,62.388,65.095,67.709,70.216,71.969,73.061,74.149,75.368,76.719,78.176,79.707,81.267,82.757,84.152
729,"SDN","Sudan",6.824,8.584,10.746,13.373,16.523,18.943,19.959,22.937,28.61,32.232,32.495,32.76,33.089,33.894,35.253,37.185,39.705,42.772,46.014,49.291
740,"SUR","Suriname",46.888,47.074,47.26,47.109,45.948,53.749,64.96,65.334,65.706,66.076,66.444,66.682,66.344,66.056,66.149,66.672,67.615,68.957,70.647,72.373
752,"SWE","Sweden",65.724,69.269,72.49,77.056,81.034,82.73,83.087,83.1,83.1,83.824,84.026,84.319,85.056,86.553,87.977,89.208,90.266,91.172,91.946,92.609
756,"CHE","Switzerland",67.381,69.143,70.924,72.417,73.843,74.208,74.477,74.227,73.926,73.654,73.383,73.478,73.607,73.718,73.915,74.466,75.367,76.587,78.083,79.754
760,"SYR","Syria",32.698,34.723,36.807,40.006,43.345,45.061,46.708,47.891,48.931,50.104,51.947,53.782,55.6,52.168,55.475,58.673,61.722,64.589,67.24,69.651
158,"TWN","Taiwan",26.842,29.074,31.412,33.857,36.484,39.784,48.718,57.73,66.257,68.381,69.866,72.292,74.687,76.916,78.942,80.77,82.406,83.858,85.149,86.35
762,"TJK","Tajikistan",29.378,31.242,33.168,35.152,36.876,35.536,34.289,33.235,31.658,28.877,26.501,26.51,26.52,26.742,27.506,28.836,30.769,33.342,36.434,39.666
834,"TZA","Tanzania",3.491,4.409,5.246,6.03,7.852,11.146,14.555,16.767,18.884,20.543,22.309,24.845,28.114,31.617,35.227,38.862,42.447,45.901,49.128,52.29
764,"THA","Thailand",16.479,18.041,19.672,20.221,20.889,23.758,26.791,28.095,29.424,30.276,31.386,37.411,43.856,47.694,51.43,55.024,58.42,61.574,64.447,67.018
626,"TLS","Timor-Leste",9.892,9.991,10.091,11.353,12.886,14.593,16.483,18.563,20.842,22.534,24.263,26.041,27.732,29.49,31.32,33.23,35.217,37.274,39.391,41.552
768,"TGO","Togo",4.384,6.695,10.098,14.95,21.28,22.927,24.663,26.562,28.589,30.705,32.907,35.185,37.533,40.1,42.8,45.642,48.599,51.628,54.665,57.648
776,"TON","Tonga",12.885,15.483,17.552,19.499,20.187,20.337,21.154,22.268,22.704,22.864,23.012,23.155,23.389,23.275,23.099,23.275,23.824,24.764,26.122,27.884
780,"TTO","Trinidad and Tobago",26.26,30.059,34.155,38.498,43.035,47.691,52.284,53.205,54.124,55.04,55.905,54.967,54.025,53.319,53.214,53.709,54.8,56.477,58.577,60.668
788,"TUN","Tunisia",32.293,35.244,37.511,39.724,43.482,47.588,50.569,53.839,57.946,61.474,63.432,65.237,66.657,68.056,69.568,71.22,72.985,74.827,76.702,78.516
792,"TUR","Turkey",24.774,28.553,31.515,34.227,38.234,41.586,43.78,52.448,59.203,62.123,64.741,67.84,70.825,73.611,76.105,78.312,80.247,81.923,83.369,84.704
795,"TKM","Turkmenistan",44.963,45.686,46.412,47.139,47.78,47.557,47.078,45.976,45.075,44.794,45.913,47.052,48.491,50.317,52.516,55.058,57.878,60.754,63.557,66.271
796,"TCA","Turks and Caicos Islands",47.2,47.405,47.679,49.392,51.106,53.063,55.259,65.439,74.343,79.928,84.55,87.745,90.228,92.195,93.605,94.606,95.311,95.795,96.122,96.411
798,"TUV","Tuvalu",11.193,13.37,15.895,18.793,22.081,25.761,29.822,34.251,40.661,43.97,46.018,49.699,54.796,59.73,64.014,67.587,70.488,72.773,74.515,76.079
800,"UGA","Uganda",2.82,3.532,4.417,5.509,6.664,7.04,7.534,9.152,11.076,12.846,14.786,16.96,19.383,22.06,24.954,28.012,31.193,34.438,37.666,40.866
804,"UKR","Ukraine",35.5,41.373,46.792,50.649,54.831,58.389,61.693,64.681,66.757,66.951,67.145,67.79,68.596,69.061,69.608,70.487,71.691,73.186,74.926,76.816
784,"ARE","United Arab Emirates",54.5,64.572,73.5,77.723,79.8,79.8,80.71,79.804,79.051,78.319,80.236,82.262,84.087,85.674,87.048,88.23,89.242,90.116,90.925,91.673
826,"GBR","United Kingdom",78.981,78.714,78.444,77.821,77.117,77.683,78.481,78.39,78.14,78.353,78.651,79.915,81.302,82.626,83.903,85.124,86.285,87.378,88.395,89.341
840,"USA","United States of America",64.153,67.163,69.996,71.879,73.602,73.653,73.738,74.494,75.3,77.257,79.057,79.928,80.772,81.671,82.664,83.734,84.858,86.011,87.136,88.184
858,"URY","Uruguay",77.926,79.107,80.241,81.328,82.368,83.387,85.394,87.194,88.973,90.542,92.028,93.319,94.414,95.045,95.515,95.931,96.298,96.623,96.911,97.165
860,"UZB","Uzbekistan",28.872,31.592,33.978,35.289,36.714,39.087,40.782,40.722,41.365,43.731,46.126,48.537,50.956,50.75,50.416,50.747,51.768,53.468,55.817,58.669
548,"VUT","Vanuatu",8.752,9.546,10.404,11.329,12.325,13.395,14.74,16.722,18.715,20.164,21.673,23.099,24.462,24.961,25.525,26.329,27.397,28.746,30.394,32.324
862,"VEN","Venezuela",47.313,54.556,61.613,67.022,71.852,75.786,79.185,81.925,84.284,86.014,87.559,87.954,88.083,88.154,88.279,88.578,89.04,89.645,90.368,91.145
704,"VNM","Viet Nam",11.641,13.094,14.7,16.421,18.3,18.782,19.247,19.561,20.257,22.166,24.374,27.281,30.417,33.809,37.34,40.909,44.455,47.909,51.196,54.281
876,"WLF","Wallis and Futuna Islands",0,0,0,0,0,0,0,0,0,0,0,0,0,0,0,0,0,0,0,0
732,"ESH","Western Sahara",31,31.095,31.19,36.185,42.092,59.458,75.688,82.281,84.089,85.522,85.775,86.023,86.268,86.51,86.829,87.273,87.831,88.488,89.226,89.985
887,"YEM","Yemen",5.8,7.279,9.1,11.026,13.3,14.844,16.534,18.373,20.931,23.76,26.267,28.936,31.776,34.777,37.908,41.125,44.356,47.562,50.79,54.012
894,"ZMB","Zambia",11.5,14.509,18.145,23.372,30.351,34.934,39.815,39.655,39.407,37.104,34.802,36.911,39.355,41.907,44.629,47.498,50.478,53.513,56.522,59.486
716,"ZWE","Zimbabwe",10.644,11.59,12.608,14.62,17.362,19.873,22.371,25.414,28.988,31.732,33.758,34.11,33.196,32.385,32.242,32.853,34.238,36.426,39.403,42.643
