"code","iso","country","WTA.raw.1992","WTA.raw.1993","WTA.raw.1994","WTA.raw.1995","WTA.raw.1996","WTA.raw.1997","WTA.raw.1998","WTA.raw.1999","WTA.raw.2000","WTA.raw.2001","WTA.raw.2002","WTA.raw.2003","WTA.raw.2004","WTA.raw.2005","WTA.raw.2006","WTA.raw.2007","WTA.raw.2008","WTA.raw.2009","WTA.raw.2010","WTA.raw.2011","WTA.raw.2012","WTA.raw.2013","WTA.raw.2014","WTA.raw.2015"
4,"AFG","Afghanistan",58.41,58.41,58.41,58.68,59.13,60.03,60.75,60.84,60.93,65.07,70.29,70.38,71.01,71.01,71.01,71.01,71.01,71.01,71.01,71.01,71.01,71.01,71.01,71.01
8,"ALB","Albania",80.64,80.64,80.64,80.64,80.55,81.45,81.81,81.45,81.18,81.18,81.18,80.55,80.28,80.28,80.1,80.1,79.92,79.83,79.74,79.74,79.74,79.56,79.65,79.65
12,"DZA","Algeria",20.7,20.7,20.7,20.52,20.43,20.34,20.34,20.25,20.25,20.25,20.25,20.25,20.25,20.25,20.7,21.6,21.6,21.6,21.6,21.6,21.6,21.6,21.6,21.6
20,"AND","Andorra",0,0,0,0,0,0,0,0,0,0,0,0,0,0,0,0,0,0,0,0,0,0,0,0
24,"AGO","Angola",7298.64,7298.64,7298.64,7287.93,7275.96,7269.12,7242.03,7212.51,7211.52,7215.66,7218.09,7218,7234.83,7241.31,7247.88,7264.35,7271.73,7285.5,7320.78,7314.84,7316.55,7321.68,7328.43,7328.43
660,"AIA","Anguilla",11.7,11.7,11.7,11.7,11.7,11.7,11.7,11.7,11.7,11.61,11.52,11.43,11.43,11.43,11.43,11.43,11.43,11.43,11.43,11.43,11.43,11.43,11.43,11.43
28,"ATG","Antigua and Barbuda",45.27,45.18,45.18,45.18,45.18,45.18,45.09,45.09,43.47,43.47,43.29,43.11,42.3,42.3,42.3,42.3,41.94,40.05,40.05,40.05,40.05,40.05,40.77,40.77
32,"ARG","Argentina",85058.46,85057.74,85057.2,84952.8,84892.41,84989.07,85456.26,86265.81,88191.9,89749.8,90337.5,91084.23,91300.5,91494.81,91885.86,92236.23,92922.66,93159.72,92535.48,92646.27,92677.14,92540.43,92188.62,92187.9
51,"ARM","Armenia",13.14,13.14,13.14,14.22,14.22,14.22,14.22,13.59,13.59,13.77,12.6,12.15,12.15,11.97,11.97,11.88,11.88,11.7,11.88,11.88,12.15,12.15,12.33,12.33
533,"ABW","Aruba",3.15,3.15,3.15,3.15,3.15,3.15,3.15,3.15,3.15,3.15,3.15,3.15,3.15,3.15,3.15,3.15,3.15,3.15,3.15,3.06,2.97,2.88,2.79,2.7
36,"AUS","Australia",100479.06,100478.25,100477.53,100252.71,100155.24,100019.43,99941.49,99744.93,99638.01,99821.25,99848.07,99923.31,99956.88,99978.75,99998.73,100009.44,100058.49,100113.21,100143.63,100206.54,100204.74,100203.3,100274.67,100274.49
40,"AUT","Austria",126.99,126.99,126.99,125.73,125.01,124.65,126.99,127.98,128.25,128.34,128.7,128.7,129.06,129.06,129.06,127.44,124.83,124.29,124.29,124.29,124.2,124.11,124.47,124.56
31,"AZE","Azerbaijan",33.39,33.39,33.39,33.39,33.39,33.21,33.3,33.3,33.21,32.49,32.49,32.49,32.67,32.67,33.21,33.39,34.2,36.09,36.99,37.53,38.07,39.69,41.94,41.94
44,"BHS","Bahamas",3106.8,3106.8,3106.35,3084.57,3077.55,3063.33,3057.3,3021.39,2949.03,2905.02,2909.07,2900.79,2894.76,2894.31,2886.21,2887.83,2874.24,2846.16,2845.8,2846.97,2846.7,2846.7,2848.77,2848.5
48,"BHR","Bahrain",1.26,1.26,1.26,1.26,1.8,1.8,1.8,1.8,1.8,1.44,1.44,1.44,1.44,1.44,1.44,1.44,1.44,1.44,1.44,1.44,1.44,1.44,1.44,1.44
50,"BGD","Bangladesh",357.66,357.66,357.66,358.47,357.48,357.12,356.31,354.24,351.18,351.54,351.72,350.55,351.45,352.35,354.51,359.91,361.89,362.25,363.78,362.7,362.61,362.25,360.27,360.27
52,"BRB","Barbados",2.88,2.88,2.79,2.79,2.7,2.7,2.7,2.61,2.52,2.52,2.25,2.25,2.25,2.16,1.8,1.53,1.35,1.17,1.17,0.9,0.81,0.72,0.72,0.72
112,"BLR","Belarus",401.22,401.13,401.13,412.2,412.38,413.73,413.91,424.62,427.5,427.23,426.33,426.96,426.96,425.7,423.9,422.82,419.13,418.23,418.32,420.3,421.47,421.2,420.3,420.3
56,"BEL","Belgium",97.29,96.93,96.48,95.94,95.94,95.58,95.85,95.67,95.67,96.57,94.41,93.87,96.21,96.12,96.03,101.07,102.87,103.68,110.16,110.07,112.59,112.86,112.68,112.68
84,"BLZ","Belize",152.46,152.46,152.37,125.1,125.01,125.01,124.65,124.47,123.66,121.14,121.14,119.25,118.98,118.53,117.72,115.92,115.65,116.01,115.38,114.3,114.21,114.3,114.21,113.94
204,"BEN","Benin",25.74,25.74,25.74,25.38,25.38,25.38,25.38,24.93,24.84,24.66,26.01,28.26,30.15,30.51,30.87,31.23,33.03,33.21,33.39,33.39,33.39,33.39,33.48,33.48
60,"BMU","Bermuda",8.64,8.64,8.64,8.64,8.64,8.64,8.64,8.64,8.64,8.64,8.64,8.64,8.64,8.64,8.64,8.64,8.64,8.64,8.64,8.64,8.64,8.64,8.64,8.64
64,"BTN","Bhutan",1.35,1.35,1.35,1.35,1.35,1.35,1.35,1.35,1.35,1.35,1.35,1.35,1.35,1.35,1.35,1.35,1.35,1.62,1.62,1.62,1.62,1.89,1.89,1.89
68,"BOL","Bolivia",26462.97,27268.38,27268.29,28042.92,28331.64,28520.28,28729.35,28914.93,29095.83,29138.76,29143.71,29106.9,29694.06,29648.25,29556.81,29435.22,29354.4,29316.78,29176.38,29095.38,29095.29,29036.43,29014.74,29014.65
70,"BIH","Bosnia and Herzegovina",57.24,57.24,57.24,57.69,56.52,56.52,56.52,56.52,57.06,57.24,57.24,57.24,58.77,59.31,59.31,59.22,58.68,58.68,58.68,58.95,58.95,58.95,58.59,58.59
72,"BWA","Botswana",7490.79,7490.79,7490.79,7489.26,7489.89,7491.15,7503.66,7536.24,7548.12,7556.85,7564.86,7586.19,7634.43,7637.13,7638.84,7657.29,7657.29,7645.68,7619.58,7507.71,7475.58,7473.87,7459.56,7459.56
76,"BRA","Brazil",127488.6,130193.73,130190.04,131513.31,132042.51,132588.27,132344.28,133148.07,133424.1,133320.6,133331.31,133651.71,139254.48,139425.3,139629.87,139888.08,140154.84,140289.21,140178.6,140168.16,140197.14,140232.96,140066.91,140064.3
92,"VGB","British Virgin Islands",27.36,27.36,27.36,25.38,25.38,25.38,25.38,25.38,25.29,24.3,24.3,24.3,24.3,24.3,24.3,24.3,24.3,24.3,24.3,24.21,24.21,24.03,24.03,24.03
96,"BRN","Brunei Darussalam",0,0,0,0,0,0,0,0,0,0,0,0,0,0,0,0,0,0,0,0,0,0,0,0
100,"BGR","Bulgaria",118.26,118.26,118.26,118.62,118.62,118.62,118.62,115.92,115.47,115.83,115.11,115.11,114.21,114.03,114.21,115.29,115.38,116.01,116.19,115.92,115.92,114.75,114.84,114.84
854,"BFA","Burkina Faso",281.34,281.25,281.25,281.25,281.43,281.34,281.7,282.42,284.58,284.85,285.21,284.76,284.76,285.57,286.02,286.02,286.02,286.2,286.74,287.37,287.1,287.28,285.03,285.03
108,"BDI","Burundi",247.05,247.05,247.05,249.03,249.12,250.65,251.91,253.26,253.17,252.18,251.82,251.55,251.46,251.28,251.37,252.54,252.36,252.45,252.27,249.75,249.48,249.3,249.48,249.48
132,"CPV","Cabo Verde",0.36,0.36,0.36,0.36,0.36,0.36,0.36,0.36,0.36,0.36,0.36,0.36,0.36,0.36,0.36,0.36,0.36,0.36,0.36,0.36,0.36,0.36,0.36,0.36
116,"KHM","Cambodia",4712.85,4712.85,4712.85,4718.16,4718.25,4732.2,4787.19,4947.12,5375.7,5468.31,5586.03,5655.15,6024.78,6142.68,6240.87,6350.94,6413.22,6421.5,6543.45,6611.85,6612.75,6615.54,6614.55,6614.55
120,"CMR","Cameroon",1741.86,1741.86,1741.86,1746.9,1743.03,1767.87,1777.23,1777.68,1781.37,1779.48,1782.99,1777.95,1773.9,1768.68,1790.19,1793.88,1804.86,1813.95,1818.99,1829.25,1835.19,1835.55,1812.87,1812.87
124,"CAN","Canada",120012.48,120008.97,120006.45,117113.85,115941.06,114865.92,112955.67,111072.87,104833.89,95558.58,91577.52,88124.13,84068.01,82321.92,80903.07,79783.65,78733.98,78002.73,78055.65,78021.99,78061.59,77972.4,78037.2,78068.79
136,"CYM","Cayman Islands",7.92,7.83,7.83,7.83,7.74,7.74,7.65,7.65,7.65,7.65,7.56,7.56,7.56,7.38,7.29,7.11,6.75,6.57,6.39,6.39,6.21,5.85,5.67,5.58
140,"CAF","Central African Republic",143.1,143.1,143.1,142.83,142.83,142.83,141.48,139.95,139.77,136.44,136.71,138.06,139.68,138.69,135.81,135.81,135.63,136.17,135.72,136.62,136.44,136.53,135.45,135.45
148,"TCD","Chad",6467.31,6467.31,6467.31,6504.12,6518.25,6532.2,6543.99,6562.08,6568.47,6596.1,6616.35,6649.29,6650.1,6666.12,6674.13,6675.57,6673.41,6672.42,6675.12,6679.44,6678.18,6671.25,6657.66,6657.66
152,"CHL","Chile",1205.19,1205.19,1205.19,1200.87,1200.96,1202.67,1200.42,1205.1,1216.26,1075.77,986.67,825.57,510.75,441.81,411.3,401.49,344.43,325.8,321.3,320.85,318.42,317.16,317.97,317.97
156,"CHN","China",31053.24,31047.12,31041.63,31085.19,31127.04,31145.04,31192.83,31374.18,31453.47,31818.33,31866.93,32037.39,32335.83,32383.98,32485.5,32781.69,32853.6,32927.49,33103.8,33285.51,33361.74,33354.9,33279.57,33270.93
170,"COL","Colombia",23626.26,23708.97,23708.16,23626.53,23626.71,23641.02,23662.44,23795.1,23784.48,23787.72,23812.56,23835.96,24223.23,24197.58,24145.38,24158.43,24191.91,24202.08,24221.16,24234.3,24256.44,24338.07,24492.15,24490.98
174,"COM","Comoros",0,0,0,0,0,0,0,0,0,0,0,0,0,0,0,0,0,0,0,0,0,0,0,0
184,"COK","Cook Islands",0,0,0,0,0,0,0,0,0,0,0,0,0,0,0,0,0,0,0,0,0,0,0,0
188,"CRI","Costa Rica",35.64,35.55,35.55,35.46,35.37,35.28,35.19,35.19,34.92,34.02,34.56,34.38,33.03,31.77,33.12,33.84,33.93,33.84,33.03,33.12,33.93,33.66,33.57,33.48
384,"CIV","Cote d'Ivoire",128.97,128.88,128.88,100.8,74.97,56.79,49.23,26.37,21.87,20.43,20.43,17.73,17.1,17.1,17.19,17.28,17.82,18.45,18.54,18.63,19.17,19.53,22.86,22.86
191,"HRV","Croatia",267.75,267.75,267.75,266.76,266.22,265.86,263.88,261.09,261.54,262.08,262.17,262.44,262.26,262.53,262.98,264.6,264.15,264.69,264.87,266.31,267.12,266.76,268.02,267.93
192,"CUB","Cuba",2287.35,2287.17,2286.9,2275.29,2270.43,2267.28,2264.13,2239.65,2228.49,2205.27,2198.79,2176.11,2175.12,2172.42,2165.13,2144.79,2121.39,2038.59,2043.36,2046.87,2055.6,2061.54,2070.81,2069.1
531,"CUW","Curacao",14.94,14.94,14.85,14.76,14.76,14.67,14.58,14.58,14.49,14.49,14.49,14.4,14.4,14.4,14.4,14.13,13.77,13.59,13.23,12.69,12.33,11.88,11.79,11.7
196,"CYP","Cyprus",5.85,5.85,5.85,5.85,5.85,5.85,5.85,5.85,5.85,5.85,5.85,5.85,5.85,5.85,5.85,5.85,5.85,5.85,5.85,5.85,5.85,5.85,5.85,5.76
203,"CZE","Czech Republic",74.16,74.16,74.16,73.8,73.8,73.71,73.71,75.24,76.23,76.14,76.86,77.4,78.21,78.3,78.3,78.3,78.75,78.66,78.93,78.3,77.49,77.31,78.3,78.3
180,"COD","Dem. Rep. Congo",48009.42,48008.79,48008.16,47997.9,47981.16,48015.27,48044.34,48269.88,48280.23,48442.86,48433.14,48491.01,48608.1,48664.26,48667.23,48779.28,48861.9,48961.89,49053.06,49096.89,49113.45,49092.3,48998.34,48997.08
208,"DNK","Denmark",665.55,665.37,665.19,665.01,665.19,664.65,663.93,662.67,663.75,663.84,664.83,664.74,666.09,666.45,668.61,670.59,672.57,673.92,675.54,676.35,677.34,677.34,677.07,677.07
262,"DJI","Djibouti",945.45,945.45,945.45,945.45,945.45,945.45,945.45,945.45,945.45,945.45,945.45,945.45,945.45,945.45,945.45,945.45,945.45,945.45,945.45,945.45,945.45,945.45,945.45,945.45
212,"DMA","Dominica",0,0,0,0,0,0,0,0,0,0,0,0,0,0,0,0,0,0,0,0,0,0,0,0
214,"DOM","Dominican Republic",2135.88,2134.71,2133.72,2128.59,2127.15,2125.98,2122.74,2115.45,2107.08,2093.49,2087.82,2082.69,2076.66,2080.08,2074.32,2066.67,2047.77,2037.15,2040.03,2040.12,2034.81,2034.99,2035.71,2034.54
218,"ECU","Ecuador",1113.12,1115.1,1114.83,1112.22,1115.55,1118.61,1119.42,1118.7,1121.58,1117.08,1114.2,1109.43,1171.35,1162.35,1161.54,1162.98,1157.49,1152.18,1149.12,1148.58,1146.06,1143.09,1130.85,1129.32
818,"EGY","Egypt",11289.42,11289.24,11288.97,11189.88,11169.18,11160.09,11134.71,11121.75,11117.79,11131.02,11130.84,11130.93,11131.02,11148.75,11152.89,11145.33,11141.55,11137.32,11138.04,11129.67,11118.24,11105.01,11080.62,11077.74
222,"SLV","El Salvador",17.28,17.1,16.83,16.74,16.74,16.74,16.65,16.02,16.02,15.57,15.39,15.3,15.12,15.48,14.85,14.76,14.76,14.76,14.67,14.58,14.58,14.58,16.11,16.02
226,"GNQ","Equatorial Guinea",10.17,10.17,10.17,10.17,10.17,10.17,10.17,10.17,10.26,10.26,9.99,9.9,9.81,9.54,9.45,9.36,9.27,9.18,9.09,8.82,8.82,8.64,8.46,8.46
232,"ERI","Eritrea",221.22,221.22,221.22,222.12,224.64,224.55,226.89,269.37,270.09,270.09,270.09,270.09,270.09,270.18,270.45,272.52,274.23,274.23,274.5,274.5,274.5,274.5,274.59,274.59
233,"EST","Estonia",1826.19,1826.19,1826.19,1825.83,1826.01,1828.71,1832.04,1867.14,1878.66,1881.18,1887.48,1887.12,1898.73,1898.91,1903.32,1909.53,1912.32,1916.19,1929.24,1958.67,1970.46,1992.87,2019.42,2019.6
748,"SWZ","Eswatini",48.78,48.78,48.78,48.78,48.78,48.96,48.96,49.14,49.32,49.5,49.5,49.59,49.77,49.77,49.77,50.22,50.13,42.39,42.39,41.85,41.13,40.95,41.22,41.22
231,"ETH","Ethiopia",1688.04,1688.04,1687.95,1678.5,1677.87,1677.6,1683.54,1681.65,1675.35,1677.87,1675.35,1671.75,1665.72,1668.15,1667.16,1668.51,1668.51,1669.86,1669.86,1669.77,1670.04,1668.96,1667.61,1667.61
234,"FRO","Faeroe Islands",43.92,43.92,43.92,43.92,43.92,43.92,43.92,43.92,43.92,43.92,43.92,43.92,43.92,43.92,43.92,43.92,43.92,43.92,43.92,43.92,43.92,43.92,43.92,43.92
238,"FLK","Falkland Islands",0,0,0,0,0,0,0,0,0,0,0.09,0.18,0.18,0.18,1.08,1.08,1.08,1.17,1.17,1.17,1.17,1.17,1.17,1.17
242,"FJI","Fiji",0,0,0,0,0,0,0,0,0,0,0,0,0,0,0,0,0,0,0,0,0,0,0,0
246,"FIN","Finland",31359.87,31359.69,31359.51,30709.44,30503.79,30513.96,30556.44,29462.04,28997.46,27908.73,27473.76,27117.63,26054.01,25986.87,25859.16,25350.3,24912.81,24532.65,24575.4,24608.79,24590.61,24521.04,24163.38,24165.27
250,"FRA","France",2182.14,2187.36,2185.83,2197.26,2208.15,2218.14,2220.66,2227.68,2223.81,2224.44,2219.94,2213.01,2308.59,2308.41,2307.15,2307.42,2307.6,2308.32,2315.61,2315.61,2312.64,2305.98,2299.41,2298.06
258,"PYF","French Polynesia",0,0,0,0,0,0,0,0,0,0,0,0,0,0,0,0,0,0,0,0,0,0,0,0
266,"GAB","Gabon",292.86,292.77,292.77,288.81,261.63,220.77,202.41,199.98,199.53,199.44,195.57,195.57,192.51,192.69,192.87,192.96,192.78,192.42,191.61,190.17,190.26,189.99,189.45,189.45
270,"GMB","Gambia",44.64,44.64,44.64,44.82,44.82,44.82,44.91,44.91,45.09,45.09,45.09,45.09,43.47,43.29,43.29,43.29,43.2,42.66,42.21,42.21,42.21,42.21,42.21,42.03
268,"GEO","Georgia",87.48,87.48,87.48,87.39,87.39,87.57,88.56,90,92.25,93.24,94.77,94.95,95.04,95.22,95.49,95.4,95.22,95.4,95.31,95.49,95.49,95.49,96.3,96.3
276,"DEU","Germany",1257.66,1257.57,1257.12,1259.91,1264.41,1263.6,1264.32,1264.32,1264.5,1265.85,1267.11,1266.75,1268.1,1268.19,1269.36,1272.96,1274.31,1277.46,1277.82,1277.01,1276.29,1274.67,1266.03,1265.94
288,"GHA","Ghana",733.68,733.68,733.68,728.64,679.86,671.85,645.93,170.73,129.42,127.08,126.18,122.31,115.2,114.75,114.75,110.7,107.19,106.29,106.38,105.48,85.5,45.36,44.28,44.28
300,"GRC","Greece",267.84,267.84,267.75,268.65,268.56,268.47,268.47,268.92,269.1,270.27,270.36,270,269.37,268.65,268.47,268.74,270.81,271.53,270.81,270.36,270.36,270.36,269.19,269.1
304,"GRL","Greenland",1084.59,1084.59,1084.59,1084.59,1084.59,1084.59,1084.59,1084.59,1084.59,1084.59,1084.59,1084.59,1084.59,1084.59,1084.59,1084.59,1084.59,1084.59,1084.59,1084.59,1084.59,1084.59,1084.59,1084.59
308,"GRD","Grenada",0.63,0.63,0.63,0.63,0.63,0.54,0.54,0.54,0.54,0.54,0.54,0.54,0.54,0.54,0.54,0.54,0.54,0.54,0.54,0.54,0.54,0.54,0.54,0.54
320,"GTM","Guatemala",225.72,224.91,224.01,221.58,221.22,219.06,217.89,216.63,213.93,210.06,208.26,204.12,203.76,201.24,197.73,196.74,193.77,190.89,189,188.55,186.66,184.86,183.06,182.34
831,"GGY","Guernsey",0,0,0,0,0,0,0,0,0,0,0,0,0,0,0,0,0,0,0,0,0,0,0,0
324,"GIN","Guinea",29.43,29.43,29.43,28.98,28.98,28.98,28.98,28.53,30.42,30.6,31.32,32.4,30.87,26.19,17.37,13.68,11.7,11.7,11.79,11.79,11.7,11.61,11.61,11.61
624,"GNB","Guinea-Bissau",19.71,19.71,19.71,19.71,19.71,19.71,19.98,19.98,24.39,25.92,26.01,26.01,23.76,24.3,24.3,24.75,24.66,24.66,24.66,25.56,25.56,25.56,25.83,25.83
328,"GUY","Guyana",1054.35,1114.65,1114.38,1182.33,1215.9,1247.49,1263.87,1305.18,1302.66,1301.67,1293.66,1297.35,1419.66,1414.71,1413,1412.55,1414.44,1414.62,1415.7,1414.53,1411.11,1410.48,1410.57,1410.57
332,"HTI","Haiti",2954.25,2952.45,2951.01,2958.57,2957.85,2964.06,2982.15,2981.43,2985.84,2979.54,2972.07,2975.58,2975.76,2971.26,2968.11,2963.97,2962.17,2957.49,2961.81,2962.71,2962.35,2957.94,2959.11,2957.31
336,"VAT","Holy See",0,0,0,0,0,0,0,0,0,0,0,0,0,0,0,0,0,0,0,0,0,0,0,0
340,"HND","Honduras",176.85,176.76,176.76,157.41,158.58,157.14,158.58,156.51,160.11,154.98,154.62,149.22,149.67,149.58,150.03,150.12,149.67,150.12,151.74,151.83,151.65,151.74,153,153
344,"HKG","Hong Kong",5.13,5.04,5.04,5.22,5.22,5.13,5.04,5.31,5.31,5.31,5.31,5.22,5.22,5.22,5.49,6.66,7.11,7.11,7.11,7.74,8.91,8.91,8.82,8.73
348,"HUN","Hungary",538.38,538.2,538.02,535.05,533.43,533.07,532.35,531.9,531.09,530.01,528.48,528.39,526.41,525.78,525.33,526.5,525.78,528.48,530.55,536.4,536.58,536.49,532.89,532.8
352,"ISL","Iceland",7293.96,7293.96,7293.96,7293.96,7293.96,7293.87,7293.87,7293.87,7293.78,7293.78,7293.78,7293.78,7293.78,7293.78,7293.78,7293.78,7293.78,7293.78,7293.78,7293.78,7293.78,7293.78,7293.78,7293.78
356,"IND","India",18569.16,18569.16,18568.98,18609.03,18670.5,18692.1,18820.8,18853.56,18878.49,18880.83,18881.28,18885.33,18893.88,18905.4,18916.38,18947.97,19068.93,19086.75,19084.68,19069.83,19083.87,19087.74,19047.33,19046.34
360,"IDN","Indonesia",0,0,0,0,0,0,0,0,0,0,0,0,0,0,0,0,0,0,0,0,0,0,0,0
364,"IRN","Iran",908.64,908.64,908.64,917.64,927.54,927.72,938.97,1012.95,1013.13,1013.13,1012.95,1013.22,1012.95,1012.95,1014.66,1016.82,1049.67,1059.66,1060.11,1056.87,1058.94,1065.69,1066.41,1066.05
368,"IRQ","Iraq",189.27,189.27,189.27,190.35,193.05,193.59,196.56,228.15,237.51,239.58,247.77,256.59,267.48,267.3,292.23,299.97,312.66,326.61,335.07,336.78,347.58,348.3,348.21,348.21
372,"IRL","Ireland",8692.65,8692.65,8692.56,8700.75,8712.63,8710.38,8714.88,8702.1,8691.3,8689.59,8689.05,8698.14,8698.05,8703.54,8704.89,8707.23,8707.86,8710.02,8711.46,8716.14,8720.19,8719.92,8715.69,8715.69
833,"IMN","Isle of Man",0,0,0,0,0,0,0,0,0,0,0,0,0,0,0,0,0,0,0,0,0,0,0,0
376,"ISR","Israel",0.63,0.63,0.63,0.63,0.72,0.72,0.72,0.9,0.9,0.9,0.9,0.9,0.9,0.9,0.9,0.9,0.9,0.9,0.9,0.9,0.9,0.9,0.9,0.9
380,"ITA","Italy",359.37,359.28,359.19,360.9,360.81,360.27,359.73,357.84,357.12,357.75,358.2,357.93,357.48,356.85,357.39,357.75,360.81,360.09,360.36,359.73,359.55,359.46,360,359.1
388,"JAM","Jamaica",65.16,64.53,64.08,63,62.28,62.19,62.55,63,70.92,73.17,73.08,72.54,72.54,72.45,72.54,71.46,71.46,71.64,71.91,72.36,73.08,73.35,74.61,74.43
392,"JPN","Japan",708.75,708.66,708.57,714.15,714.6,716.04,729.99,750.24,756.99,756.63,756.63,760.05,767.79,767.43,769.86,772.47,775.62,782.1,785.16,789.21,794.25,799.2,804.51,804.33
832,"JEY","Jersey",0,0,0,0,0,0,0,0,0,0,0,0,0,0,0,0,0,0,0,0,0,0,0,0
400,"JOR","Jordan",0.45,0.45,0.45,0.45,0.45,0.45,0.45,0.54,0.54,0.54,0.63,0.63,0.63,0.63,0.63,0.63,0.63,0.63,0.63,0.63,0.63,0.63,0.63,0.63
398,"KAZ","Kazakhstan",11686.41,11686.41,11686.41,11686.5,11689.11,11691.81,11690.19,11700.9,11702.52,11696.76,11703.24,11713.86,11722.59,11738.16,11797.56,11826.27,11896.47,11949.39,11970.99,12040.74,12076.65,12089.79,12099.96,12099.96
404,"KEN","Kenya",9122.94,9122.94,9122.94,9128.88,9192.15,9208.08,9239.94,9420.93,9560.79,9593.64,9596.61,9603.54,9608.4,9610.2,9607.05,9608.58,9606.42,9609.3,9609.03,9608.67,9610.56,9609.93,9600.03,9599.85
296,"KIR","Kiribati",0,0,0,0,0,0,0,0,0,0,0,0,0,0,0,0,0,0,0,0,0,0,0,0
689,"XKX","Kosovo",1.89,1.89,1.89,1.89,1.89,1.89,1.89,1.89,1.89,1.89,1.89,1.89,1.89,1.89,1.89,1.89,1.89,1.89,1.89,1.89,1.89,1.89,1.89,1.89
414,"KWT","Kuwait",213.84,213.75,213.48,214.2,214.47,215.1,215.1,241.38,241.38,238.14,234.63,233.64,233.37,231.21,229.95,228.69,228.42,227.97,226.89,226.44,226.53,226.35,226.17,225.54
417,"KGZ","Kyrgyzstan",0,0,0,0,0,0,0,0,0,0,0,0,0,0,0,0,0,0,0,0,0,0,0,0
418,"LAO","Laos",855.18,855.18,855.18,855.99,844.47,841.05,840.96,842.31,845.01,848.7,849.96,849.96,856.89,857.43,857.34,866.34,870.3,847.89,843.57,842.13,845.37,845.91,855.27,855.27
428,"LVA","Latvia",1201.68,1201.23,1201.14,1199.43,1199.52,1200.06,1206.81,1236.6,1247.85,1248.75,1251.81,1255.5,1272.06,1275.39,1286.91,1305.18,1325.25,1331.28,1335.96,1378.62,1390.23,1396.98,1413.63,1413.63
422,"LBN","Lebanon",0,0,0,0,0,0,0,0,0,0,0,0,0,0,0,0,0,0,0,0,0,0,0,0
426,"LSO","Lesotho",9,9,9,9,9,9,9,9,9,9,9,9,9,9,9.09,9.09,9.09,9.09,9.09,9.09,9.09,9.09,9.09,9.09
430,"LBR","Liberia",37.35,37.17,36.99,32.22,31.41,31.41,31.77,31.77,28.98,27.18,26.91,24.93,23.31,23.22,22.86,22.41,22.23,22.41,23.04,23.22,23.67,24.39,27,27
434,"LBY","Libya",237.15,237.15,237.15,237.15,237.15,237.15,237.15,237.15,237.15,237.15,237.15,237.15,237.15,237.15,237.15,237.15,237.15,237.15,237.15,237.15,237.15,237.15,237.15,237.15
438,"LIE","Liechtenstein",0.09,0.09,0.09,0.09,0.09,0.09,0.09,0.09,0.09,0.09,0.09,0.09,0.09,0.09,0.09,0.09,0.09,0.09,0.09,0.09,0.09,0.09,0.09,0.09
440,"LTU","Lithuania",314.46,314.46,314.37,313.2,312.57,312.66,316.8,318.69,318.6,318.51,318.69,318.78,320.22,320.13,320.31,321.84,324.36,323.01,324.36,333.72,336.51,337.68,346.23,346.23
442,"LUX","Luxembourg",0,0,0,0,0,0,0,0,0,0,0,0,0,0,0,0,0.09,0.18,0.27,0.27,0.27,0.27,0.27,0.27
446,"MAC","Macao",0.81,0.81,0.81,0.9,0.9,0.9,0.9,1.08,1.08,1.08,1.08,1.08,1.08,1.08,1.08,1.08,1.8,1.8,1.8,1.8,4.05,3.96,3.87,3.87
450,"MDG","Madagascar",3237.66,3237.66,3237.48,3234.69,3231.18,3225.24,3224.88,3222.09,3211.83,3213.27,3214.98,3255.21,3295.98,3299.22,3310.02,3319.83,3340.17,3351.6,3384.54,3423.06,3431.43,3431.25,3443.67,3443.67
454,"MWI","Malawi",2062.08,2061.99,2061.81,2079.18,2095.56,2117.97,2142.45,2214.36,2235.51,2226.15,2191.86,2191.77,2222.1,2238.21,2244.42,2247.93,2249.55,2253.42,2267.1,2282.76,2300.49,2323.08,2327.22,2327.22
458,"MYS","Malaysia",0,0,0,0,0,0,0,0,0,0,0,0,0,0,0,0,0,0,0,0,0,0,0,0
462,"MDV","Maldives",0,0,0,0,0,0,0,0,0,0,0,0,0,0,0,0,0,0,0,0,0,0,0,0
466,"MLI","Mali",2967.12,2967.12,2967.12,2966.85,2964.87,2962.62,2943.99,2950.74,2952,2955.42,2957.67,2959.2,2956.95,2956.95,2965.95,2979.09,2995.83,2996.1,3000.78,3004.11,3006.9,3008.16,3002.85,3002.85
470,"MLT","Malta",0,0,0,0,0,0,0,0,0,0,0,0,0,0,0,0,0,0,0,0,0,0,0,0
584,"MHL","Marshall Islands",0,0,0,0,0,0,0,0,0,0,0,0,0,0,0,0,0,0,0,0,0,0,0,0
478,"MRT","Mauritania",1923.66,1922.85,1921.68,1930.05,1930.32,1929.6,1929.24,1931.85,1933.2,1933.2,1933.2,1933.11,1932.66,1932.66,1936.62,1936.62,1938.24,1937.16,1936.89,1936.8,1936.8,1936.71,1936.44,1936.44
480,"MUS","Mauritius",0.81,0.81,0.81,0.81,0.81,0.81,0.81,0.81,0.81,0.72,0.63,0.63,0.63,0.54,0.45,0.45,0.36,0.27,0.27,0.27,0.27,0.27,0.27,0.27
484,"MEX","Mexico",1522.17,1521,1519.65,1326.51,1305.9,1280.16,1252.8,1228.05,1197.45,1094.04,999.09,882.18,811.08,756.18,742.59,738.72,724.86,718.83,718.65,722.79,722.52,721.08,722.34,721.26
583,"FSM","Micronesia",0,0,0,0,0,0,0,0,0,0,0,0,0,0,0,0,0,0,0,0,0,0,0,0
498,"MDA","Moldova",41.22,41.22,41.22,41.94,42.57,42.57,42.48,42.57,42.57,42.3,42.3,42.3,42.3,42.39,42.39,43.29,43.29,44.46,44.46,44.46,46.53,47.34,47.34,47.34
492,"MCO","Monaco",0,0,0,0,0,0,0,0,0,0,0,0,0,0,0,0,0,0,0,0,0,0,0,0
496,"MNG","Mongolia",3705.84,3705.84,3705.48,3704.31,3703.95,3703.68,3704.76,3710.7,3710.25,3711.69,3713.04,3712.59,3713.67,3713.94,3714.03,3716.37,3716.46,3717.36,3717.9,3717.63,3718.62,3716.73,3715.56,3715.56
499,"MNE","Montenegro",107.82,107.82,107.82,101.43,101.43,101.43,101.43,101.34,100.53,100.53,100.53,100.17,99.54,100.35,100.35,101.16,101.25,101.25,101.25,101.43,101.7,101.7,102.06,102.06
504,"MAR","Morocco",0.72,0.72,0.72,0.72,0.72,0.72,0.72,0.72,0.72,0.72,0.72,0.72,0.72,0.72,0.72,0.72,0.72,0.72,0.72,0.72,0.72,0.72,0.72,0.72
508,"MOZ","Mozambique",14206.95,14206.95,14206.95,14762.34,14928.21,15329.43,15741.27,16243.29,17398.8,17582.13,17759.52,17774.91,17880.66,17888.58,17886.6,17886.15,17902.08,17905.59,17901.63,17878.77,17860.95,17815.68,17758.71,17757.9
104,"MMR","Myanmar",588.51,588.51,588.51,588.78,583.65,585.63,586.89,572.85,572.85,576.63,583.65,583.65,585.63,587.79,590.85,596.07,603,618.57,623.52,622.98,624.78,625.41,629.28,629.28
516,"NAM","Namibia",1429.11,1429.11,1429.11,1429.2,1429.65,1430.01,1431.45,1434.24,1437.03,1437.75,1438.11,1437.21,1435.95,1428.21,1411.65,1395.09,1384.2,1355.04,1268.46,1268.37,1268.37,1268.37,1268.28,1268.28
520,"NRU","Nauru",0,0,0,0,0,0,0,0,0,0,0,0,0,0,0,0,0,0,0,0,0,0,0,0
524,"NPL","Nepal",22.05,22.05,22.05,22.05,22.05,22.23,22.23,22.23,22.23,22.23,22.23,22.23,22.23,22.23,22.23,22.23,22.23,22.23,22.23,22.23,22.23,22.32,22.32,22.32
528,"NLD","Netherlands",729.45,728.55,727.92,727.92,728.1,727.65,726.66,717.84,717.3,717.75,713.07,710.19,706.86,707.13,707.31,707.85,704.34,703.71,703.8,702.72,703.08,702.63,696.87,696.87
540,"NCL","New Caledonia",0,0,0,0,0,0,0,0,0,0,0,0,0,0,0,0,0,0,0,0,0,0,0,0
554,"NZL","New Zealand",1203.48,1203.48,1203.39,1204.02,1204.2,1205.37,1206.09,1220.58,1233.54,1252.62,1254.42,1258.92,1263.78,1264.5,1264.95,1269.36,1270.53,1272.06,1274.67,1276.2,1282.5,1290.78,1296.36,1296.36
558,"NIC","Nicaragua",307.8,307.53,307.35,307.71,307.44,314.73,326.16,355.5,366.12,369.9,371.43,370.8,370.44,371.07,371.43,371.61,372.33,372.51,372.6,374.67,374.49,374.58,375.39,375.39
562,"NER","Niger",1817.28,1817.28,1817.28,1818,1818,1818,1818.9,1818.9,1818.9,1836.27,1853.37,2003.58,2003.58,2003.58,2003.58,2002.95,2002.95,2002.95,2002.95,2002.95,2002.95,2002.95,2002.95,2002.95
566,"NGA","Nigeria",3740.76,3740.58,3740.49,3727.8,3722.13,3705.84,3701.97,3686.67,3687.93,3765.33,3783.78,3784.59,3791.34,3800.16,3802.05,3802.59,3800.16,3801.06,3807.27,3825.09,3825.99,3825.81,3821.67,3821.49
570,"NIU","Niue",0,0,0,0,0,0,0,0,0,0,0,0,0,0,0,0,0,0,0,0,0,0,0,0
408,"PRK","North Korea",63.18,63.18,63.18,62.91,62.73,62.73,62.64,63.09,64.26,64.71,64.71,64.62,65.61,65.79,68.49,70.92,77.49,77.04,78.3,80.01,81,78.03,79.74,85.41
807,"MKD","North Macedonia",10.44,10.44,10.44,10.44,10.44,10.98,11.34,16.11,17.19,18.9,19.53,19.53,19.62,19.35,19.35,19.35,19.44,19.44,19.53,19.44,19.44,19.44,18.81,18.81
578,"NOR","Norway",33140.79,33136.38,33131.61,32782.32,32624.19,32324.22,32263.83,29389.68,29015.91,28794.96,28674.72,28629.81,28511.64,28506.6,28434.33,28246.77,27776.25,27189.18,27198.81,27349.65,27395.37,27367.29,27032.76,27035.46
512,"OMN","Oman",32.13,32.13,32.13,34.02,36.09,36.18,36.99,37.89,39.06,38.97,38.97,42.57,42.3,42.3,42.3,42.12,42.12,42.03,42.03,42.03,42.03,42.03,41.58,41.31
586,"PAK","Pakistan",6106.77,6106.59,6106.59,6144.39,6219,6238.71,6290.46,6340.5,6430.77,6469.02,6489.54,6489.45,6488.82,6489,6518.07,6531.57,6614.46,6631.83,6638.13,6617.07,6649.74,6650.46,6648.12,6647.94
585,"PLW","Palau",0,0,0,0,0,0,0,0,0,0,0,0,0,0,0,0,0,0,0,0,0,0,0,0
591,"PAN","Panama",91.89,91.53,91.35,89.19,88.83,88.29,88.02,88.74,89.01,89.64,88.92,88.47,89.73,90,87.3,83.61,84.33,82.35,81.36,79.83,79.74,78.48,78.21,77.94
598,"PNG","Papua New Guinea",0,0,0,0,0,0,0,0,0,0,0,0,0,0,0,0,0,0,0,0,0,0,0,0
600,"PRY","Paraguay",29137.41,29137.41,29137.41,29150.19,29129.4,29073.69,29117.7,29180.16,29849.67,30411.81,30562.56,30742.38,30167.64,30138.21,30156.3,30260.16,30458.61,30609.09,30718.08,30792.87,30843.99,30848.31,30829.32,30829.23
604,"PER","Peru",2170.98,2322.09,2322.09,2382.75,2422.53,2453.67,2494.62,2679.48,2699.64,2691.09,2699.46,2695.77,3811.59,3829.41,3817.71,3800.61,3813.12,3812.22,3820.05,3819.33,3821.49,3817.62,3831.21,3831.21
608,"PHL","Philippines",0,0,0,0,0,0,0,0,0,0,0,0,0,0,0,0,0,0,0,0,0,0,0,0
616,"POL","Poland",932.13,932.13,932.13,931.59,929.79,928.53,928.26,926.73,924.66,925.11,927,927.81,929.61,931.05,933.57,937.89,942.03,943.83,945,945.99,945.99,945.9,942.21,942.21
620,"PRT","Portugal",159.75,159.57,159.48,159.21,159.39,159.48,159.75,166.32,166.32,166.5,166.77,166.86,166.5,166.32,166.41,165.78,166.77,166.68,166.86,166.68,166.68,167.4,168.12,168.03
634,"QAT","Qatar",0.18,0.18,0.18,0.18,0.18,0.18,0.18,0.18,0.54,0.54,0.54,0.54,0.54,0.54,0.54,0.54,0.54,0.54,0.54,0.45,0.45,0.45,0.45,0.45
178,"COG","Republic of Congo",1017.09,1017.09,1017.09,962.55,955.89,948.87,947.25,943.74,928.26,864.81,855.72,854.73,854.46,854.82,856.71,860.13,857.97,846.54,846.27,835.92,840.69,840.24,842.13,842.13
642,"ROU","Romania",2933.37,2933.28,2933.01,2932.02,2906.91,2901.6,2896.92,2867.13,2860.38,2871.45,2878.11,2876.67,2873.43,2883.42,2890.53,2901.42,2915.64,2923.29,2933.37,2934.09,2935.26,2935.17,2935.89,2935.62
643,"RUS","Russia",880331.58,880319.7,880306.74,871405.2,869504.49,868934.25,868851.81,859977.27,853532.91,845446.59,840604.59,836516.43,825257.97,824780.79,823656.33,818638.11,816183.99,813373.83,816395.13,816928.92,817967.43,817442.1,814221,814906.89
646,"RWA","Rwanda",746.73,746.73,746.73,747.81,749.43,750.33,750.6,768.78,769.14,769.86,765.9,763.29,762.57,763.56,767.07,764.1,765,763.56,763.74,763.92,762.66,762.66,762.3,762.3
652,"BLM","Saint Barthelemy",0.72,0.72,0.72,0.72,0.72,0.72,0.72,0.72,0.72,0.72,0.72,0.72,0.72,0.72,0.72,0.72,0.72,0.72,0.72,0.72,0.72,0.63,0.54,0.54
659,"KNA","Saint Kitts and Nevis",3.69,3.69,3.69,3.69,3.69,3.69,3.69,3.6,3.51,3.51,3.51,3.51,3.51,2.79,2.7,2.52,2.43,2.34,2.16,2.07,2.07,1.98,1.89,1.8
662,"LCA","Saint Lucia",1.35,1.35,1.35,1.35,1.35,1.26,1.26,1.26,1.26,1.26,1.26,1.26,1.26,1.26,1.26,1.26,1.26,1.26,1.26,1.26,1.26,1.26,1.26,1.26
670,"VCT","Saint Vincent and the Grenadines",0.99,0.99,0.99,0.99,0.99,0.99,0.99,0.99,0.9,0.9,0.9,0.9,0.9,0.9,0.9,0.9,0.9,0.9,0.9,0.9,0.9,0.9,0.63,0.54
882,"WSM","Samoa",0,0,0,0,0,0,0,0,0,0,0,0,0,0,0,0,0,0,0,0,0,0,0,0
674,"SMR","San Marino",0,0,0,0,0,0,0,0,0,0,0,0,0,0,0,0,0,0,0,0,0,0,0,0
678,"STP","Sao Tome and Principe",0.36,0.36,0.36,0.36,0.36,0.36,0.36,0.36,0.36,0.36,0.36,0.36,0.36,0.36,0.36,0.36,0.36,0.36,0.36,0.36,0.36,0.36,0.36,0.36
682,"SAU","Saudi Arabia",104.76,104.76,104.76,104.76,105.03,105.03,105.03,105.21,105.39,104.85,104.04,103.05,102.87,102.6,102.6,102.6,102.6,102.6,102.87,102.87,102.87,102.87,102.87,102.87
686,"SEN","Senegal",3621.96,3621.42,3621.15,3625.56,3627.63,3635.55,3639.69,3642.93,3645.27,3645,3645.63,3645.72,3645.36,3645.36,3645.72,3647.97,3646.08,3646.71,3641.4,3642.39,3641.4,3641.13,3634.83,3634.56
688,"SRB","Serbia",120.15,120.15,120.15,118.17,118.08,116.73,116.19,113.58,113.58,112.77,112.77,112.59,112.5,112.86,112.95,113.31,114.03,113.76,113.76,114.03,114.03,114.12,114.03,114.03
690,"SYC","Seychelles",0,0,0,0,0,0,0,0,0,0,0,0,0,0,0,0,0,0,0,0,0,0,0,0
694,"SLE","Sierra Leone",342,341.82,341.82,332.19,316.89,297.54,287.64,267.3,221.22,210.96,207.72,204.3,182.7,183.42,181.89,178.29,173.97,173.88,174.42,174.87,175.59,176.94,182.88,182.88
702,"SGP","Singapore",0,0,0,0,0,0,0,0,0,0,0,0,0,0,0,0,0,0,0,0,0,0,0,0
534,"SXM","Sint Maarten",8.91,8.91,8.91,8.91,8.91,8.91,8.82,8.46,8.19,7.56,7.56,7.56,7.47,7.47,7.47,7.47,7.38,7.38,7.29,7.29,7.11,5.85,5.4,5.31
703,"SVK","Slovakia",17.91,17.91,17.91,17.55,17.19,17.01,17.01,16.92,16.74,16.65,16.65,16.47,16.47,16.83,17.91,18.18,19.8,20.25,20.52,21.15,21.15,21.15,21.87,21.87
705,"SVN","Slovenia",13.68,13.68,13.68,13.68,13.68,13.68,13.68,13.68,13.68,13.68,13.68,13.77,13.95,13.95,15.3,15.3,15.3,16.11,16.11,16.11,16.2,16.2,16.65,16.65
90,"SLB","Solomon Islands",0,0,0,0,0,0,0,0,0,0,0,0,0,0,0,0,0,0,0,0,0,0,0,0
706,"SOM","Somalia",607.14,607.14,607.05,606.96,606.69,605.7,605.43,604.17,603.18,603.18,603.18,603.18,602.64,602.64,602.64,602.46,602.46,602.55,602.55,602.55,602.55,602.55,602.55,602.55
710,"ZAF","South Africa",2599.11,2597.85,2596.68,2594.34,2593.98,2595.33,2597.13,2609.91,2617.65,2616.93,2634.03,2649.51,2669.85,2664.54,2664.54,2662.11,2660.58,2660.58,2662.02,2662.83,2665.26,2663.19,2652.03,2651.13
410,"KOR","South Korea",83.97,83.88,83.88,84.24,84.6,84.6,84.78,85.14,85.05,86.85,87.21,88.47,93.6,94.32,97.56,99.72,109.98,113.31,114.3,116.91,122.31,122.76,126,125.82
728,"SSD","South Sudan",35503.56,35503.56,35503.56,36571.95,36589.59,36631.98,36794.52,37075.77,37107.45,37246.05,37401.3,37503,37489.32,37494.45,37422.45,37332.18,37286.55,37282.41,37287.18,37280.34,37261.35,37203.66,37078.56,37078.56
724,"ESP","Spain",558.45,557.28,556.47,556.74,558.99,559.62,559.44,584.73,586.44,586.62,586.17,587.07,594.27,595.53,594.54,594,592.74,591.39,589.41,588.69,588.87,587.43,580.41,580.05
144,"LKA","Sri Lanka",0.18,0.18,0.18,0.18,0.18,0.18,0.18,0.18,0.18,0.18,0.18,0.18,0.18,0.18,0.18,0.18,0.18,0.18,0.18,0.18,0.18,0.18,0.18,0.18
275,"PSE","State of Palestine",0,0,0,0,0,0,0,0,0,0,0,0,0,0,0,0,0,0,0,0,0,0,0,0
729,"SDN","Sudan",3676.68,3676.68,3676.59,3682.26,3683.88,3684.15,3685.68,3698.73,3700.8,3704.49,3707.1,3699,3692.34,3688.56,3679.02,3662.64,3662.19,3650.94,3649.77,3641.67,3644.37,3638.25,3601.71,3601.71
740,"SUR","Suriname",771.3,816.3,816.3,857.97,890.01,908.46,931.41,933.12,918.81,899.73,905.31,905.58,1110.6,1106.55,1106.91,1107,1108.35,1108.89,1110.6,1112.04,1111.68,1116.27,1116.27,1116.27
752,"SWE","Sweden",32560.83,32560.74,32560.29,32510.97,32572.8,32696.28,32880.24,33242.49,33742.35,33496.38,33600.87,33670.35,33393.78,33313.77,33099.93,32718.6,32086.89,31850.37,31903.38,32104.35,32119.47,32141.07,32077.35,32087.97
756,"CHE","Switzerland",19.8,19.8,19.8,19.17,18.9,18.45,18.45,18.18,18.18,18.18,18.18,18.36,18.45,18.36,18.45,18.54,18.54,18.99,18.99,18.99,18.99,18.81,18.9,18.9
760,"SYR","Syria",3.06,3.06,3.06,3.06,3.06,3.06,3.06,3.06,3.06,3.24,3.6,3.6,3.6,3.6,3.6,3.6,3.6,3.6,3.6,3.6,3.6,3.6,3.6,3.6
158,"TWN","Taiwan",494.1,493.65,492.48,491.94,490.14,489.78,489.24,488.97,488.52,482.58,479.97,477.81,471.51,467.37,464.58,462.33,458.73,456.93,452.34,449.28,445.77,438.57,439.2,435.96
762,"TJK","Tajikistan",58.77,58.77,58.77,58.77,58.77,58.77,58.77,58.77,58.77,58.77,58.77,58.77,58.77,58.77,58.77,58.77,58.77,58.77,58.77,58.77,58.77,58.77,58.77,58.77
834,"TZA","Tanzania",43001.82,43001.82,43001.82,43068.24,43083,43102.35,43230.33,43425.72,43685.73,43763.67,43784.64,43840.8,44318.97,44381.97,44478.72,44582.4,44606.25,44668.98,44845.92,45026.37,45063.09,45180.18,45233.91,45232.47
764,"THA","Thailand",116.82,116.82,116.82,117.54,117.99,117.63,118.17,118.35,118.35,119.88,123.57,124.02,127.62,128.16,128.61,129.69,129.87,130.23,131.85,131.22,131.22,130.86,127.98,127.98
626,"TLS","Timor-Leste",0,0,0,0,0,0,0,0,0,0,0,0,0,0,0,0,0,0,0,0,0,0,0,0
768,"TGO","Togo",18.27,18.27,18.27,18.27,18.27,18.27,18.27,5.22,5.13,5.13,5.13,5.58,6.03,6.03,9.09,10.17,10.89,12.06,12.06,12.15,12.15,12.15,12.15,12.15
776,"TON","Tonga",0,0,0,0,0,0,0,0,0,0,0,0,0,0,0,0,0,0,0,0,0,0,0,0
780,"TTO","Trinidad and Tobago",20.88,20.88,20.88,20.7,20.7,20.7,20.61,20.61,20.61,20.52,20.34,19.62,18.99,18.63,18,17.55,17.01,16.74,16.47,16.29,16.11,15.93,15.93,15.93
788,"TUN","Tunisia",3.96,3.96,3.96,3.96,3.96,3.96,3.96,4.23,4.41,4.41,4.41,4.41,4.41,4.41,4.41,4.41,4.41,4.41,4.41,4.41,4.41,4.41,4.41,4.41
792,"TUR","Turkey",2079.81,2079.45,2079.36,2085.21,2088.63,2088.36,2089.35,2091.87,2095.92,2099.07,2109.24,2109.69,2113.56,2115.63,2119.41,2120.58,2125.98,2123.46,2123.55,2120.22,2119.41,2117.07,2111.22,2110.14
795,"TKM","Turkmenistan",12.42,12.42,12.42,12.42,12.42,12.42,12.42,12.42,12.42,12.42,12.42,12.42,12.42,12.51,12.51,12.51,12.51,12.51,12.69,13.77,14.49,14.49,15.48,15.48
796,"TCA","Turks and Caicos Islands",295.56,295.47,295.38,295.92,295.92,295.92,295.83,295.74,295.56,295.56,294.75,294.03,294.03,294.03,294.03,294.03,294.03,294.03,294.03,294.03,294.03,292.23,292.32,292.32
798,"TUV","Tuvalu",0,0,0,0,0,0,0,0,0,0,0,0,0,0,0,0,0,0,0,0,0,0,0,0
800,"UGA","Uganda",3694.5,3694.5,3694.5,3696.03,3695.94,3695.22,3695.04,3701.16,3707.01,3700.62,3705.66,3708.09,3695.4,3690,3690.36,3690.54,3687.93,3680.73,3680.46,3679.2,3677.76,3677.94,3677.4,3677.31
804,"UKR","Ukraine",551.61,551.34,551.07,550.71,551.07,550.62,549.72,544.14,542.43,542.25,544.23,545.22,543.96,547.83,548.37,546.75,551.79,553.41,554.85,556.38,558.54,560.34,562.59,562.59
784,"ARE","United Arab Emirates",25.65,25.65,25.65,25.38,25.2,24.93,24.93,24.93,24.93,24.93,24.93,24.93,25.38,25.56,25.56,25.56,25.92,25.92,25.92,25.92,26.01,26.01,26.1,26.1
826,"GBR","United Kingdom",14890.95,14882.94,14877.9,14722.74,14642.64,14312.79,14265.18,13785.75,13489.29,13339.8,13309.2,13284.72,13249.62,13247.19,13238.91,13233.33,13230,13222.8,13215.15,13205.43,13203.27,13200.39,13190.76,13190.94
840,"USA","United States of America",128502.36,128457.81,128410.11,126277.65,124943.49,123374.7,119574,112509,102510.99,94944.06,91279.08,87538.05,83212.47,82548.63,80885.97,80388.45,80076.51,79143.84,79257.42,79241.67,79293.42,79255.8,79248.87,79248.24
858,"URY","Uruguay",2899.89,2899.89,2899.89,2899.44,2897.64,2895.75,2891.61,2881.35,2876.49,2874.24,2878.02,2875.41,2885.22,2885.58,2890.71,2860.92,2862.27,2847.24,2815.65,2817.09,2806.74,2797.29,2774.25,2774.07
860,"UZB","Uzbekistan",663.93,663.84,669.06,668.88,669.96,669.96,669.96,671.13,671.13,671.13,671.13,671.13,671.13,671.13,671.13,671.13,671.13,671.13,671.13,671.13,671.04,670.05,668.52,668.52
548,"VUT","Vanuatu",0,0,0,0,0,0,0,0,0,0,0,0,0,0,0,0,0,0,0,0,0,0,0,0
862,"VEN","Venezuela",18971.73,19098.72,19097.01,19188.27,19242.27,19306.89,19334.88,19621.44,19646.28,19675.17,19679.22,19689.3,20008.35,20019.96,20026.98,20034.09,20053.44,20087.28,20100.96,20109.69,20122.56,20151.27,20185.92,20184.57
704,"VNM","Viet Nam",580.95,580.95,580.86,583.2,584.01,584.37,586.08,584.55,585.18,587.43,588.06,588.51,592.56,593.37,592.83,596.34,602.01,614.79,624.96,631.26,647.1,653.13,671.31,671.13
876,"WLF","Wallis and Futuna Islands",0,0,0,0,0,0,0,0,0,0,0,0,0,0,0,0,0,0,0,0,0,0,0,0
732,"ESH","Western Sahara",0,0,0,0,0,0,0,0,0,0,0,0,0,0,0,0,0,0,0,0,0,0,0,0
887,"YEM","Yemen",8.1,8.1,8.1,8.1,8.1,8.1,8.1,8.1,8.1,8.1,8.1,8.1,8.1,8.1,8.1,8.1,8.1,8.1,8.1,8.1,8.1,8.1,8.1,8.1
894,"ZMB","Zambia",27269.91,27269.91,27269.91,27283.86,27289.71,27306.63,27379.17,27481.23,27704.88,27871.29,27900.54,27934.83,28396.17,28408.77,28430.01,28479.33,28486.71,28452.33,28450.26,28455.93,28455.48,28452.42,28446.66,28446.66
716,"ZWE","Zimbabwe",256.5,256.5,256.5,256.59,256.77,256.86,259.11,263.16,263.7,264.96,267.84,267.84,269.19,271.98,271.98,272.79,269.19,261.18,262.44,261.9,263.61,263.43,263.79,263.79
