"eez_id","eez_name","admin_country"
"8","Albania","Albania"
"12","Algeria","Algeria"
"16","American Samoa","USA"
"24","Angola","Angola"
"28","Antigua & Barbuda","Antigua & Barbuda"
"32","Argentina","Argentina"
"36","Australia","Australia"
"37","Macquarie Isl. (Australia)","Australia"
"38","Lord Howe Isl. (Australia)","Australia"
"44","Bahamas","Bahamas"
"48","Bahrain","Bahrain"
"50","Bangladesh","Bangladesh"
"52","Barbados","Barbados"
"56","Belgium","Belgium"
"60","Bermuda (UK)","United Kingdom"
"70","Bosnia & Herzegovina","Bosnia & Herzegovina"
"74","Bouvet Isl. (Norway)","Norway"
"76","Brazil (mainland)","Brazil"
"77","Trindade & Martim Vaz Isl. (Brazil)","Brazil"
"84","Belize","Belize"
"86","Chagos Archipelago (UK)","United Kingdom"
"90","Solomon Isl.","Solomon Isl."
"92","British Virgin Isl. (UK)","United Kingdom"
"96","Brunei Darussalam","Brunei Darussalam"
"100","Bulgaria","Bulgaria"
"104","Myanmar","Myanmar"
"111","Eritrea","Eritrea"
"116","Cambodia","Cambodia"
"120","Cameroon","Cameroon"
"132","Cape Verde","Cape Verde"
"136","Cayman Isl. (UK)","United Kingdom"
"144","Sri Lanka","Sri Lanka"
"152","Chile (mainland)","Chile"
"153","Easter Isl. (Chile)","Chile"
"154","Desventuradas Isl. (Chile)","Chile"
"155","Juan Fernandez Islands (Chile)","Chile"
"156","China","China"
"157","Taiwan","Taiwan"
"162","Christmas Isl. (Australia)","Australia"
"166","Cocos (Keeling) Isl. (Australia)","Australia"
"174","Comoros Isl.","Comoros"
"175","Mayotte (France)","France"
"178","Congo, R. of","Congo, R. of"
"180","Congo (ex-Zaire)","Congo (ex-Zaire)"
"184","Cook Islands","New Zealand"
"191","Croatia","Croatia"
"192","Cuba","Cuba"
"197","Cyprus (North)","Cyprus"
"198","Cyprus (South)","Cyprus"
"204","Benin","Benin"
"212","Dominica","Dominica"
"214","Dominican Republic","Dominican Republic"
"218","Ecuador (mainland)","Ecuador"
"219","Galapagos Isl. (Ecuador)","Ecuador"
"222","El Salvador","El Salvador"
"226","Equatorial Guinea","Equatorial Guinea"
"233","Estonia","Estonia"
"234","Faeroe Isl. (Denmark)","Denmark"
"238","Falkland Isl. (UK)","United Kingdom"
"239","South Georgia & Sandwich Isl. (UK)","United Kingdom"
"242","Fiji","Fiji"
"246","Finland","Finland"
"251","Mozambique Channel Isl. (France)","France"
"252","Tromelin Isl. (France)","France"
"254","French Guiana","France"
"258","French Polynesia","France"
"262","Djibouti","Djibouti"
"266","Gabon","Gabon"
"268","Georgia","Georgia"
"270","Gambia","Gambia"
"274","Gaza Strip","Gaza Strip"
"277","Germany (North Sea)","Germany"
"278","Germany (Baltic Sea)","Germany"
"288","Ghana","Ghana"
"300","Greece (without Crete)","Greece"
"304","Greenland (Denmark)","Denmark"
"308","Grenada","Grenada"
"312","Guadeloupe  (France)","France"
"316","Guam (USA)","USA"
"324","Guinea","Guinea"
"328","Guyana","Guyana"
"332","Haiti","Haiti"
"334","Heard & McDonald Isl. (Australia)","Australia"
"344","Hong Kong (China)","China"
"352","Iceland","Iceland"
"356","India (mainland)","India"
"357","Andaman & Nicobar Isl. (India)","India"
"361","Indonesia (Eastern)","Indonesia"
"368","Iraq","Iraq"
"372","Ireland","Ireland"
"380","Italy (mainland)","Italy"
"384","Cote d'Ivoire","Cote d'Ivoire"
"388","Jamaica","Jamaica"
"390","Japan (main islands)","Japan"
"393","Japan (Daito Islands)","Japan"
"396","Johnston Atoll (USA)","USA"
"400","Jordan","Jordan"
"404","Kenya","Kenya"
"410","Korea (South)","Korea (South)"
"414","Kuwait","Kuwait"
"422","Lebanon","Lebanon"
"428","Latvia","Latvia"
"430","Liberia","Liberia"
"434","Libya","Libya"
"440","Lithuania","Lithuania"
"450","Madagascar","Madagascar"
"459","Malaysia (Peninsula West)","Malaysia"
"460","Malaysia (Peninsula East)","Malaysia"
"461","Malaysia (Sabah)","Malaysia"
"462","Maldives","Maldives"
"463","Malaysia (Sarawak)","Malaysia"
"470","Malta","Malta"
"474","Martinique (France)","France"
"478","Mauritania","Mauritania"
"480","Mauritius","Mauritius"
"488","Hawaii Northwest Islands (USA)","USA"
"500","Montserrat (UK)","United Kingdom"
"508","Mozambique","Mozambique"
"512","Oman","Oman"
"516","Namibia","Namibia"
"520","Nauru","Nauru"
"528","Netherlands","Netherlands"
"540","New Caledonia (France)","France"
"548","Vanuatu","Vanuatu"
"554","New Zealand","New Zealand"
"555","Kermadec Isl. (New Zealand)","New Zealand"
"566","Nigeria","Nigeria"
"570","Niue (New Zealand)","New Zealand"
"574","Norfolk Isl. (Australia)","Australia"
"578","Norway","Norway"
"579","Jan Mayen Isl. (Norway)","Norway"
"580","Northern Marianas (USA)","USA"
"583","Micronesia (Federated States of)","Micronesia"
"584","Marshall Isl.","Marshall Isl."
"585","Palau","Palau"
"586","Pakistan","Pakistan"
"598","Papua New Guinea","Papua New Guinea"
"604","Peru","Peru"
"608","Philippines","Philippines"
"612","Pitcairn (UK)","United Kingdom"
"616","Poland","Poland"
"620","Portugal (mainland)","Portugal"
"621","Madeira Isl. (Portugal)","Portugal"
"622","Azores Isl. (Portugal)","Portugal"
"624","Guinea-Bissau","Guinea-Bissau"
"626","Timor Leste","Timor Leste"
"630","Puerto Rico (USA)","USA"
"634","Qatar","Qatar"
"638","Reunion","Reunion"
"642","Romania","Romania"
"645","Russia (Barents Sea)","Russian Federation"
"647","Russia (Black Sea)","Russian Federation"
"648","Russia (Baltic Sea)","Russian Federation"
"649","Russia (Far East)","Russian Federation"
"654","Saint Helena (UK)","United Kingdom"
"659","Saint Kitts & Nevis","Saint Kitts & Nevis"
"660","Anguilla (UK)","United Kingdom"
"662","Saint Lucia","Saint Lucia"
"666","Saint Pierre & Miquelon (France)","France"
"670","Saint Vincent & the Grenadines","Saint Vincent & the Grenadines"
"678","Sao Tome & Principe","Sao Tome & Principe"
"683","Saudi Arabia (Red Sea)","Saudi Arabia"
"684","Saudi Arabia (Persian Gulf)","Saudi Arabia"
"686","Senegal","Senegal"
"690","Seychelles","Seychelles"
"694","Sierra Leone","Sierra Leone"
"702","Singapore","Singapore"
"704","Viet Nam","Viet Nam"
"705","Slovenia","Slovenia"
"706","Somalia","Somalia"
"711","Prince Edward Isl. (South Africa)","South Africa"
"723","Canary Isl. (Spain)","Spain"
"736","Sudan","Sudan"
"740","Suriname","Suriname"
"744","Svalbard Isl. (Norway)","Norway"
"760","Syria","Syrian Arab Republic"
"768","Togo","Togo"
"772","Tokelau (New Zealand)","New Zealand"
"776","Tonga","Tonga"
"780","Trinidad & Tobago","Trinidad & Tobago"
"784","United Arab Emirates","United Arab Emirates"
"788","Tunisia","Tunisia"
"793","Turkey (Mediterranean Sea)","Turkey"
"794","Turkey (Black Sea)","Turkey"
"796","Turks & Caicos Isl. (UK)","United Kingdom"
"798","Tuvalu","Tuvalu"
"804","Ukraine","Ukraine"
"826","United Kingdom (UK)","United Kingdom"
"830","Channel Isl. (UK)","United Kingdom"
"834","Tanzania","Tanzania"
"842","Hawaii Main Islands (USA)","USA"
"844","Palmyra Atoll & Kingman Reef (USA)","USA"
"845","Jarvis Isl. (USA)","USA"
"846","Howland & Baker Isl. (USA)","USA"
"848","USA (West Coast)","USA"
"850","US Virgin Isl.","USA"
"851","USA (East Coast)","USA"
"852","USA (Gulf of Mexico)","USA"
"855","Ascension Isl. (UK)","United Kingdom"
"856","Tristan da Cunha Isl. (UK)","United Kingdom"
"858","Uruguay","Uruguay"
"862","Venezuela","Venezuela"
"872","Wake Isl. (USA)","USA"
"876","Wallis & Futuna Isl. (France)","France"
"882","Samoa","Samoa"
"891","Montenegro","Montenegro"
"895","St Paul & Amsterdam Isl. (France)","France"
"896","Crozet Isl. (France)","France"
"897","Kerguelen Isl. (France)","France"
"898","Clipperton Isl. (France)","France"
"899","Corsica (France)","France"
"900","Crete (Greece)","Greece"
"901","Sicily (Italy)","Italy"
"902","Sardinia (Italy)","Italy"
"903","Balearic Islands (Spain)","Spain"
"904","St Barthelemy (France)","St Barthelemy (France)"
"905","St Martin (France)","St Martin"
"906","Curacao (Netherlands)","Curacao"
"907","Bonaire (Netherlands)","Bonaire (Netherlands)"
"908","Saba and Sint Eustatius (Netherlands)","Saba and Saint Eustaius (Netherlands)"
"909","Sint Maarten (Netherlands)","Sint Maarten (Netherlands)"
"910","South Orkney Islands (UK)","South Orkney Islands (UK)"
"911","Oman (Musandam)","Oman"
"912","Russia (Kara Sea)","Russian Federation"
"913","Russia (Laptev to Chukchi Sea)","Russian Federation"
"914","Sweden (Baltic)","Sweden"
"915","Sweden (West Coast)","Sweden"
"916","Yemen (Red Sea)","Yemen"
"917","Yemen (Arabian Sea)","Yemen"
"918","France (Mediterranean)","France"
"919","France (Atlantic Coast)","France"
"920","Honduras (Pacific)","Honduras"
"921","Honduras (Caribbean)","Honduras"
"922","Iran (Persian Gulf)","Iran"
"923","Iran (Sea of Oman)","Iran"
"924","Canada (Arctic)","Canada"
"925","Canada (Pacific)","Canada"
"926","Canada (East Coast)","Canada"
"927","Colombia (Caribbean)","Colombia"
"928","Colombia (Pacific)","Colombia"
"929","Costa Rica (Caribbean)","Costa Rica"
"930","Costa Rica (Pacific)","Costa Rica"
"931","Denmark (Baltic Sea)","Denmark"
"932","Denmark (North Sea)","Denmark"
"933","Egypt (Mediterranean)","Egypt"
"934","Egypt (Red Sea)","Egypt"
"935","Guatemala (Caribbean)","Guatemala"
"936","Guatemala (Pacific)","Guatemala"
"937","Indonesia (Central)","Indonesia"
"938","Indonesia (Indian Ocean)","Indonesia"
"939","Israel (Mediterranean)","Israel"
"940","Israel (Red Sea)","Israel"
"941","Kiribati (Gilbert Islands)","Kiribati"
"942","Kiribati (Line Islands)","Kiribati"
"943","Kiribati (Phoenix Islands)","Kiribati"
"944","Mexico (Atlantic)","Mexico"
"945","Mexico (Pacific)","Mexico"
"946","Morocco (Central)","Morocco"
"947","Morocco (Mediterranean)","Morocco"
"948","Morocco (South)","Morocco"
"949","Nicaragua (Caribbean)","Nicaragua"
"950","Nicaragua (Pacific)","Nicaragua"
"951","Panama (Caribbean)","Panama"
"952","Panama (Pacific)","Panama"
"953","South Africa (Atlantic and Cape)","South Africa"
"954","South Africa (Indian Ocean Coast)","South Africa"
"956","Thailand (Andaman Sea)","Thailand"
"957","Thailand (Gulf of Thailand)","Thailand"
"958","USA (Alaska, Arctic)","USA"
"959","USA (Alaska, Subarctic)","USA"
"962","Spain (mainland, Med and Gulf of Cadiz)","Spain"
"963","Spain (Northwest)","Spain"
"966","Turkey (Marmara Sea)","Turkey"
"967","Aruba (Netherlands)","Netherlands"
"968","United Arab Emirates (Fujairah)","United Arab Emirates"
"969","Fernando de Noronha (Brazil)","Brazil"
"970","St Paul and St. Peter Archipelago (Brazil)","Brazil"
"971","Japan (Ogasawara Islands)","Japan"
"972","Glorieuse Islands (France)","France"
"973","Korea (North, Yellow Sea)","North Korea"
"974","Korea (North, Sea of Japan)","North Korea"
