"code","iso","country","HAD.raw.1990","HAD.raw.1991","HAD.raw.1992","HAD.raw.1993","HAD.raw.1994","HAD.raw.1995","HAD.raw.1996","HAD.raw.1997","HAD.raw.1998","HAD.raw.1999","HAD.raw.2000","HAD.raw.2001","HAD.raw.2002","HAD.raw.2003","HAD.raw.2004","HAD.raw.2005","HAD.raw.2006","HAD.raw.2007","HAD.raw.2008","HAD.raw.2009","HAD.raw.2010","HAD.raw.2011","HAD.raw.2012","HAD.raw.2013","HAD.raw.2014","HAD.raw.2015","HAD.raw.2016","HAD.raw.2017","HAD.raw.2018","HAD.raw.2019"
4,"AFG","Afghanistan",13227.86,NA,NA,NA,NA,NA,NA,NA,NA,NA,12504.42,NA,NA,NA,NA,NA,NA,NA,NA,NA,8278.872,NA,NA,NA,NA,6345.078,NA,NA,NA,5328.369
8,"ALB","Albania",2633.127,NA,NA,NA,NA,NA,NA,NA,NA,NA,1629.896,NA,NA,NA,NA,NA,NA,NA,NA,NA,633.7279,NA,NA,NA,NA,491.6794,NA,NA,NA,404.6355
12,"DZA","Algeria",715.5509,NA,NA,NA,NA,NA,NA,NA,NA,NA,158.5847,NA,NA,NA,NA,NA,NA,NA,NA,NA,25.9288,NA,NA,NA,NA,11.3344,NA,NA,NA,6.17
20,"AND","Andorra",3.37,NA,NA,NA,NA,NA,NA,NA,NA,NA,1.33,NA,NA,NA,NA,NA,NA,NA,NA,NA,0.655,NA,NA,NA,NA,0.555,NA,NA,NA,0.471
24,"AGO","Angola",9808.605,NA,NA,NA,NA,NA,NA,NA,NA,NA,7517.808,NA,NA,NA,NA,NA,NA,NA,NA,NA,4330.007,NA,NA,NA,NA,2783.846,NA,NA,NA,1967.15
660,"AIA","Anguilla",NA,NA,NA,NA,NA,NA,NA,NA,NA,NA,NA,NA,NA,NA,NA,NA,NA,NA,NA,NA,NA,NA,NA,NA,NA,NA,NA,NA,NA,NA
28,"ATG","Antigua and Barbuda",128.2168,NA,NA,NA,NA,NA,NA,NA,NA,NA,53.8254,NA,NA,NA,NA,NA,NA,NA,NA,NA,28.5884,NA,NA,NA,NA,20.496,NA,NA,NA,14.5896
32,"ARG","Argentina",344.3259,NA,NA,NA,NA,NA,NA,NA,NA,NA,146.1518,NA,NA,NA,NA,NA,NA,NA,NA,NA,61.8026,NA,NA,NA,NA,42.5696,NA,NA,NA,33.9046
51,"ARM","Armenia",1036.038,NA,NA,NA,NA,NA,NA,NA,NA,NA,787.3494,NA,NA,NA,NA,NA,NA,NA,NA,NA,140.7257,NA,NA,NA,NA,68.1337,NA,NA,NA,48.7536
533,"ABW","Aruba",NA,NA,NA,NA,NA,NA,NA,NA,NA,NA,NA,NA,NA,NA,NA,NA,NA,NA,NA,NA,NA,NA,NA,NA,NA,NA,NA,NA,NA,NA
36,"AUS","Australia",19.0235,NA,NA,NA,NA,NA,NA,NA,NA,NA,5.87,NA,NA,NA,NA,NA,NA,NA,NA,NA,1.75,NA,NA,NA,NA,1.22,NA,NA,NA,0.942
40,"AUT","Austria",9.57,NA,NA,NA,NA,NA,NA,NA,NA,NA,4.54,NA,NA,NA,NA,NA,NA,NA,NA,NA,1.95,NA,NA,NA,NA,1.49,NA,NA,NA,1.18
31,"AZE","Azerbaijan",2690.735,NA,NA,NA,NA,NA,NA,NA,NA,NA,1934.349,NA,NA,NA,NA,NA,NA,NA,NA,NA,501.337,NA,NA,NA,NA,310.0782,NA,NA,NA,226.952
44,"BHS","Bahamas",150.8526,NA,NA,NA,NA,NA,NA,NA,NA,NA,63.1654,NA,NA,NA,NA,NA,NA,NA,NA,NA,28.9858,NA,NA,NA,NA,22.376,NA,NA,NA,18.1507
48,"BHR","Bahrain",413.4311,NA,NA,NA,NA,NA,NA,NA,NA,NA,98.664,NA,NA,NA,NA,NA,NA,NA,NA,NA,20.9722,NA,NA,NA,NA,11.1714,NA,NA,NA,7.12
50,"BGD","Bangladesh",8768.135,NA,NA,NA,NA,NA,NA,NA,NA,NA,6177.651,NA,NA,NA,NA,NA,NA,NA,NA,NA,4452.03,NA,NA,NA,NA,2932.619,NA,NA,NA,2343.592
52,"BRB","Barbados",7.52,NA,NA,NA,NA,NA,NA,NA,NA,NA,3.79,NA,NA,NA,NA,NA,NA,NA,NA,NA,1.94,NA,NA,NA,NA,1.42,NA,NA,NA,1.17
112,"BLR","Belarus",176.3068,NA,NA,NA,NA,NA,NA,NA,NA,NA,117.1149,NA,NA,NA,NA,NA,NA,NA,NA,NA,37.3266,NA,NA,NA,NA,18.4543,NA,NA,NA,13.5677
56,"BEL","Belgium",6.66,NA,NA,NA,NA,NA,NA,NA,NA,NA,2.78,NA,NA,NA,NA,NA,NA,NA,NA,NA,1.09,NA,NA,NA,NA,0.757,NA,NA,NA,0.613
84,"BLZ","Belize",1434.067,NA,NA,NA,NA,NA,NA,NA,NA,NA,972.5655,NA,NA,NA,NA,NA,NA,NA,NA,NA,521.4328,NA,NA,NA,NA,400.7319,NA,NA,NA,319.8338
204,"BEN","Benin",8901.811,NA,NA,NA,NA,NA,NA,NA,NA,NA,7217.335,NA,NA,NA,NA,NA,NA,NA,NA,NA,5910.007,NA,NA,NA,NA,5254.483,NA,NA,NA,4548.15
60,"BMU","Bermuda",254.1075,NA,NA,NA,NA,NA,NA,NA,NA,NA,85.9791,NA,NA,NA,NA,NA,NA,NA,NA,NA,29.7631,NA,NA,NA,NA,21.2539,NA,NA,NA,16.8989
64,"BTN","Bhutan",7670.829,NA,NA,NA,NA,NA,NA,NA,NA,NA,5620.406,NA,NA,NA,NA,NA,NA,NA,NA,NA,2779.618,NA,NA,NA,NA,2145.098,NA,NA,NA,1826.774
68,"BOL","Bolivia",4008.14,NA,NA,NA,NA,NA,NA,NA,NA,NA,2124.164,NA,NA,NA,NA,NA,NA,NA,NA,NA,1236.099,NA,NA,NA,NA,1006.213,NA,NA,NA,723.1034
70,"BIH","Bosnia and Herzegovina",2165.277,NA,NA,NA,NA,NA,NA,NA,NA,NA,1263.92,NA,NA,NA,NA,NA,NA,NA,NA,NA,660.1681,NA,NA,NA,NA,530.7712,NA,NA,NA,449.9652
72,"BWA","Botswana",4879.724,NA,NA,NA,NA,NA,NA,NA,NA,NA,4086.728,NA,NA,NA,NA,NA,NA,NA,NA,NA,2321.43,NA,NA,NA,NA,1825.199,NA,NA,NA,1487.005
76,"BRA","Brazil",2002.081,NA,NA,NA,NA,NA,NA,NA,NA,NA,855.6285,NA,NA,NA,NA,NA,NA,NA,NA,NA,415.5558,NA,NA,NA,NA,267.6484,NA,NA,NA,196.0167
92,"VGB","British Virgin Islands",NA,NA,NA,NA,NA,NA,NA,NA,NA,NA,NA,NA,NA,NA,NA,NA,NA,NA,NA,NA,NA,NA,NA,NA,NA,NA,NA,NA,NA,NA
96,"BRN","Brunei Darussalam",315.717,NA,NA,NA,NA,NA,NA,NA,NA,NA,65.1352,NA,NA,NA,NA,NA,NA,NA,NA,NA,14.7441,NA,NA,NA,NA,11.9035,NA,NA,NA,8.31
100,"BGR","Bulgaria",943.4239,NA,NA,NA,NA,NA,NA,NA,NA,NA,660.0507,NA,NA,NA,NA,NA,NA,NA,NA,NA,405.0559,NA,NA,NA,NA,328.2007,NA,NA,NA,288.6097
854,"BFA","Burkina Faso",9197.75,NA,NA,NA,NA,NA,NA,NA,NA,NA,7918.7,NA,NA,NA,NA,NA,NA,NA,NA,NA,6378.093,NA,NA,NA,NA,6219.208,NA,NA,NA,5922.691
108,"BDI","Burundi",9884.639,NA,NA,NA,NA,NA,NA,NA,NA,NA,8457.078,NA,NA,NA,NA,NA,NA,NA,NA,NA,6500.165,NA,NA,NA,NA,5702.981,NA,NA,NA,5250.459
132,"CPV","Cabo Verde",3428.791,NA,NA,NA,NA,NA,NA,NA,NA,NA,2479.267,NA,NA,NA,NA,NA,NA,NA,NA,NA,1186.261,NA,NA,NA,NA,769.4644,NA,NA,NA,604.628
116,"KHM","Cambodia",10933.14,NA,NA,NA,NA,NA,NA,NA,NA,NA,8593.513,NA,NA,NA,NA,NA,NA,NA,NA,NA,5124.403,NA,NA,NA,NA,4241.873,NA,NA,NA,3662.583
120,"CMR","Cameroon",5337.982,NA,NA,NA,NA,NA,NA,NA,NA,NA,5076.979,NA,NA,NA,NA,NA,NA,NA,NA,NA,4156.019,NA,NA,NA,NA,3264.014,NA,NA,NA,2652.205
124,"CAN","Canada",6.96,NA,NA,NA,NA,NA,NA,NA,NA,NA,4.23,NA,NA,NA,NA,NA,NA,NA,NA,NA,0.631,NA,NA,NA,NA,0.406,NA,NA,NA,0.349
136,"CYM","Cayman Islands",NA,NA,NA,NA,NA,NA,NA,NA,NA,NA,NA,NA,NA,NA,NA,NA,NA,NA,NA,NA,NA,NA,NA,NA,NA,NA,NA,NA,NA,NA
140,"CAF","Central African Republic",11376.97,NA,NA,NA,NA,NA,NA,NA,NA,NA,10696.27,NA,NA,NA,NA,NA,NA,NA,NA,NA,9661.68,NA,NA,NA,NA,8866.588,NA,NA,NA,8114.929
148,"TCD","Chad",9749.026,NA,NA,NA,NA,NA,NA,NA,NA,NA,9491.314,NA,NA,NA,NA,NA,NA,NA,NA,NA,8098.191,NA,NA,NA,NA,7064.006,NA,NA,NA,6438.62
152,"CHL","Chile",531.3924,NA,NA,NA,NA,NA,NA,NA,NA,NA,185.9406,NA,NA,NA,NA,NA,NA,NA,NA,NA,80.5943,NA,NA,NA,NA,50.508,NA,NA,NA,38.6568
156,"CHN","China",4891.233,NA,NA,NA,NA,NA,NA,NA,NA,NA,2664.048,NA,NA,NA,NA,NA,NA,NA,NA,NA,1086.905,NA,NA,NA,NA,678.3169,NA,NA,NA,471.1282
170,"COL","Colombia",1300.647,NA,NA,NA,NA,NA,NA,NA,NA,NA,657.0044,NA,NA,NA,NA,NA,NA,NA,NA,NA,327.5908,NA,NA,NA,NA,197.7141,NA,NA,NA,137.7483
174,"COM","Comoros",8435.242,NA,NA,NA,NA,NA,NA,NA,NA,NA,6684.815,NA,NA,NA,NA,NA,NA,NA,NA,NA,4633.771,NA,NA,NA,NA,4222.651,NA,NA,NA,3567.983
184,"COK","Cook Islands",629.0309,NA,NA,NA,NA,NA,NA,NA,NA,NA,258.7368,NA,NA,NA,NA,NA,NA,NA,NA,NA,125.8154,NA,NA,NA,NA,118.5745,NA,NA,NA,95.7066
188,"CRI","Costa Rica",703.7309,NA,NA,NA,NA,NA,NA,NA,NA,NA,250,NA,NA,NA,NA,NA,NA,NA,NA,NA,111.0992,NA,NA,NA,NA,79.8432,NA,NA,NA,64.6163
384,"CIV","Cote d'Ivoire",7684.782,NA,NA,NA,NA,NA,NA,NA,NA,NA,7011.033,NA,NA,NA,NA,NA,NA,NA,NA,NA,5704.216,NA,NA,NA,NA,4771.865,NA,NA,NA,3880.818
191,"HRV","Croatia",359.7959,NA,NA,NA,NA,NA,NA,NA,NA,NA,174.4954,NA,NA,NA,NA,NA,NA,NA,NA,NA,77.6192,NA,NA,NA,NA,56.079,NA,NA,NA,43.0113
192,"CUB","Cuba",193.8182,NA,NA,NA,NA,NA,NA,NA,NA,NA,104.9541,NA,NA,NA,NA,NA,NA,NA,NA,NA,56.0446,NA,NA,NA,NA,38.2572,NA,NA,NA,27.4195
531,"CUW","Curacao",NA,NA,NA,NA,NA,NA,NA,NA,NA,NA,NA,NA,NA,NA,NA,NA,NA,NA,NA,NA,NA,NA,NA,NA,NA,NA,NA,NA,NA,NA
196,"CYP","Cyprus",29.1292,NA,NA,NA,NA,NA,NA,NA,NA,NA,7.63,NA,NA,NA,NA,NA,NA,NA,NA,NA,1.91,NA,NA,NA,NA,1.33,NA,NA,NA,1.05
203,"CZE","Czech Republic",78.6823,NA,NA,NA,NA,NA,NA,NA,NA,NA,27.6944,NA,NA,NA,NA,NA,NA,NA,NA,NA,14.3986,NA,NA,NA,NA,11.4104,NA,NA,NA,9.35
180,"COD","Dem. Rep. Congo",7991.421,NA,NA,NA,NA,NA,NA,NA,NA,NA,7373.951,NA,NA,NA,NA,NA,NA,NA,NA,NA,6238.29,NA,NA,NA,NA,4953.451,NA,NA,NA,4213.769
208,"DNK","Denmark",3.9,NA,NA,NA,NA,NA,NA,NA,NA,NA,1.64,NA,NA,NA,NA,NA,NA,NA,NA,NA,0.759,NA,NA,NA,NA,0.544,NA,NA,NA,0.437
262,"DJI","Djibouti",4821.771,NA,NA,NA,NA,NA,NA,NA,NA,NA,3386.279,NA,NA,NA,NA,NA,NA,NA,NA,NA,1613.341,NA,NA,NA,NA,1289.602,NA,NA,NA,1004.623
212,"DMA","Dominica",1246.234,NA,NA,NA,NA,NA,NA,NA,NA,NA,434.8485,NA,NA,NA,NA,NA,NA,NA,NA,NA,210.453,NA,NA,NA,NA,164.5826,NA,NA,NA,142.0069
214,"DOM","Dominican Republic",2052.16,NA,NA,NA,NA,NA,NA,NA,NA,NA,1015.747,NA,NA,NA,NA,NA,NA,NA,NA,NA,489.9017,NA,NA,NA,NA,433.2006,NA,NA,NA,298.911
218,"ECU","Ecuador",991.7032,NA,NA,NA,NA,NA,NA,NA,NA,NA,454.777,NA,NA,NA,NA,NA,NA,NA,NA,NA,207.8321,NA,NA,NA,NA,129.2496,NA,NA,NA,94.7618
818,"EGY","Egypt",903.1893,NA,NA,NA,NA,NA,NA,NA,NA,NA,128.421,NA,NA,NA,NA,NA,NA,NA,NA,NA,15.4199,NA,NA,NA,NA,7.07,NA,NA,NA,3.46
222,"SLV","El Salvador",2471.474,NA,NA,NA,NA,NA,NA,NA,NA,NA,1351.219,NA,NA,NA,NA,NA,NA,NA,NA,NA,745.3177,NA,NA,NA,NA,466.5451,NA,NA,NA,276.7732
226,"GNQ","Equatorial Guinea",10033.66,NA,NA,NA,NA,NA,NA,NA,NA,NA,5193.13,NA,NA,NA,NA,NA,NA,NA,NA,NA,1585.52,NA,NA,NA,NA,778.213,NA,NA,NA,479.6691
232,"ERI","Eritrea",9411.483,NA,NA,NA,NA,NA,NA,NA,NA,NA,6542.275,NA,NA,NA,NA,NA,NA,NA,NA,NA,5442.644,NA,NA,NA,NA,4708.716,NA,NA,NA,4002.625
233,"EST","Estonia",538.1347,NA,NA,NA,NA,NA,NA,NA,NA,NA,245.0166,NA,NA,NA,NA,NA,NA,NA,NA,NA,82.0335,NA,NA,NA,NA,45.6122,NA,NA,NA,36.1303
748,"SWZ","Eswatini",5626.416,NA,NA,NA,NA,NA,NA,NA,NA,NA,4879.367,NA,NA,NA,NA,NA,NA,NA,NA,NA,4135.353,NA,NA,NA,NA,3018.907,NA,NA,NA,2441.544
231,"ETH","Ethiopia",12431.34,NA,NA,NA,NA,NA,NA,NA,NA,NA,9373.166,NA,NA,NA,NA,NA,NA,NA,NA,NA,5762.351,NA,NA,NA,NA,4580.939,NA,NA,NA,3923.681
234,"FRO","Faeroe Islands",NA,NA,NA,NA,NA,NA,NA,NA,NA,NA,NA,NA,NA,NA,NA,NA,NA,NA,NA,NA,NA,NA,NA,NA,NA,NA,NA,NA,NA,NA
238,"FLK","Falkland Islands",NA,NA,NA,NA,NA,NA,NA,NA,NA,NA,NA,NA,NA,NA,NA,NA,NA,NA,NA,NA,NA,NA,NA,NA,NA,NA,NA,NA,NA,NA
242,"FJI","Fiji",3955.178,NA,NA,NA,NA,NA,NA,NA,NA,NA,3009.141,NA,NA,NA,NA,NA,NA,NA,NA,NA,2089.364,NA,NA,NA,NA,1625.065,NA,NA,NA,1256.641
246,"FIN","Finland",8.47,NA,NA,NA,NA,NA,NA,NA,NA,NA,2.95,NA,NA,NA,NA,NA,NA,NA,NA,NA,1.13,NA,NA,NA,NA,0.617,NA,NA,NA,0.529
250,"FRA","France",5.7,NA,NA,NA,NA,NA,NA,NA,NA,NA,2.6,NA,NA,NA,NA,NA,NA,NA,NA,NA,1.12,NA,NA,NA,NA,0.837,NA,NA,NA,0.664
258,"PYF","French Polynesia",NA,NA,NA,NA,NA,NA,NA,NA,NA,NA,NA,NA,NA,NA,NA,NA,NA,NA,NA,NA,NA,NA,NA,NA,NA,NA,NA,NA,NA,NA
266,"GAB","Gabon",4085.977,NA,NA,NA,NA,NA,NA,NA,NA,NA,1963.313,NA,NA,NA,NA,NA,NA,NA,NA,NA,766.0869,NA,NA,NA,NA,347.8539,NA,NA,NA,196.6721
270,"GMB","Gambia",7073.259,NA,NA,NA,NA,NA,NA,NA,NA,NA,5681.024,NA,NA,NA,NA,NA,NA,NA,NA,NA,4793.38,NA,NA,NA,NA,4107.432,NA,NA,NA,3930.662
268,"GEO","Georgia",2293.67,NA,NA,NA,NA,NA,NA,NA,NA,NA,2103.521,NA,NA,NA,NA,NA,NA,NA,NA,NA,1258.745,NA,NA,NA,NA,783.9914,NA,NA,NA,667.2284
276,"DEU","Germany",2.26,NA,NA,NA,NA,NA,NA,NA,NA,NA,1.15,NA,NA,NA,NA,NA,NA,NA,NA,NA,0.581,NA,NA,NA,NA,0.485,NA,NA,NA,0.403
288,"GHA","Ghana",5432.474,NA,NA,NA,NA,NA,NA,NA,NA,NA,4303.129,NA,NA,NA,NA,NA,NA,NA,NA,NA,3395.267,NA,NA,NA,NA,2546.094,NA,NA,NA,1977.943
300,"GRC","Greece",46.5697,NA,NA,NA,NA,NA,NA,NA,NA,NA,15.8875,NA,NA,NA,NA,NA,NA,NA,NA,NA,6.18,NA,NA,NA,NA,4.57,NA,NA,NA,3.83
304,"GRL","Greenland",198.7702,NA,NA,NA,NA,NA,NA,NA,NA,NA,119.54,NA,NA,NA,NA,NA,NA,NA,NA,NA,27.2306,NA,NA,NA,NA,19.5776,NA,NA,NA,15.7778
308,"GRD","Grenada",1654.729,NA,NA,NA,NA,NA,NA,NA,NA,NA,301.84,NA,NA,NA,NA,NA,NA,NA,NA,NA,115.9057,NA,NA,NA,NA,85.1275,NA,NA,NA,63.3481
320,"GTM","Guatemala",5490.417,NA,NA,NA,NA,NA,NA,NA,NA,NA,3821.146,NA,NA,NA,NA,NA,NA,NA,NA,NA,2237.628,NA,NA,NA,NA,1680.024,NA,NA,NA,1369.544
831,"GGY","Guernsey",NA,NA,NA,NA,NA,NA,NA,NA,NA,NA,NA,NA,NA,NA,NA,NA,NA,NA,NA,NA,NA,NA,NA,NA,NA,NA,NA,NA,NA,NA
324,"GIN","Guinea",11209.22,NA,NA,NA,NA,NA,NA,NA,NA,NA,9025.876,NA,NA,NA,NA,NA,NA,NA,NA,NA,7288.728,NA,NA,NA,NA,6798.618,NA,NA,NA,5933.023
624,"GNB","Guinea-Bissau",11032.17,NA,NA,NA,NA,NA,NA,NA,NA,NA,9087.766,NA,NA,NA,NA,NA,NA,NA,NA,NA,7644.844,NA,NA,NA,NA,6579.16,NA,NA,NA,5785.997
328,"GUY","Guyana",1968.052,NA,NA,NA,NA,NA,NA,NA,NA,NA,1130.904,NA,NA,NA,NA,NA,NA,NA,NA,NA,629.9912,NA,NA,NA,NA,382.4389,NA,NA,NA,264.3607
332,"HTI","Haiti",9645.287,NA,NA,NA,NA,NA,NA,NA,NA,NA,7007.292,NA,NA,NA,NA,NA,NA,NA,NA,NA,6042.541,NA,NA,NA,NA,5617.874,NA,NA,NA,5075.058
336,"VAT","Holy See",NA,NA,NA,NA,NA,NA,NA,NA,NA,NA,NA,NA,NA,NA,NA,NA,NA,NA,NA,NA,NA,NA,NA,NA,NA,NA,NA,NA,NA,NA
340,"HND","Honduras",3231.958,NA,NA,NA,NA,NA,NA,NA,NA,NA,2589.939,NA,NA,NA,NA,NA,NA,NA,NA,NA,2084.284,NA,NA,NA,NA,1945.591,NA,NA,NA,1693.041
344,"HKG","Hong Kong",NA,NA,NA,NA,NA,NA,NA,NA,NA,NA,NA,NA,NA,NA,NA,NA,NA,NA,NA,NA,NA,NA,NA,NA,NA,NA,NA,NA,NA,NA
348,"HUN","Hungary",864.0571,NA,NA,NA,NA,NA,NA,NA,NA,NA,417.2533,NA,NA,NA,NA,NA,NA,NA,NA,NA,259.7106,NA,NA,NA,NA,218.5848,NA,NA,NA,171.8882
352,"ISL","Iceland",5.3,NA,NA,NA,NA,NA,NA,NA,NA,NA,2.01,NA,NA,NA,NA,NA,NA,NA,NA,NA,0.734,NA,NA,NA,NA,0.494,NA,NA,NA,0.401
356,"IND","India",7043.224,NA,NA,NA,NA,NA,NA,NA,NA,NA,5349.219,NA,NA,NA,NA,NA,NA,NA,NA,NA,3402.365,NA,NA,NA,NA,2401.856,NA,NA,NA,1837.972
360,"IDN","Indonesia",4284.927,NA,NA,NA,NA,NA,NA,NA,NA,NA,2692.598,NA,NA,NA,NA,NA,NA,NA,NA,NA,2023.045,NA,NA,NA,NA,1586.497,NA,NA,NA,1169.114
364,"IRN","Iran",591.0222,NA,NA,NA,NA,NA,NA,NA,NA,NA,140.1518,NA,NA,NA,NA,NA,NA,NA,NA,NA,17.9432,NA,NA,NA,NA,8.42,NA,NA,NA,4.27
368,"IRQ","Iraq",1489.903,NA,NA,NA,NA,NA,NA,NA,NA,NA,571.5496,NA,NA,NA,NA,NA,NA,NA,NA,NA,81.3435,NA,NA,NA,NA,18.8649,NA,NA,NA,8.32
372,"IRL","Ireland",13.19,NA,NA,NA,NA,NA,NA,NA,NA,NA,4.75,NA,NA,NA,NA,NA,NA,NA,NA,NA,1.31,NA,NA,NA,NA,0.893,NA,NA,NA,0.67
833,"IMN","Isle of Man",NA,NA,NA,NA,NA,NA,NA,NA,NA,NA,NA,NA,NA,NA,NA,NA,NA,NA,NA,NA,NA,NA,NA,NA,NA,NA,NA,NA,NA,NA
376,"ISR","Israel",7.49,NA,NA,NA,NA,NA,NA,NA,NA,NA,3.17,NA,NA,NA,NA,NA,NA,NA,NA,NA,1.19,NA,NA,NA,NA,0.953,NA,NA,NA,0.797
380,"ITA","Italy",23.2791,NA,NA,NA,NA,NA,NA,NA,NA,NA,8.34,NA,NA,NA,NA,NA,NA,NA,NA,NA,3.46,NA,NA,NA,NA,2.6,NA,NA,NA,2.08
388,"JAM","Jamaica",1475.459,NA,NA,NA,NA,NA,NA,NA,NA,NA,503.8558,NA,NA,NA,NA,NA,NA,NA,NA,NA,296.3357,NA,NA,NA,NA,251.193,NA,NA,NA,188.0204
392,"JPN","Japan",8.39,NA,NA,NA,NA,NA,NA,NA,NA,NA,2.67,NA,NA,NA,NA,NA,NA,NA,NA,NA,1.01,NA,NA,NA,NA,0.809,NA,NA,NA,0.659
832,"JEY","Jersey",NA,NA,NA,NA,NA,NA,NA,NA,NA,NA,NA,NA,NA,NA,NA,NA,NA,NA,NA,NA,NA,NA,NA,NA,NA,NA,NA,NA,NA,NA
400,"JOR","Jordan",86.297,NA,NA,NA,NA,NA,NA,NA,NA,NA,12.404,NA,NA,NA,NA,NA,NA,NA,NA,NA,2.08,NA,NA,NA,NA,1.05,NA,NA,NA,0.755
398,"KAZ","Kazakhstan",1653.938,NA,NA,NA,NA,NA,NA,NA,NA,NA,1382.593,NA,NA,NA,NA,NA,NA,NA,NA,NA,532.8089,NA,NA,NA,NA,317.2443,NA,NA,NA,228.0265
404,"KEN","Kenya",5213.404,NA,NA,NA,NA,NA,NA,NA,NA,NA,4319.479,NA,NA,NA,NA,NA,NA,NA,NA,NA,3845.124,NA,NA,NA,NA,3201.348,NA,NA,NA,2860.309
296,"KIR","Kiribati",9607.132,NA,NA,NA,NA,NA,NA,NA,NA,NA,8633.167,NA,NA,NA,NA,NA,NA,NA,NA,NA,7286.822,NA,NA,NA,NA,6506.781,NA,NA,NA,5729.817
689,"XKX","Kosovo",NA,NA,NA,NA,NA,NA,NA,NA,NA,NA,NA,NA,NA,NA,NA,NA,NA,NA,NA,NA,NA,NA,NA,NA,NA,NA,NA,NA,NA,NA
414,"KWT","Kuwait",43.3802,NA,NA,NA,NA,NA,NA,NA,NA,NA,10.1236,NA,NA,NA,NA,NA,NA,NA,NA,NA,2.48,NA,NA,NA,NA,1.37,NA,NA,NA,0.956
417,"KGZ","Kyrgyzstan",3579.455,NA,NA,NA,NA,NA,NA,NA,NA,NA,2878.068,NA,NA,NA,NA,NA,NA,NA,NA,NA,1744.971,NA,NA,NA,NA,1156.184,NA,NA,NA,845.0349
418,"LAO","Laos",12785.09,NA,NA,NA,NA,NA,NA,NA,NA,NA,9837.544,NA,NA,NA,NA,NA,NA,NA,NA,NA,6351.131,NA,NA,NA,NA,5077.914,NA,NA,NA,4378.342
428,"LVA","Latvia",365.2832,NA,NA,NA,NA,NA,NA,NA,NA,NA,208.6952,NA,NA,NA,NA,NA,NA,NA,NA,NA,100.6878,NA,NA,NA,NA,72.7583,NA,NA,NA,57.6725
422,"LBN","Lebanon",515.0776,NA,NA,NA,NA,NA,NA,NA,NA,NA,109.7413,NA,NA,NA,NA,NA,NA,NA,NA,NA,21.7085,NA,NA,NA,NA,9.13,NA,NA,NA,5.41
426,"LSO","Lesotho",5888.625,NA,NA,NA,NA,NA,NA,NA,NA,NA,5383.051,NA,NA,NA,NA,NA,NA,NA,NA,NA,5563.855,NA,NA,NA,NA,4926.731,NA,NA,NA,4105.321
430,"LBR","Liberia",10084.28,NA,NA,NA,NA,NA,NA,NA,NA,NA,6928.434,NA,NA,NA,NA,NA,NA,NA,NA,NA,4793.568,NA,NA,NA,NA,4059.107,NA,NA,NA,3597.305
434,"LBY","Libya",864.9249,NA,NA,NA,NA,NA,NA,NA,NA,NA,100.5021,NA,NA,NA,NA,NA,NA,NA,NA,NA,13.1376,NA,NA,NA,NA,8.05,NA,NA,NA,5.32
438,"LIE","Liechtenstein",NA,NA,NA,NA,NA,NA,NA,NA,NA,NA,NA,NA,NA,NA,NA,NA,NA,NA,NA,NA,NA,NA,NA,NA,NA,NA,NA,NA,NA,NA
440,"LTU","Lithuania",250.0906,NA,NA,NA,NA,NA,NA,NA,NA,NA,119.7884,NA,NA,NA,NA,NA,NA,NA,NA,NA,51.9253,NA,NA,NA,NA,34.3212,NA,NA,NA,23.6334
442,"LUX","Luxembourg",5.25,NA,NA,NA,NA,NA,NA,NA,NA,NA,2.64,NA,NA,NA,NA,NA,NA,NA,NA,NA,1.07,NA,NA,NA,NA,0.724,NA,NA,NA,0.581
446,"MAC","Macao",NA,NA,NA,NA,NA,NA,NA,NA,NA,NA,NA,NA,NA,NA,NA,NA,NA,NA,NA,NA,NA,NA,NA,NA,NA,NA,NA,NA,NA,NA
450,"MDG","Madagascar",9000.191,NA,NA,NA,NA,NA,NA,NA,NA,NA,8000.099,NA,NA,NA,NA,NA,NA,NA,NA,NA,6598.928,NA,NA,NA,NA,5780.084,NA,NA,NA,5243.179
454,"MWI","Malawi",8701.075,NA,NA,NA,NA,NA,NA,NA,NA,NA,8077.525,NA,NA,NA,NA,NA,NA,NA,NA,NA,5747.213,NA,NA,NA,NA,4880.211,NA,NA,NA,4385.699
458,"MYS","Malaysia",257.9097,NA,NA,NA,NA,NA,NA,NA,NA,NA,66.0981,NA,NA,NA,NA,NA,NA,NA,NA,NA,27.4515,NA,NA,NA,NA,18.8954,NA,NA,NA,13.4393
462,"MDV","Maldives",4465.281,NA,NA,NA,NA,NA,NA,NA,NA,NA,2052.496,NA,NA,NA,NA,NA,NA,NA,NA,NA,533.0457,NA,NA,NA,NA,315.4177,NA,NA,NA,229.3626
466,"MLI","Mali",9297.007,NA,NA,NA,NA,NA,NA,NA,NA,NA,7945.381,NA,NA,NA,NA,NA,NA,NA,NA,NA,6548.627,NA,NA,NA,NA,5945.214,NA,NA,NA,5594.787
470,"MLT","Malta",22.9354,NA,NA,NA,NA,NA,NA,NA,NA,NA,7.39,NA,NA,NA,NA,NA,NA,NA,NA,NA,2.29,NA,NA,NA,NA,1.53,NA,NA,NA,1.11
584,"MHL","Marshall Islands",4800.571,NA,NA,NA,NA,NA,NA,NA,NA,NA,3550.57,NA,NA,NA,NA,NA,NA,NA,NA,NA,3108.771,NA,NA,NA,NA,2648.517,NA,NA,NA,2142.882
478,"MRT","Mauritania",6013.402,NA,NA,NA,NA,NA,NA,NA,NA,NA,4041.713,NA,NA,NA,NA,NA,NA,NA,NA,NA,2768.865,NA,NA,NA,NA,2108.255,NA,NA,NA,1638.421
480,"MUS","Mauritius",603.8285,NA,NA,NA,NA,NA,NA,NA,NA,NA,216.1265,NA,NA,NA,NA,NA,NA,NA,NA,NA,69.9078,NA,NA,NA,NA,39.8511,NA,NA,NA,27.0096
484,"MEX","Mexico",1072.305,NA,NA,NA,NA,NA,NA,NA,NA,NA,546.1218,NA,NA,NA,NA,NA,NA,NA,NA,NA,389.0322,NA,NA,NA,NA,321.1355,NA,NA,NA,254.0816
583,"FSM","Micronesia",6303.554,NA,NA,NA,NA,NA,NA,NA,NA,NA,4457.302,NA,NA,NA,NA,NA,NA,NA,NA,NA,3035.951,NA,NA,NA,NA,2478.383,NA,NA,NA,2056.308
498,"MDA","Moldova",2052.937,NA,NA,NA,NA,NA,NA,NA,NA,NA,1677.227,NA,NA,NA,NA,NA,NA,NA,NA,NA,338.6102,NA,NA,NA,NA,183.4613,NA,NA,NA,127.9675
492,"MCO","Monaco",1.65,NA,NA,NA,NA,NA,NA,NA,NA,NA,0.962,NA,NA,NA,NA,NA,NA,NA,NA,NA,0.531,NA,NA,NA,NA,0.438,NA,NA,NA,0.355
496,"MNG","Mongolia",6495.948,NA,NA,NA,NA,NA,NA,NA,NA,NA,5389.388,NA,NA,NA,NA,NA,NA,NA,NA,NA,2620.557,NA,NA,NA,NA,1538.611,NA,NA,NA,1233.096
499,"MNE","Montenegro",833.3242,NA,NA,NA,NA,NA,NA,NA,NA,NA,792.7939,NA,NA,NA,NA,NA,NA,NA,NA,NA,528.1112,NA,NA,NA,NA,466.4967,NA,NA,NA,396.06
504,"MAR","Morocco",2323.32,NA,NA,NA,NA,NA,NA,NA,NA,NA,1313.674,NA,NA,NA,NA,NA,NA,NA,NA,NA,544.8657,NA,NA,NA,NA,296.9435,NA,NA,NA,157.4609
508,"MOZ","Mozambique",9650.987,NA,NA,NA,NA,NA,NA,NA,NA,NA,7636.408,NA,NA,NA,NA,NA,NA,NA,NA,NA,6657.098,NA,NA,NA,NA,6026.018,NA,NA,NA,5444.761
104,"MMR","Myanmar",10923.14,NA,NA,NA,NA,NA,NA,NA,NA,NA,8892.654,NA,NA,NA,NA,NA,NA,NA,NA,NA,5076.55,NA,NA,NA,NA,3997.556,NA,NA,NA,3303.993
516,"NAM","Namibia",4991.725,NA,NA,NA,NA,NA,NA,NA,NA,NA,4020.408,NA,NA,NA,NA,NA,NA,NA,NA,NA,2600.262,NA,NA,NA,NA,1930.77,NA,NA,NA,1546.844
520,"NRU","Nauru",1864.715,NA,NA,NA,NA,NA,NA,NA,NA,NA,1473.74,NA,NA,NA,NA,NA,NA,NA,NA,NA,800.3659,NA,NA,NA,NA,428.2351,NA,NA,NA,274.1971
524,"NPL","Nepal",9895.508,NA,NA,NA,NA,NA,NA,NA,NA,NA,6622.469,NA,NA,NA,NA,NA,NA,NA,NA,NA,4457.938,NA,NA,NA,NA,3394.644,NA,NA,NA,2803.951
528,"NLD","Netherlands",4.9,NA,NA,NA,NA,NA,NA,NA,NA,NA,2.06,NA,NA,NA,NA,NA,NA,NA,NA,NA,0.708,NA,NA,NA,NA,0.498,NA,NA,NA,0.41
540,"NCL","New Caledonia",NA,NA,NA,NA,NA,NA,NA,NA,NA,NA,NA,NA,NA,NA,NA,NA,NA,NA,NA,NA,NA,NA,NA,NA,NA,NA,NA,NA,NA,NA
554,"NZL","New Zealand",11.2723,NA,NA,NA,NA,NA,NA,NA,NA,NA,4.68,NA,NA,NA,NA,NA,NA,NA,NA,NA,1.83,NA,NA,NA,NA,1.27,NA,NA,NA,1.06
558,"NIC","Nicaragua",3220.192,NA,NA,NA,NA,NA,NA,NA,NA,NA,2198.015,NA,NA,NA,NA,NA,NA,NA,NA,NA,1600.307,NA,NA,NA,NA,1279.34,NA,NA,NA,1086.142
562,"NER","Niger",13273.83,NA,NA,NA,NA,NA,NA,NA,NA,NA,10458.34,NA,NA,NA,NA,NA,NA,NA,NA,NA,7081.298,NA,NA,NA,NA,6895.475,NA,NA,NA,6356.791
566,"NGA","Nigeria",8639.619,NA,NA,NA,NA,NA,NA,NA,NA,NA,7855.179,NA,NA,NA,NA,NA,NA,NA,NA,NA,5102.59,NA,NA,NA,NA,4201.531,NA,NA,NA,3505.576
570,"NIU","Niue",1624.7,NA,NA,NA,NA,NA,NA,NA,NA,NA,861.6515,NA,NA,NA,NA,NA,NA,NA,NA,NA,280.1889,NA,NA,NA,NA,180.2419,NA,NA,NA,143.7458
408,"PRK","North Korea",5762.482,NA,NA,NA,NA,NA,NA,NA,NA,NA,4970.69,NA,NA,NA,NA,NA,NA,NA,NA,NA,3807.379,NA,NA,NA,NA,2979.777,NA,NA,NA,2557.658
807,"MKD","North Macedonia",1601.544,NA,NA,NA,NA,NA,NA,NA,NA,NA,1143.281,NA,NA,NA,NA,NA,NA,NA,NA,NA,643.7581,NA,NA,NA,NA,498.3184,NA,NA,NA,409.2975
578,"NOR","Norway",3.77,NA,NA,NA,NA,NA,NA,NA,NA,NA,1.5,NA,NA,NA,NA,NA,NA,NA,NA,NA,0.614,NA,NA,NA,NA,0.412,NA,NA,NA,0.335
512,"OMN","Oman",2529.419,NA,NA,NA,NA,NA,NA,NA,NA,NA,365.5224,NA,NA,NA,NA,NA,NA,NA,NA,NA,56.3588,NA,NA,NA,NA,24.9026,NA,NA,NA,13.2487
586,"PAK","Pakistan",7199.008,NA,NA,NA,NA,NA,NA,NA,NA,NA,6582.137,NA,NA,NA,NA,NA,NA,NA,NA,NA,4884.523,NA,NA,NA,NA,3898.106,NA,NA,NA,3126.444
585,"PLW","Palau",7.52,NA,NA,NA,NA,NA,NA,NA,NA,NA,3,NA,NA,NA,NA,NA,NA,NA,NA,NA,2.39,NA,NA,NA,NA,3.1,NA,NA,NA,1.94
591,"PAN","Panama",801.2365,NA,NA,NA,NA,NA,NA,NA,NA,NA,409.2368,NA,NA,NA,NA,NA,NA,NA,NA,NA,264.5159,NA,NA,NA,NA,177.7615,NA,NA,NA,121.597
598,"PNG","Papua New Guinea",8879.55,NA,NA,NA,NA,NA,NA,NA,NA,NA,8207.341,NA,NA,NA,NA,NA,NA,NA,NA,NA,7951.761,NA,NA,NA,NA,7242.354,NA,NA,NA,6736.909
600,"PRY","Paraguay",2053.683,NA,NA,NA,NA,NA,NA,NA,NA,NA,1570.879,NA,NA,NA,NA,NA,NA,NA,NA,NA,1094.271,NA,NA,NA,NA,753.8549,NA,NA,NA,592.6985
604,"PER","Peru",2262.888,NA,NA,NA,NA,NA,NA,NA,NA,NA,1004.483,NA,NA,NA,NA,NA,NA,NA,NA,NA,618.4672,NA,NA,NA,NA,359.8172,NA,NA,NA,232.8807
608,"PHL","Philippines",3028.292,NA,NA,NA,NA,NA,NA,NA,NA,NA,2352.82,NA,NA,NA,NA,NA,NA,NA,NA,NA,2635.569,NA,NA,NA,NA,2080.405,NA,NA,NA,1650.727
616,"POL","Poland",808.9183,NA,NA,NA,NA,NA,NA,NA,NA,NA,342.0952,NA,NA,NA,NA,NA,NA,NA,NA,NA,172.3555,NA,NA,NA,NA,123.7123,NA,NA,NA,97.2719
620,"PRT","Portugal",101.0805,NA,NA,NA,NA,NA,NA,NA,NA,NA,32.2593,NA,NA,NA,NA,NA,NA,NA,NA,NA,8.13,NA,NA,NA,NA,4.67,NA,NA,NA,3.22
634,"QAT","Qatar",17.6933,NA,NA,NA,NA,NA,NA,NA,NA,NA,3.12,NA,NA,NA,NA,NA,NA,NA,NA,NA,0.716,NA,NA,NA,NA,0.345,NA,NA,NA,0.222
178,"COG","Republic of Congo",6639.79,NA,NA,NA,NA,NA,NA,NA,NA,NA,5211.057,NA,NA,NA,NA,NA,NA,NA,NA,NA,3276.857,NA,NA,NA,NA,2330.084,NA,NA,NA,1814.828
642,"ROU","Romania",1329.951,NA,NA,NA,NA,NA,NA,NA,NA,NA,778.4115,NA,NA,NA,NA,NA,NA,NA,NA,NA,283.1942,NA,NA,NA,NA,193.4906,NA,NA,NA,155.7785
643,"RUS","Russia",204.1463,NA,NA,NA,NA,NA,NA,NA,NA,NA,167.5896,NA,NA,NA,NA,NA,NA,NA,NA,NA,56.9219,NA,NA,NA,NA,34.6612,NA,NA,NA,25.8351
646,"RWA","Rwanda",9894.158,NA,NA,NA,NA,NA,NA,NA,NA,NA,8065.549,NA,NA,NA,NA,NA,NA,NA,NA,NA,4603.128,NA,NA,NA,NA,3844.784,NA,NA,NA,3485.267
652,"BLM","Saint Barthelemy",NA,NA,NA,NA,NA,NA,NA,NA,NA,NA,NA,NA,NA,NA,NA,NA,NA,NA,NA,NA,NA,NA,NA,NA,NA,NA,NA,NA,NA,NA
659,"KNA","Saint Kitts and Nevis",703.3865,NA,NA,NA,NA,NA,NA,NA,NA,NA,235.6239,NA,NA,NA,NA,NA,NA,NA,NA,NA,80.2432,NA,NA,NA,NA,56.9049,NA,NA,NA,44.5899
662,"LCA","Saint Lucia",1449.036,NA,NA,NA,NA,NA,NA,NA,NA,NA,440.0074,NA,NA,NA,NA,NA,NA,NA,NA,NA,129.4689,NA,NA,NA,NA,81.3002,NA,NA,NA,66.8583
670,"VCT","Saint Vincent and the Grenadines",1313.057,NA,NA,NA,NA,NA,NA,NA,NA,NA,436.5513,NA,NA,NA,NA,NA,NA,NA,NA,NA,148.7511,NA,NA,NA,NA,120.1047,NA,NA,NA,94.7371
882,"WSM","Samoa",4379.954,NA,NA,NA,NA,NA,NA,NA,NA,NA,3774.362,NA,NA,NA,NA,NA,NA,NA,NA,NA,3555.066,NA,NA,NA,NA,3250.339,NA,NA,NA,2714.176
674,"SMR","San Marino",3.93,NA,NA,NA,NA,NA,NA,NA,NA,NA,1.74,NA,NA,NA,NA,NA,NA,NA,NA,NA,0.892,NA,NA,NA,NA,0.785,NA,NA,NA,0.679
678,"STP","Sao Tome and Principe",6259.671,NA,NA,NA,NA,NA,NA,NA,NA,NA,5200.902,NA,NA,NA,NA,NA,NA,NA,NA,NA,3723.853,NA,NA,NA,NA,2926.146,NA,NA,NA,2336.481
682,"SAU","Saudi Arabia",2031.54,NA,NA,NA,NA,NA,NA,NA,NA,NA,296.7002,NA,NA,NA,NA,NA,NA,NA,NA,NA,39.1547,NA,NA,NA,NA,15.2253,NA,NA,NA,7.99
686,"SEN","Senegal",6489.288,NA,NA,NA,NA,NA,NA,NA,NA,NA,4643.186,NA,NA,NA,NA,NA,NA,NA,NA,NA,4008.916,NA,NA,NA,NA,3803.546,NA,NA,NA,3320.73
688,"SRB","Serbia",1645.275,NA,NA,NA,NA,NA,NA,NA,NA,NA,1104.512,NA,NA,NA,NA,NA,NA,NA,NA,NA,483.555,NA,NA,NA,NA,331.1138,NA,NA,NA,274.2477
690,"SYC","Seychelles",269.5887,NA,NA,NA,NA,NA,NA,NA,NA,NA,68.76,NA,NA,NA,NA,NA,NA,NA,NA,NA,23.8347,NA,NA,NA,NA,16.6299,NA,NA,NA,11.5419
694,"SLE","Sierra Leone",11209.18,NA,NA,NA,NA,NA,NA,NA,NA,NA,9366.54,NA,NA,NA,NA,NA,NA,NA,NA,NA,7632.802,NA,NA,NA,NA,6122.692,NA,NA,NA,5451.495
702,"SGP","Singapore",84.9397,NA,NA,NA,NA,NA,NA,NA,NA,NA,12.8571,NA,NA,NA,NA,NA,NA,NA,NA,NA,2.06,NA,NA,NA,NA,1.18,NA,NA,NA,0.842
534,"SXM","Sint Maarten",NA,NA,NA,NA,NA,NA,NA,NA,NA,NA,NA,NA,NA,NA,NA,NA,NA,NA,NA,NA,NA,NA,NA,NA,NA,NA,NA,NA,NA,NA
703,"SVK","Slovakia",85.1943,NA,NA,NA,NA,NA,NA,NA,NA,NA,32.2458,NA,NA,NA,NA,NA,NA,NA,NA,NA,15.52,NA,NA,NA,NA,11.2562,NA,NA,NA,8.8
705,"SVN","Slovenia",269.4686,NA,NA,NA,NA,NA,NA,NA,NA,NA,122.6096,NA,NA,NA,NA,NA,NA,NA,NA,NA,57.4346,NA,NA,NA,NA,42.6383,NA,NA,NA,34.7326
90,"SLB","Solomon Islands",14670.41,NA,NA,NA,NA,NA,NA,NA,NA,NA,13435.95,NA,NA,NA,NA,NA,NA,NA,NA,NA,12065.27,NA,NA,NA,NA,11677.11,NA,NA,NA,10869.5
706,"SOM","Somalia",12843.77,NA,NA,NA,NA,NA,NA,NA,NA,NA,10912.02,NA,NA,NA,NA,NA,NA,NA,NA,NA,10120.23,NA,NA,NA,NA,9172.122,NA,NA,NA,8649.525
710,"ZAF","South Africa",2113.518,NA,NA,NA,NA,NA,NA,NA,NA,NA,1829.51,NA,NA,NA,NA,NA,NA,NA,NA,NA,891.558,NA,NA,NA,NA,534.0119,NA,NA,NA,348.2279
410,"KOR","South Korea",52.479,NA,NA,NA,NA,NA,NA,NA,NA,NA,6.23,NA,NA,NA,NA,NA,NA,NA,NA,NA,1.08,NA,NA,NA,NA,0.634,NA,NA,NA,0.471
728,"SSD","South Sudan",8952.866,NA,NA,NA,NA,NA,NA,NA,NA,NA,7079.044,NA,NA,NA,NA,NA,NA,NA,NA,NA,5856.576,NA,NA,NA,NA,5592.295,NA,NA,NA,4746.389
724,"ESP","Spain",73.0762,NA,NA,NA,NA,NA,NA,NA,NA,NA,22.9617,NA,NA,NA,NA,NA,NA,NA,NA,NA,9.11,NA,NA,NA,NA,6.25,NA,NA,NA,4.91
144,"LKA","Sri Lanka",2691.116,NA,NA,NA,NA,NA,NA,NA,NA,NA,1889.193,NA,NA,NA,NA,NA,NA,NA,NA,NA,1311.842,NA,NA,NA,NA,1040.855,NA,NA,NA,804.9522
275,"PSE","State of Palestine",1803.157,NA,NA,NA,NA,NA,NA,NA,NA,NA,409.0325,NA,NA,NA,NA,NA,NA,NA,NA,NA,98.0143,NA,NA,NA,NA,56.5909,NA,NA,NA,34.7568
729,"SDN","Sudan",8412.876,NA,NA,NA,NA,NA,NA,NA,NA,NA,5810.922,NA,NA,NA,NA,NA,NA,NA,NA,NA,3458.167,NA,NA,NA,NA,2432.816,NA,NA,NA,1643.482
740,"SUR","Suriname",1593.786,NA,NA,NA,NA,NA,NA,NA,NA,NA,967.8577,NA,NA,NA,NA,NA,NA,NA,NA,NA,454.5027,NA,NA,NA,NA,323.3968,NA,NA,NA,258.7524
752,"SWE","Sweden",4.52,NA,NA,NA,NA,NA,NA,NA,NA,NA,1.72,NA,NA,NA,NA,NA,NA,NA,NA,NA,0.776,NA,NA,NA,NA,0.463,NA,NA,NA,0.364
756,"CHE","Switzerland",1.27,NA,NA,NA,NA,NA,NA,NA,NA,NA,0.701,NA,NA,NA,NA,NA,NA,NA,NA,NA,0.345,NA,NA,NA,NA,0.265,NA,NA,NA,0.217
760,"SYR","Syria",562.5749,NA,NA,NA,NA,NA,NA,NA,NA,NA,88.1177,NA,NA,NA,NA,NA,NA,NA,NA,NA,11.7951,NA,NA,NA,NA,7.48,NA,NA,NA,4.28
158,"TWN","Taiwan",575.0631,NA,NA,NA,NA,NA,NA,NA,NA,NA,167.5937,NA,NA,NA,NA,NA,NA,NA,NA,NA,55.874,NA,NA,NA,NA,40.1496,NA,NA,NA,32.6922
762,"TJK","Tajikistan",5227.76,NA,NA,NA,NA,NA,NA,NA,NA,NA,4456.701,NA,NA,NA,NA,NA,NA,NA,NA,NA,2662.746,NA,NA,NA,NA,1926.613,NA,NA,NA,1525.145
834,"TZA","Tanzania",8027.969,NA,NA,NA,NA,NA,NA,NA,NA,NA,6323.738,NA,NA,NA,NA,NA,NA,NA,NA,NA,4902.719,NA,NA,NA,NA,4399.215,NA,NA,NA,3890.545
764,"THA","Thailand",1883.588,NA,NA,NA,NA,NA,NA,NA,NA,NA,999.1224,NA,NA,NA,NA,NA,NA,NA,NA,NA,450.9668,NA,NA,NA,NA,318.6058,NA,NA,NA,240.5413
626,"TLS","Timor-Leste",8638.822,NA,NA,NA,NA,NA,NA,NA,NA,NA,6593.314,NA,NA,NA,NA,NA,NA,NA,NA,NA,4023.989,NA,NA,NA,NA,3760.552,NA,NA,NA,3561.791
768,"TGO","Togo",7054.353,NA,NA,NA,NA,NA,NA,NA,NA,NA,6084.148,NA,NA,NA,NA,NA,NA,NA,NA,NA,5285.434,NA,NA,NA,NA,4379.931,NA,NA,NA,3874.239
776,"TON","Tonga",2792.265,NA,NA,NA,NA,NA,NA,NA,NA,NA,2091.749,NA,NA,NA,NA,NA,NA,NA,NA,NA,1590.518,NA,NA,NA,NA,1320.438,NA,NA,NA,1064.275
780,"TTO","Trinidad and Tobago",37.8823,NA,NA,NA,NA,NA,NA,NA,NA,NA,16.366,NA,NA,NA,NA,NA,NA,NA,NA,NA,4.15,NA,NA,NA,NA,2.77,NA,NA,NA,2.25
788,"TUN","Tunisia",599.2237,NA,NA,NA,NA,NA,NA,NA,NA,NA,142.0769,NA,NA,NA,NA,NA,NA,NA,NA,NA,17.7747,NA,NA,NA,NA,8.71,NA,NA,NA,5.02
792,"TUR","Turkey",791.4831,NA,NA,NA,NA,NA,NA,NA,NA,NA,135.1283,NA,NA,NA,NA,NA,NA,NA,NA,NA,28.7039,NA,NA,NA,NA,14.6562,NA,NA,NA,7.99
795,"TKM","Turkmenistan",73.403,NA,NA,NA,NA,NA,NA,NA,NA,NA,34.1958,NA,NA,NA,NA,NA,NA,NA,NA,NA,13.5676,NA,NA,NA,NA,6.05,NA,NA,NA,4.13
796,"TCA","Turks and Caicos Islands",NA,NA,NA,NA,NA,NA,NA,NA,NA,NA,NA,NA,NA,NA,NA,NA,NA,NA,NA,NA,NA,NA,NA,NA,NA,NA,NA,NA,NA,NA
798,"TUV","Tuvalu",5251.411,NA,NA,NA,NA,NA,NA,NA,NA,NA,2622.029,NA,NA,NA,NA,NA,NA,NA,NA,NA,1134.255,NA,NA,NA,NA,738.5734,NA,NA,NA,510.2625
800,"UGA","Uganda",6664.451,NA,NA,NA,NA,NA,NA,NA,NA,NA,6603.279,NA,NA,NA,NA,NA,NA,NA,NA,NA,4698.424,NA,NA,NA,NA,4147.058,NA,NA,NA,3645.482
804,"UKR","Ukraine",302.9186,NA,NA,NA,NA,NA,NA,NA,NA,NA,260.7375,NA,NA,NA,NA,NA,NA,NA,NA,NA,124.1086,NA,NA,NA,NA,104.7788,NA,NA,NA,85.2415
784,"ARE","United Arab Emirates",23.6752,NA,NA,NA,NA,NA,NA,NA,NA,NA,2.69,NA,NA,NA,NA,NA,NA,NA,NA,NA,0.327,NA,NA,NA,NA,0.183,NA,NA,NA,0.135
826,"GBR","United Kingdom",2,NA,NA,NA,NA,NA,NA,NA,NA,NA,0.848,NA,NA,NA,NA,NA,NA,NA,NA,NA,0.407,NA,NA,NA,NA,0.285,NA,NA,NA,0.242
840,"USA","United States of America",3.60987591773415,NA,NA,NA,NA,NA,NA,NA,NA,NA,2.45325792791875,NA,NA,NA,NA,NA,NA,NA,NA,NA,1.49264446849243,NA,NA,NA,NA,1.18915512765781,NA,NA,NA,1.02242829105714
858,"URY","Uruguay",274.5139,NA,NA,NA,NA,NA,NA,NA,NA,NA,95.7008,NA,NA,NA,NA,NA,NA,NA,NA,NA,47.077,NA,NA,NA,NA,31.7872,NA,NA,NA,23.8835
860,"UZB","Uzbekistan",2090.643,NA,NA,NA,NA,NA,NA,NA,NA,NA,1794.222,NA,NA,NA,NA,NA,NA,NA,NA,NA,1118.906,NA,NA,NA,NA,717.1655,NA,NA,NA,481.0847
548,"VUT","Vanuatu",7383.867,NA,NA,NA,NA,NA,NA,NA,NA,NA,7163.405,NA,NA,NA,NA,NA,NA,NA,NA,NA,6576.73,NA,NA,NA,NA,6395.632,NA,NA,NA,6048.424
862,"VEN","Venezuela",107.9586,NA,NA,NA,NA,NA,NA,NA,NA,NA,46.7052,NA,NA,NA,NA,NA,NA,NA,NA,NA,17.7607,NA,NA,NA,NA,10.8511,NA,NA,NA,8.97
704,"VNM","Viet Nam",4258.577,NA,NA,NA,NA,NA,NA,NA,NA,NA,2737.509,NA,NA,NA,NA,NA,NA,NA,NA,NA,1694.946,NA,NA,NA,NA,1294.453,NA,NA,NA,1011.431
876,"WLF","Wallis and Futuna Islands",NA,NA,NA,NA,NA,NA,NA,NA,NA,NA,NA,NA,NA,NA,NA,NA,NA,NA,NA,NA,NA,NA,NA,NA,NA,NA,NA,NA,NA,NA
732,"ESH","Western Sahara",NA,NA,NA,NA,NA,NA,NA,NA,NA,NA,NA,NA,NA,NA,NA,NA,NA,NA,NA,NA,NA,NA,NA,NA,NA,NA,NA,NA,NA,NA
887,"YEM","Yemen",7910.025,NA,NA,NA,NA,NA,NA,NA,NA,NA,5050.219,NA,NA,NA,NA,NA,NA,NA,NA,NA,2913.436,NA,NA,NA,NA,2287.968,NA,NA,NA,1949.31
894,"ZMB","Zambia",7991.755,NA,NA,NA,NA,NA,NA,NA,NA,NA,6816.45,NA,NA,NA,NA,NA,NA,NA,NA,NA,4954.257,NA,NA,NA,NA,3878.9,NA,NA,NA,3254.536
716,"ZWE","Zimbabwe",4484.339,NA,NA,NA,NA,NA,NA,NA,NA,NA,3825.184,NA,NA,NA,NA,NA,NA,NA,NA,NA,5121.486,NA,NA,NA,NA,4478.85,NA,NA,NA,4040.038
