"code","iso","country","PMD.raw.1990","PMD.raw.1991","PMD.raw.1992","PMD.raw.1993","PMD.raw.1994","PMD.raw.1995","PMD.raw.1996","PMD.raw.1997","PMD.raw.1998","PMD.raw.1999","PMD.raw.2000","PMD.raw.2001","PMD.raw.2002","PMD.raw.2003","PMD.raw.2004","PMD.raw.2005","PMD.raw.2006","PMD.raw.2007","PMD.raw.2008","PMD.raw.2009","PMD.raw.2010","PMD.raw.2011","PMD.raw.2012","PMD.raw.2013","PMD.raw.2014","PMD.raw.2015","PMD.raw.2016","PMD.raw.2017","PMD.raw.2018","PMD.raw.2019"
4,"AFG","Afghanistan",1057.881,NA,NA,NA,NA,NA,NA,NA,NA,NA,979.9647,NA,NA,NA,NA,NA,NA,NA,NA,NA,1144.182,NA,NA,NA,NA,1590.987,NA,NA,NA,1627.168
8,"ALB","Albania",1224.498,NA,NA,NA,NA,NA,NA,NA,NA,NA,1039.727,NA,NA,NA,NA,NA,NA,NA,NA,NA,927.4055,NA,NA,NA,NA,884.6323,NA,NA,NA,839.5237
12,"DZA","Algeria",2492.609,NA,NA,NA,NA,NA,NA,NA,NA,NA,2568.675,NA,NA,NA,NA,NA,NA,NA,NA,NA,1969.872,NA,NA,NA,NA,1930.204,NA,NA,NA,1837.947
20,"AND","Andorra",451.8927,NA,NA,NA,NA,NA,NA,NA,NA,NA,364.7054,NA,NA,NA,NA,NA,NA,NA,NA,NA,259.1028,NA,NA,NA,NA,222.271,NA,NA,NA,182.052
24,"AGO","Angola",641.7462,NA,NA,NA,NA,NA,NA,NA,NA,NA,784.4109,NA,NA,NA,NA,NA,NA,NA,NA,NA,887.6266,NA,NA,NA,NA,1100.112,NA,NA,NA,1259.671
660,"AIA","Anguilla",NA,NA,NA,NA,NA,NA,NA,NA,NA,NA,NA,NA,NA,NA,NA,NA,NA,NA,NA,NA,NA,NA,NA,NA,NA,NA,NA,NA,NA,NA
28,"ATG","Antigua and Barbuda",1072.521,NA,NA,NA,NA,NA,NA,NA,NA,NA,999.3889,NA,NA,NA,NA,NA,NA,NA,NA,NA,838.3338,NA,NA,NA,NA,869.2557,NA,NA,NA,827.3669
32,"ARG","Argentina",961.4363,NA,NA,NA,NA,NA,NA,NA,NA,NA,755.4598,NA,NA,NA,NA,NA,NA,NA,NA,NA,629.1717,NA,NA,NA,NA,624.5758,NA,NA,NA,580.4381
51,"ARM","Armenia",2297.785,NA,NA,NA,NA,NA,NA,NA,NA,NA,2142.919,NA,NA,NA,NA,NA,NA,NA,NA,NA,2229.555,NA,NA,NA,NA,2032.816,NA,NA,NA,1824.304
533,"ABW","Aruba",NA,NA,NA,NA,NA,NA,NA,NA,NA,NA,NA,NA,NA,NA,NA,NA,NA,NA,NA,NA,NA,NA,NA,NA,NA,NA,NA,NA,NA,NA
36,"AUS","Australia",295.3911,NA,NA,NA,NA,NA,NA,NA,NA,NA,196.8287,NA,NA,NA,NA,NA,NA,NA,NA,NA,125.8075,NA,NA,NA,NA,115.5145,NA,NA,NA,107.2989
40,"AUT","Austria",953.7571,NA,NA,NA,NA,NA,NA,NA,NA,NA,655.5672,NA,NA,NA,NA,NA,NA,NA,NA,NA,456.4144,NA,NA,NA,NA,350.9884,NA,NA,NA,295.9315
31,"AZE","Azerbaijan",2372.213,NA,NA,NA,NA,NA,NA,NA,NA,NA,2720.817,NA,NA,NA,NA,NA,NA,NA,NA,NA,2869.81,NA,NA,NA,NA,2779.881,NA,NA,NA,2541.276
44,"BHS","Bahamas",1098.946,NA,NA,NA,NA,NA,NA,NA,NA,NA,984.9132,NA,NA,NA,NA,NA,NA,NA,NA,NA,798.4017,NA,NA,NA,NA,821.2176,NA,NA,NA,788.2812
48,"BHR","Bahrain",4402.835,NA,NA,NA,NA,NA,NA,NA,NA,NA,3572.552,NA,NA,NA,NA,NA,NA,NA,NA,NA,2780.875,NA,NA,NA,NA,2325.272,NA,NA,NA,2216.431
50,"BGD","Bangladesh",1064.365,NA,NA,NA,NA,NA,NA,NA,NA,NA,1323.253,NA,NA,NA,NA,NA,NA,NA,NA,NA,1485.378,NA,NA,NA,NA,1663.839,NA,NA,NA,1692.871
52,"BRB","Barbados",1271.369,NA,NA,NA,NA,NA,NA,NA,NA,NA,1120.685,NA,NA,NA,NA,NA,NA,NA,NA,NA,898.4603,NA,NA,NA,NA,952.3028,NA,NA,NA,948.7944
112,"BLR","Belarus",2011.323,NA,NA,NA,NA,NA,NA,NA,NA,NA,2175.598,NA,NA,NA,NA,NA,NA,NA,NA,NA,2058.899,NA,NA,NA,NA,1396.293,NA,NA,NA,1195.923
56,"BEL","Belgium",1012.046,NA,NA,NA,NA,NA,NA,NA,NA,NA,699.2302,NA,NA,NA,NA,NA,NA,NA,NA,NA,530.2986,NA,NA,NA,NA,368.6939,NA,NA,NA,342.4386
84,"BLZ","Belize",714.9693,NA,NA,NA,NA,NA,NA,NA,NA,NA,1178.877,NA,NA,NA,NA,NA,NA,NA,NA,NA,849.0665,NA,NA,NA,NA,969.6818,NA,NA,NA,965.602
204,"BEN","Benin",734.9285,NA,NA,NA,NA,NA,NA,NA,NA,NA,872.0108,NA,NA,NA,NA,NA,NA,NA,NA,NA,850.9355,NA,NA,NA,NA,1076.959,NA,NA,NA,1061.57
60,"BMU","Bermuda",596.7701,NA,NA,NA,NA,NA,NA,NA,NA,NA,320.0886,NA,NA,NA,NA,NA,NA,NA,NA,NA,178.843,NA,NA,NA,NA,166.6087,NA,NA,NA,163.548
64,"BTN","Bhutan",588.3829,NA,NA,NA,NA,NA,NA,NA,NA,NA,772.2998,NA,NA,NA,NA,NA,NA,NA,NA,NA,1208.47,NA,NA,NA,NA,1418.506,NA,NA,NA,1355.4
68,"BOL","Bolivia",2316.9,NA,NA,NA,NA,NA,NA,NA,NA,NA,1449.229,NA,NA,NA,NA,NA,NA,NA,NA,NA,1308.78,NA,NA,NA,NA,1189.459,NA,NA,NA,1178.304
70,"BIH","Bosnia and Herzegovina",1363.003,NA,NA,NA,NA,NA,NA,NA,NA,NA,1599.292,NA,NA,NA,NA,NA,NA,NA,NA,NA,1601.578,NA,NA,NA,NA,1561.38,NA,NA,NA,1415.344
72,"BWA","Botswana",1069.893,NA,NA,NA,NA,NA,NA,NA,NA,NA,2002.7,NA,NA,NA,NA,NA,NA,NA,NA,NA,2308.394,NA,NA,NA,NA,2247.881,NA,NA,NA,2117.921
76,"BRA","Brazil",978.8284,NA,NA,NA,NA,NA,NA,NA,NA,NA,863.9226,NA,NA,NA,NA,NA,NA,NA,NA,NA,741.6755,NA,NA,NA,NA,568.7507,NA,NA,NA,542.7444
92,"VGB","British Virgin Islands",NA,NA,NA,NA,NA,NA,NA,NA,NA,NA,NA,NA,NA,NA,NA,NA,NA,NA,NA,NA,NA,NA,NA,NA,NA,NA,NA,NA,NA,NA
96,"BRN","Brunei Darussalam",742.6633,NA,NA,NA,NA,NA,NA,NA,NA,NA,409.4546,NA,NA,NA,NA,NA,NA,NA,NA,NA,327.2001,NA,NA,NA,NA,470.4372,NA,NA,NA,427.3773
100,"BGR","Bulgaria",2506.545,NA,NA,NA,NA,NA,NA,NA,NA,NA,2587.53,NA,NA,NA,NA,NA,NA,NA,NA,NA,1824.865,NA,NA,NA,NA,1529.958,NA,NA,NA,1473.653
854,"BFA","Burkina Faso",541.2889,NA,NA,NA,NA,NA,NA,NA,NA,NA,622.2034,NA,NA,NA,NA,NA,NA,NA,NA,NA,682.7457,NA,NA,NA,NA,858.9836,NA,NA,NA,825.0804
108,"BDI","Burundi",623.4895,NA,NA,NA,NA,NA,NA,NA,NA,NA,578.3533,NA,NA,NA,NA,NA,NA,NA,NA,NA,500.0126,NA,NA,NA,NA,555.3164,NA,NA,NA,518.3767
132,"CPV","Cabo Verde",696.7424,NA,NA,NA,NA,NA,NA,NA,NA,NA,1157.129,NA,NA,NA,NA,NA,NA,NA,NA,NA,1069.024,NA,NA,NA,NA,1649.065,NA,NA,NA,1866.343
116,"KHM","Cambodia",775.2262,NA,NA,NA,NA,NA,NA,NA,NA,NA,853.2501,NA,NA,NA,NA,NA,NA,NA,NA,NA,946.7309,NA,NA,NA,NA,868.6342,NA,NA,NA,870.6083
120,"CMR","Cameroon",1337.163,NA,NA,NA,NA,NA,NA,NA,NA,NA,1750.4,NA,NA,NA,NA,NA,NA,NA,NA,NA,1889.962,NA,NA,NA,NA,2248.681,NA,NA,NA,2226.939
124,"CAN","Canada",433.1027,NA,NA,NA,NA,NA,NA,NA,NA,NA,306.1895,NA,NA,NA,NA,NA,NA,NA,NA,NA,185.36,NA,NA,NA,NA,147.2425,NA,NA,NA,142.2199
136,"CYM","Cayman Islands",NA,NA,NA,NA,NA,NA,NA,NA,NA,NA,NA,NA,NA,NA,NA,NA,NA,NA,NA,NA,NA,NA,NA,NA,NA,NA,NA,NA,NA,NA
140,"CAF","Central African Republic",873.2488,NA,NA,NA,NA,NA,NA,NA,NA,NA,986.9409,NA,NA,NA,NA,NA,NA,NA,NA,NA,1026.614,NA,NA,NA,NA,1156.355,NA,NA,NA,1090.195
148,"TCD","Chad",570.7084,NA,NA,NA,NA,NA,NA,NA,NA,NA,687.8374,NA,NA,NA,NA,NA,NA,NA,NA,NA,747.7457,NA,NA,NA,NA,906.9904,NA,NA,NA,895.6254
152,"CHL","Chile",936.4926,NA,NA,NA,NA,NA,NA,NA,NA,NA,752.7661,NA,NA,NA,NA,NA,NA,NA,NA,NA,655.5408,NA,NA,NA,NA,659.528,NA,NA,NA,615.622
156,"CHN","China",1816.533,NA,NA,NA,NA,NA,NA,NA,NA,NA,2067.868,NA,NA,NA,NA,NA,NA,NA,NA,NA,2029.534,NA,NA,NA,NA,1921.886,NA,NA,NA,1743.355
170,"COL","Colombia",1076.839,NA,NA,NA,NA,NA,NA,NA,NA,NA,1024.001,NA,NA,NA,NA,NA,NA,NA,NA,NA,830.4872,NA,NA,NA,NA,715.2706,NA,NA,NA,683.3372
174,"COM","Comoros",409.3543,NA,NA,NA,NA,NA,NA,NA,NA,NA,507.3216,NA,NA,NA,NA,NA,NA,NA,NA,NA,527.6906,NA,NA,NA,NA,603.2236,NA,NA,NA,581.2652
184,"COK","Cook Islands",522.1135,NA,NA,NA,NA,NA,NA,NA,NA,NA,426.0905,NA,NA,NA,NA,NA,NA,NA,NA,NA,332.918,NA,NA,NA,NA,339.2196,NA,NA,NA,361.0425
188,"CRI","Costa Rica",528.1295,NA,NA,NA,NA,NA,NA,NA,NA,NA,602.8514,NA,NA,NA,NA,NA,NA,NA,NA,NA,559.1392,NA,NA,NA,NA,547.4713,NA,NA,NA,527.7982
384,"CIV","Cote d'Ivoire",1138.499,NA,NA,NA,NA,NA,NA,NA,NA,NA,1564.315,NA,NA,NA,NA,NA,NA,NA,NA,NA,1376.368,NA,NA,NA,NA,1780.466,NA,NA,NA,1594.378
191,"HRV","Croatia",1770.215,NA,NA,NA,NA,NA,NA,NA,NA,NA,1426.784,NA,NA,NA,NA,NA,NA,NA,NA,NA,1045.305,NA,NA,NA,NA,897.246,NA,NA,NA,776.5283
192,"CUB","Cuba",1146.499,NA,NA,NA,NA,NA,NA,NA,NA,NA,1023.154,NA,NA,NA,NA,NA,NA,NA,NA,NA,785.7531,NA,NA,NA,NA,858.4599,NA,NA,NA,759.6774
531,"CUW","Curacao",NA,NA,NA,NA,NA,NA,NA,NA,NA,NA,NA,NA,NA,NA,NA,NA,NA,NA,NA,NA,NA,NA,NA,NA,NA,NA,NA,NA,NA,NA
196,"CYP","Cyprus",1107.192,NA,NA,NA,NA,NA,NA,NA,NA,NA,994.9063,NA,NA,NA,NA,NA,NA,NA,NA,NA,726.7189,NA,NA,NA,NA,579.8648,NA,NA,NA,502.8767
203,"CZE","Czech Republic",2230.544,NA,NA,NA,NA,NA,NA,NA,NA,NA,1320.358,NA,NA,NA,NA,NA,NA,NA,NA,NA,960.1943,NA,NA,NA,NA,762.9111,NA,NA,NA,707.5552
180,"COD","Dem. Rep. Congo",763.2293,NA,NA,NA,NA,NA,NA,NA,NA,NA,690.1825,NA,NA,NA,NA,NA,NA,NA,NA,NA,569.7453,NA,NA,NA,NA,788.2977,NA,NA,NA,805.677
208,"DNK","Denmark",996.8791,NA,NA,NA,NA,NA,NA,NA,NA,NA,632.9965,NA,NA,NA,NA,NA,NA,NA,NA,NA,431.9249,NA,NA,NA,NA,269.6407,NA,NA,NA,249.5366
262,"DJI","Djibouti",942.1726,NA,NA,NA,NA,NA,NA,NA,NA,NA,1550.694,NA,NA,NA,NA,NA,NA,NA,NA,NA,2172.122,NA,NA,NA,NA,2218.208,NA,NA,NA,2207.527
212,"DMA","Dominica",811.7182,NA,NA,NA,NA,NA,NA,NA,NA,NA,968.0545,NA,NA,NA,NA,NA,NA,NA,NA,NA,937.1187,NA,NA,NA,NA,1071.302,NA,NA,NA,1044.687
214,"DOM","Dominican Republic",501.5104,NA,NA,NA,NA,NA,NA,NA,NA,NA,641.092,NA,NA,NA,NA,NA,NA,NA,NA,NA,934.2945,NA,NA,NA,NA,1233.494,NA,NA,NA,1167.147
218,"ECU","Ecuador",865.0229,NA,NA,NA,NA,NA,NA,NA,NA,NA,770.9572,NA,NA,NA,NA,NA,NA,NA,NA,NA,907.1865,NA,NA,NA,NA,825.3443,NA,NA,NA,783.848
818,"EGY","Egypt",5343.878,NA,NA,NA,NA,NA,NA,NA,NA,NA,4609.587,NA,NA,NA,NA,NA,NA,NA,NA,NA,4649.462,NA,NA,NA,NA,4388.482,NA,NA,NA,3993.224
222,"SLV","El Salvador",629.1876,NA,NA,NA,NA,NA,NA,NA,NA,NA,750.0581,NA,NA,NA,NA,NA,NA,NA,NA,NA,694.6108,NA,NA,NA,NA,866.149,NA,NA,NA,822.2047
226,"GNQ","Equatorial Guinea",708.6238,NA,NA,NA,NA,NA,NA,NA,NA,NA,1118.075,NA,NA,NA,NA,NA,NA,NA,NA,NA,1688.34,NA,NA,NA,NA,2160.859,NA,NA,NA,2134.169
232,"ERI","Eritrea",866.4067,NA,NA,NA,NA,NA,NA,NA,NA,NA,1153.545,NA,NA,NA,NA,NA,NA,NA,NA,NA,1193.882,NA,NA,NA,NA,1261.645,NA,NA,NA,1386.758
233,"EST","Estonia",838.6404,NA,NA,NA,NA,NA,NA,NA,NA,NA,607.1138,NA,NA,NA,NA,NA,NA,NA,NA,NA,332.6718,NA,NA,NA,NA,173.283,NA,NA,NA,137.9108
748,"SWZ","Eswatini",989.0698,NA,NA,NA,NA,NA,NA,NA,NA,NA,1425.413,NA,NA,NA,NA,NA,NA,NA,NA,NA,1822.319,NA,NA,NA,NA,1704.902,NA,NA,NA,1701.306
231,"ETH","Ethiopia",420.6159,NA,NA,NA,NA,NA,NA,NA,NA,NA,391.8014,NA,NA,NA,NA,NA,NA,NA,NA,NA,428.2472,NA,NA,NA,NA,474.2205,NA,NA,NA,510.7255
234,"FRO","Faeroe Islands",NA,NA,NA,NA,NA,NA,NA,NA,NA,NA,NA,NA,NA,NA,NA,NA,NA,NA,NA,NA,NA,NA,NA,NA,NA,NA,NA,NA,NA,NA
238,"FLK","Falkland Islands",NA,NA,NA,NA,NA,NA,NA,NA,NA,NA,NA,NA,NA,NA,NA,NA,NA,NA,NA,NA,NA,NA,NA,NA,NA,NA,NA,NA,NA,NA
242,"FJI","Fiji",640.9018,NA,NA,NA,NA,NA,NA,NA,NA,NA,1251.044,NA,NA,NA,NA,NA,NA,NA,NA,NA,1205.735,NA,NA,NA,NA,1227.751,NA,NA,NA,1312.777
246,"FIN","Finland",445.6872,NA,NA,NA,NA,NA,NA,NA,NA,NA,238.9164,NA,NA,NA,NA,NA,NA,NA,NA,NA,160.6449,NA,NA,NA,NA,77.7116,NA,NA,NA,75.4755
250,"FRA","France",594.857,NA,NA,NA,NA,NA,NA,NA,NA,NA,444.9226,NA,NA,NA,NA,NA,NA,NA,NA,NA,345.9304,NA,NA,NA,NA,257.856,NA,NA,NA,221.0708
258,"PYF","French Polynesia",NA,NA,NA,NA,NA,NA,NA,NA,NA,NA,NA,NA,NA,NA,NA,NA,NA,NA,NA,NA,NA,NA,NA,NA,NA,NA,NA,NA,NA,NA
266,"GAB","Gabon",1396.147,NA,NA,NA,NA,NA,NA,NA,NA,NA,2165.333,NA,NA,NA,NA,NA,NA,NA,NA,NA,2349.23,NA,NA,NA,NA,2428.125,NA,NA,NA,2249.486
270,"GMB","Gambia",724.1875,NA,NA,NA,NA,NA,NA,NA,NA,NA,844.5117,NA,NA,NA,NA,NA,NA,NA,NA,NA,988.8108,NA,NA,NA,NA,1167.096,NA,NA,NA,1257.21
268,"GEO","Georgia",1976.589,NA,NA,NA,NA,NA,NA,NA,NA,NA,1660.768,NA,NA,NA,NA,NA,NA,NA,NA,NA,1464.033,NA,NA,NA,NA,1251.245,NA,NA,NA,1294.572
276,"DEU","Germany",1093.397,NA,NA,NA,NA,NA,NA,NA,NA,NA,649.6945,NA,NA,NA,NA,NA,NA,NA,NA,NA,503.8256,NA,NA,NA,NA,375.4855,NA,NA,NA,334.5227
288,"GHA","Ghana",1318.111,NA,NA,NA,NA,NA,NA,NA,NA,NA,1645.641,NA,NA,NA,NA,NA,NA,NA,NA,NA,1861.152,NA,NA,NA,NA,2232.213,NA,NA,NA,2172.547
300,"GRC","Greece",1016.429,NA,NA,NA,NA,NA,NA,NA,NA,NA,947.1625,NA,NA,NA,NA,NA,NA,NA,NA,NA,750.3752,NA,NA,NA,NA,590.053,NA,NA,NA,523.7656
304,"GRL","Greenland",587.9346,NA,NA,NA,NA,NA,NA,NA,NA,NA,451.5669,NA,NA,NA,NA,NA,NA,NA,NA,NA,272.806,NA,NA,NA,NA,258.5524,NA,NA,NA,261.953
308,"GRD","Grenada",1165.124,NA,NA,NA,NA,NA,NA,NA,NA,NA,1399.927,NA,NA,NA,NA,NA,NA,NA,NA,NA,1292.815,NA,NA,NA,NA,1366.136,NA,NA,NA,1319.895
320,"GTM","Guatemala",977.1019,NA,NA,NA,NA,NA,NA,NA,NA,NA,1120.772,NA,NA,NA,NA,NA,NA,NA,NA,NA,885.2465,NA,NA,NA,NA,998.8746,NA,NA,NA,933.7782
831,"GGY","Guernsey",NA,NA,NA,NA,NA,NA,NA,NA,NA,NA,NA,NA,NA,NA,NA,NA,NA,NA,NA,NA,NA,NA,NA,NA,NA,NA,NA,NA,NA,NA
324,"GIN","Guinea",849.1843,NA,NA,NA,NA,NA,NA,NA,NA,NA,895.1356,NA,NA,NA,NA,NA,NA,NA,NA,NA,949.276,NA,NA,NA,NA,1082.166,NA,NA,NA,1052.74
624,"GNB","Guinea-Bissau",967.1487,NA,NA,NA,NA,NA,NA,NA,NA,NA,1086.673,NA,NA,NA,NA,NA,NA,NA,NA,NA,1161.258,NA,NA,NA,NA,1291.252,NA,NA,NA,1251.362
328,"GUY","Guyana",2257.755,NA,NA,NA,NA,NA,NA,NA,NA,NA,2495.266,NA,NA,NA,NA,NA,NA,NA,NA,NA,2096.625,NA,NA,NA,NA,2179.29,NA,NA,NA,1925.225
332,"HTI","Haiti",575.0833,NA,NA,NA,NA,NA,NA,NA,NA,NA,611.9947,NA,NA,NA,NA,NA,NA,NA,NA,NA,643.5139,NA,NA,NA,NA,757.1629,NA,NA,NA,748.2233
336,"VAT","Holy See",NA,NA,NA,NA,NA,NA,NA,NA,NA,NA,NA,NA,NA,NA,NA,NA,NA,NA,NA,NA,NA,NA,NA,NA,NA,NA,NA,NA,NA,NA
340,"HND","Honduras",439.5597,NA,NA,NA,NA,NA,NA,NA,NA,NA,609.6483,NA,NA,NA,NA,NA,NA,NA,NA,NA,671.5579,NA,NA,NA,NA,834.7547,NA,NA,NA,763.2492
344,"HKG","Hong Kong",NA,NA,NA,NA,NA,NA,NA,NA,NA,NA,NA,NA,NA,NA,NA,NA,NA,NA,NA,NA,NA,NA,NA,NA,NA,NA,NA,NA,NA,NA
348,"HUN","Hungary",2044.857,NA,NA,NA,NA,NA,NA,NA,NA,NA,1564.167,NA,NA,NA,NA,NA,NA,NA,NA,NA,1209.24,NA,NA,NA,NA,987.5358,NA,NA,NA,877.0986
352,"ISL","Iceland",245.7161,NA,NA,NA,NA,NA,NA,NA,NA,NA,166.5674,NA,NA,NA,NA,NA,NA,NA,NA,NA,113.0509,NA,NA,NA,NA,77.2735,NA,NA,NA,71.6837
356,"IND","India",1841.31,NA,NA,NA,NA,NA,NA,NA,NA,NA,1995.693,NA,NA,NA,NA,NA,NA,NA,NA,NA,2345.831,NA,NA,NA,NA,2808.193,NA,NA,NA,2706.533
360,"IDN","Indonesia",1193.045,NA,NA,NA,NA,NA,NA,NA,NA,NA,1366.736,NA,NA,NA,NA,NA,NA,NA,NA,NA,1505.466,NA,NA,NA,NA,1463.495,NA,NA,NA,1449.931
364,"IRN","Iran",2573.382,NA,NA,NA,NA,NA,NA,NA,NA,NA,2512.918,NA,NA,NA,NA,NA,NA,NA,NA,NA,1942.983,NA,NA,NA,NA,1771.736,NA,NA,NA,1563.801
368,"IRQ","Iraq",3535.105,NA,NA,NA,NA,NA,NA,NA,NA,NA,3901.301,NA,NA,NA,NA,NA,NA,NA,NA,NA,3802.645,NA,NA,NA,NA,3316.562,NA,NA,NA,3062.067
372,"IRL","Ireland",779.2112,NA,NA,NA,NA,NA,NA,NA,NA,NA,501.625,NA,NA,NA,NA,NA,NA,NA,NA,NA,268.1885,NA,NA,NA,NA,187.4865,NA,NA,NA,162.5857
833,"IMN","Isle of Man",NA,NA,NA,NA,NA,NA,NA,NA,NA,NA,NA,NA,NA,NA,NA,NA,NA,NA,NA,NA,NA,NA,NA,NA,NA,NA,NA,NA,NA,NA
376,"ISR","Israel",1036.789,NA,NA,NA,NA,NA,NA,NA,NA,NA,824.9328,NA,NA,NA,NA,NA,NA,NA,NA,NA,598.7005,NA,NA,NA,NA,505.3106,NA,NA,NA,439.7811
380,"ITA","Italy",1024.553,NA,NA,NA,NA,NA,NA,NA,NA,NA,727.8445,NA,NA,NA,NA,NA,NA,NA,NA,NA,501.628,NA,NA,NA,NA,410.8644,NA,NA,NA,357.4916
388,"JAM","Jamaica",529.9264,NA,NA,NA,NA,NA,NA,NA,NA,NA,793.4891,NA,NA,NA,NA,NA,NA,NA,NA,NA,761.73,NA,NA,NA,NA,869.7674,NA,NA,NA,854.892
392,"JPN","Japan",428.0156,NA,NA,NA,NA,NA,NA,NA,NA,NA,331.2017,NA,NA,NA,NA,NA,NA,NA,NA,NA,242.1947,NA,NA,NA,NA,262.7909,NA,NA,NA,256.0192
832,"JEY","Jersey",NA,NA,NA,NA,NA,NA,NA,NA,NA,NA,NA,NA,NA,NA,NA,NA,NA,NA,NA,NA,NA,NA,NA,NA,NA,NA,NA,NA,NA,NA
400,"JOR","Jordan",2427.37,NA,NA,NA,NA,NA,NA,NA,NA,NA,2276.548,NA,NA,NA,NA,NA,NA,NA,NA,NA,1782.012,NA,NA,NA,NA,1570.982,NA,NA,NA,1426.959
398,"KAZ","Kazakhstan",1812.209,NA,NA,NA,NA,NA,NA,NA,NA,NA,2206.538,NA,NA,NA,NA,NA,NA,NA,NA,NA,1915.156,NA,NA,NA,NA,1718.873,NA,NA,NA,1555.808
404,"KEN","Kenya",416.7559,NA,NA,NA,NA,NA,NA,NA,NA,NA,608.3737,NA,NA,NA,NA,NA,NA,NA,NA,NA,785.1384,NA,NA,NA,NA,857.9482,NA,NA,NA,687.6207
296,"KIR","Kiribati",637.8045,NA,NA,NA,NA,NA,NA,NA,NA,NA,815.244,NA,NA,NA,NA,NA,NA,NA,NA,NA,703.4514,NA,NA,NA,NA,656.9535,NA,NA,NA,784.7382
689,"XKX","Kosovo",NA,NA,NA,NA,NA,NA,NA,NA,NA,NA,NA,NA,NA,NA,NA,NA,NA,NA,NA,NA,NA,NA,NA,NA,NA,NA,NA,NA,NA,NA
414,"KWT","Kuwait",2423.749,NA,NA,NA,NA,NA,NA,NA,NA,NA,2254.879,NA,NA,NA,NA,NA,NA,NA,NA,NA,1979.858,NA,NA,NA,NA,1766.278,NA,NA,NA,1695.366
417,"KGZ","Kyrgyzstan",1647.265,NA,NA,NA,NA,NA,NA,NA,NA,NA,1980.864,NA,NA,NA,NA,NA,NA,NA,NA,NA,1740.598,NA,NA,NA,NA,1654.525,NA,NA,NA,1489.85
418,"LAO","Laos",898.6359,NA,NA,NA,NA,NA,NA,NA,NA,NA,947.3137,NA,NA,NA,NA,NA,NA,NA,NA,NA,1040.113,NA,NA,NA,NA,877.6968,NA,NA,NA,930.0564
428,"LVA","Latvia",1761.632,NA,NA,NA,NA,NA,NA,NA,NA,NA,1414.967,NA,NA,NA,NA,NA,NA,NA,NA,NA,1197.23,NA,NA,NA,NA,768.2986,NA,NA,NA,612.175
422,"LBN","Lebanon",1940.775,NA,NA,NA,NA,NA,NA,NA,NA,NA,1724.923,NA,NA,NA,NA,NA,NA,NA,NA,NA,1886.315,NA,NA,NA,NA,1828.016,NA,NA,NA,1647.45
426,"LSO","Lesotho",939.5558,NA,NA,NA,NA,NA,NA,NA,NA,NA,1349.355,NA,NA,NA,NA,NA,NA,NA,NA,NA,2070.586,NA,NA,NA,NA,2264.275,NA,NA,NA,2050.939
430,"LBR","Liberia",982.868,NA,NA,NA,NA,NA,NA,NA,NA,NA,609.8041,NA,NA,NA,NA,NA,NA,NA,NA,NA,657.0462,NA,NA,NA,NA,904.3815,NA,NA,NA,853.1089
434,"LBY","Libya",1779.236,NA,NA,NA,NA,NA,NA,NA,NA,NA,2085.94,NA,NA,NA,NA,NA,NA,NA,NA,NA,2101.679,NA,NA,NA,NA,1905.464,NA,NA,NA,1929.949
438,"LIE","Liechtenstein",NA,NA,NA,NA,NA,NA,NA,NA,NA,NA,NA,NA,NA,NA,NA,NA,NA,NA,NA,NA,NA,NA,NA,NA,NA,NA,NA,NA,NA,NA
440,"LTU","Lithuania",1319.712,NA,NA,NA,NA,NA,NA,NA,NA,NA,957.9499,NA,NA,NA,NA,NA,NA,NA,NA,NA,930.9769,NA,NA,NA,NA,652.6006,NA,NA,NA,474.2361
442,"LUX","Luxembourg",854.8954,NA,NA,NA,NA,NA,NA,NA,NA,NA,508.2093,NA,NA,NA,NA,NA,NA,NA,NA,NA,375.9038,NA,NA,NA,NA,251.5555,NA,NA,NA,227.6745
446,"MAC","Macao",NA,NA,NA,NA,NA,NA,NA,NA,NA,NA,NA,NA,NA,NA,NA,NA,NA,NA,NA,NA,NA,NA,NA,NA,NA,NA,NA,NA,NA,NA
450,"MDG","Madagascar",384.2633,NA,NA,NA,NA,NA,NA,NA,NA,NA,409.5667,NA,NA,NA,NA,NA,NA,NA,NA,NA,491.7618,NA,NA,NA,NA,559.7048,NA,NA,NA,547.7337
454,"MWI","Malawi",359.7987,NA,NA,NA,NA,NA,NA,NA,NA,NA,427.7454,NA,NA,NA,NA,NA,NA,NA,NA,NA,473.8044,NA,NA,NA,NA,530.9577,NA,NA,NA,462.1835
458,"MYS","Malaysia",2049.629,NA,NA,NA,NA,NA,NA,NA,NA,NA,1526.427,NA,NA,NA,NA,NA,NA,NA,NA,NA,1258.252,NA,NA,NA,NA,1209.068,NA,NA,NA,1101.208
462,"MDV","Maldives",717.5755,NA,NA,NA,NA,NA,NA,NA,NA,NA,617.4367,NA,NA,NA,NA,NA,NA,NA,NA,NA,576.9314,NA,NA,NA,NA,409.8229,NA,NA,NA,460.6941
466,"MLI","Mali",578.8635,NA,NA,NA,NA,NA,NA,NA,NA,NA,640.4929,NA,NA,NA,NA,NA,NA,NA,NA,NA,720.2855,NA,NA,NA,NA,802.8499,NA,NA,NA,800.7811
470,"MLT","Malta",943.7106,NA,NA,NA,NA,NA,NA,NA,NA,NA,700.7408,NA,NA,NA,NA,NA,NA,NA,NA,NA,603.3391,NA,NA,NA,NA,416.992,NA,NA,NA,382.192
584,"MHL","Marshall Islands",608.5298,NA,NA,NA,NA,NA,NA,NA,NA,NA,919.872,NA,NA,NA,NA,NA,NA,NA,NA,NA,1036.704,NA,NA,NA,NA,1008.337,NA,NA,NA,1056.908
478,"MRT","Mauritania",1483.724,NA,NA,NA,NA,NA,NA,NA,NA,NA,1737.921,NA,NA,NA,NA,NA,NA,NA,NA,NA,1688.456,NA,NA,NA,NA,1900.673,NA,NA,NA,1832.707
480,"MUS","Mauritius",1433.188,NA,NA,NA,NA,NA,NA,NA,NA,NA,1418.1,NA,NA,NA,NA,NA,NA,NA,NA,NA,1170.776,NA,NA,NA,NA,1081.178,NA,NA,NA,1050.375
484,"MEX","Mexico",1350.838,NA,NA,NA,NA,NA,NA,NA,NA,NA,1194.715,NA,NA,NA,NA,NA,NA,NA,NA,NA,898.8143,NA,NA,NA,NA,928.9576,NA,NA,NA,901.6195
583,"FSM","Micronesia",803.1679,NA,NA,NA,NA,NA,NA,NA,NA,NA,1057.682,NA,NA,NA,NA,NA,NA,NA,NA,NA,1196.743,NA,NA,NA,NA,1421.936,NA,NA,NA,1334.865
498,"MDA","Moldova",1641.31,NA,NA,NA,NA,NA,NA,NA,NA,NA,1570.454,NA,NA,NA,NA,NA,NA,NA,NA,NA,1672.101,NA,NA,NA,NA,1291.559,NA,NA,NA,917.1965
492,"MCO","Monaco",379.1773,NA,NA,NA,NA,NA,NA,NA,NA,NA,578.0605,NA,NA,NA,NA,NA,NA,NA,NA,NA,482.4745,NA,NA,NA,NA,417.6385,NA,NA,NA,347.9944
496,"MNG","Mongolia",2036.596,NA,NA,NA,NA,NA,NA,NA,NA,NA,2640.469,NA,NA,NA,NA,NA,NA,NA,NA,NA,2531.577,NA,NA,NA,NA,2579.124,NA,NA,NA,2670.157
499,"MNE","Montenegro",1812.713,NA,NA,NA,NA,NA,NA,NA,NA,NA,1885.808,NA,NA,NA,NA,NA,NA,NA,NA,NA,1652.34,NA,NA,NA,NA,1479.274,NA,NA,NA,1324.117
504,"MAR","Morocco",1489.196,NA,NA,NA,NA,NA,NA,NA,NA,NA,1983.537,NA,NA,NA,NA,NA,NA,NA,NA,NA,2247.694,NA,NA,NA,NA,2315.474,NA,NA,NA,2425.663
508,"MOZ","Mozambique",239.3395,NA,NA,NA,NA,NA,NA,NA,NA,NA,254.5919,NA,NA,NA,NA,NA,NA,NA,NA,NA,364.6966,NA,NA,NA,NA,435.5956,NA,NA,NA,411.7135
104,"MMR","Myanmar",1310.634,NA,NA,NA,NA,NA,NA,NA,NA,NA,1398.069,NA,NA,NA,NA,NA,NA,NA,NA,NA,1746.474,NA,NA,NA,NA,1552.917,NA,NA,NA,1533.805
516,"NAM","Namibia",1136.392,NA,NA,NA,NA,NA,NA,NA,NA,NA,1530.012,NA,NA,NA,NA,NA,NA,NA,NA,NA,1579.673,NA,NA,NA,NA,1632.15,NA,NA,NA,1526.972
520,"NRU","Nauru",875.871,NA,NA,NA,NA,NA,NA,NA,NA,NA,996.1652,NA,NA,NA,NA,NA,NA,NA,NA,NA,865.1231,NA,NA,NA,NA,806.2637,NA,NA,NA,807.3956
524,"NPL","Nepal",1209.211,NA,NA,NA,NA,NA,NA,NA,NA,NA,1319.927,NA,NA,NA,NA,NA,NA,NA,NA,NA,1813.95,NA,NA,NA,NA,2205.716,NA,NA,NA,2235.589
528,"NLD","Netherlands",973.9709,NA,NA,NA,NA,NA,NA,NA,NA,NA,718.567,NA,NA,NA,NA,NA,NA,NA,NA,NA,470.8269,NA,NA,NA,NA,330.9674,NA,NA,NA,307.8661
540,"NCL","New Caledonia",NA,NA,NA,NA,NA,NA,NA,NA,NA,NA,NA,NA,NA,NA,NA,NA,NA,NA,NA,NA,NA,NA,NA,NA,NA,NA,NA,NA,NA,NA
554,"NZL","New Zealand",283.4787,NA,NA,NA,NA,NA,NA,NA,NA,NA,193.2436,NA,NA,NA,NA,NA,NA,NA,NA,NA,120.7771,NA,NA,NA,NA,98.765,NA,NA,NA,98.5956
558,"NIC","Nicaragua",347.7703,NA,NA,NA,NA,NA,NA,NA,NA,NA,444.1308,NA,NA,NA,NA,NA,NA,NA,NA,NA,550.3518,NA,NA,NA,NA,608.8651,NA,NA,NA,605.5378
562,"NER","Niger",840.4334,NA,NA,NA,NA,NA,NA,NA,NA,NA,821.71,NA,NA,NA,NA,NA,NA,NA,NA,NA,628.0385,NA,NA,NA,NA,766.3054,NA,NA,NA,720.2506
566,"NGA","Nigeria",1167.499,NA,NA,NA,NA,NA,NA,NA,NA,NA,1342.252,NA,NA,NA,NA,NA,NA,NA,NA,NA,1491.131,NA,NA,NA,NA,1929.854,NA,NA,NA,1869.209
570,"NIU","Niue",604.1024,NA,NA,NA,NA,NA,NA,NA,NA,NA,689.7515,NA,NA,NA,NA,NA,NA,NA,NA,NA,587.8718,NA,NA,NA,NA,573.3368,NA,NA,NA,641.9016
408,"PRK","North Korea",1353.821,NA,NA,NA,NA,NA,NA,NA,NA,NA,1415.013,NA,NA,NA,NA,NA,NA,NA,NA,NA,1546.402,NA,NA,NA,NA,1811.168,NA,NA,NA,1754.782
807,"MKD","North Macedonia",2825.481,NA,NA,NA,NA,NA,NA,NA,NA,NA,2884.221,NA,NA,NA,NA,NA,NA,NA,NA,NA,2514.444,NA,NA,NA,NA,2248.055,NA,NA,NA,2083.701
578,"NOR","Norway",545.3965,NA,NA,NA,NA,NA,NA,NA,NA,NA,336.796,NA,NA,NA,NA,NA,NA,NA,NA,NA,175.1846,NA,NA,NA,NA,115.4252,NA,NA,NA,98.9678
512,"OMN","Oman",2582.544,NA,NA,NA,NA,NA,NA,NA,NA,NA,3759.346,NA,NA,NA,NA,NA,NA,NA,NA,NA,3371.724,NA,NA,NA,NA,3014.294,NA,NA,NA,2625.985
586,"PAK","Pakistan",1182.262,NA,NA,NA,NA,NA,NA,NA,NA,NA,1807.054,NA,NA,NA,NA,NA,NA,NA,NA,NA,2468.643,NA,NA,NA,NA,2961.403,NA,NA,NA,2939.265
585,"PLW","Palau",784.4091,NA,NA,NA,NA,NA,NA,NA,NA,NA,687.355,NA,NA,NA,NA,NA,NA,NA,NA,NA,496.8344,NA,NA,NA,NA,1158.506,NA,NA,NA,691.5664
591,"PAN","Panama",537.4525,NA,NA,NA,NA,NA,NA,NA,NA,NA,561.7674,NA,NA,NA,NA,NA,NA,NA,NA,NA,544.2643,NA,NA,NA,NA,563.2967,NA,NA,NA,454.3856
598,"PNG","Papua New Guinea",512.5026,NA,NA,NA,NA,NA,NA,NA,NA,NA,553.2461,NA,NA,NA,NA,NA,NA,NA,NA,NA,657.5703,NA,NA,NA,NA,669.2463,NA,NA,NA,699.5362
600,"PRY","Paraguay",445.2041,NA,NA,NA,NA,NA,NA,NA,NA,NA,528.0446,NA,NA,NA,NA,NA,NA,NA,NA,NA,545.2442,NA,NA,NA,NA,449.0586,NA,NA,NA,498.9357
604,"PER","Peru",1409.81,NA,NA,NA,NA,NA,NA,NA,NA,NA,896.1381,NA,NA,NA,NA,NA,NA,NA,NA,NA,837.394,NA,NA,NA,NA,762.7844,NA,NA,NA,745.4324
608,"PHL","Philippines",1002.527,NA,NA,NA,NA,NA,NA,NA,NA,NA,1291.097,NA,NA,NA,NA,NA,NA,NA,NA,NA,1261.983,NA,NA,NA,NA,1210.566,NA,NA,NA,1193.904
616,"POL","Poland",2233.646,NA,NA,NA,NA,NA,NA,NA,NA,NA,1620.864,NA,NA,NA,NA,NA,NA,NA,NA,NA,1261.624,NA,NA,NA,NA,985.8475,NA,NA,NA,947.9187
620,"PRT","Portugal",655.2761,NA,NA,NA,NA,NA,NA,NA,NA,NA,531.8682,NA,NA,NA,NA,NA,NA,NA,NA,NA,295.8914,NA,NA,NA,NA,218.8508,NA,NA,NA,190.9003
634,"QAT","Qatar",4328.32,NA,NA,NA,NA,NA,NA,NA,NA,NA,4013.583,NA,NA,NA,NA,NA,NA,NA,NA,NA,3296.591,NA,NA,NA,NA,2856.83,NA,NA,NA,2510.182
178,"COG","Republic of Congo",1245.925,NA,NA,NA,NA,NA,NA,NA,NA,NA,1542.427,NA,NA,NA,NA,NA,NA,NA,NA,NA,1641.181,NA,NA,NA,NA,1948.503,NA,NA,NA,1963.733
642,"ROU","Romania",1789.698,NA,NA,NA,NA,NA,NA,NA,NA,NA,1659.402,NA,NA,NA,NA,NA,NA,NA,NA,NA,1281.593,NA,NA,NA,NA,984.2334,NA,NA,NA,936.3785
643,"RUS","Russia",1703.75,NA,NA,NA,NA,NA,NA,NA,NA,NA,1833.207,NA,NA,NA,NA,NA,NA,NA,NA,NA,1454.475,NA,NA,NA,NA,975.8511,NA,NA,NA,764.4997
646,"RWA","Rwanda",871.6915,NA,NA,NA,NA,NA,NA,NA,NA,NA,838.4374,NA,NA,NA,NA,NA,NA,NA,NA,NA,711.6548,NA,NA,NA,NA,791.3629,NA,NA,NA,811.726
652,"BLM","Saint Barthelemy",NA,NA,NA,NA,NA,NA,NA,NA,NA,NA,NA,NA,NA,NA,NA,NA,NA,NA,NA,NA,NA,NA,NA,NA,NA,NA,NA,NA,NA,NA
659,"KNA","Saint Kitts and Nevis",868.6403,NA,NA,NA,NA,NA,NA,NA,NA,NA,665.397,NA,NA,NA,NA,NA,NA,NA,NA,NA,453.7684,NA,NA,NA,NA,486.5719,NA,NA,NA,519.3908
662,"LCA","Saint Lucia",1094.932,NA,NA,NA,NA,NA,NA,NA,NA,NA,1182.959,NA,NA,NA,NA,NA,NA,NA,NA,NA,983.7179,NA,NA,NA,NA,1098.11,NA,NA,NA,1114.515
670,"VCT","Saint Vincent and the Grenadines",1025.493,NA,NA,NA,NA,NA,NA,NA,NA,NA,1347.163,NA,NA,NA,NA,NA,NA,NA,NA,NA,1193.365,NA,NA,NA,NA,1333.999,NA,NA,NA,1285.493
882,"WSM","Samoa",762.3822,NA,NA,NA,NA,NA,NA,NA,NA,NA,740.9543,NA,NA,NA,NA,NA,NA,NA,NA,NA,700.5481,NA,NA,NA,NA,712.4323,NA,NA,NA,778.9955
674,"SMR","San Marino",357.572,NA,NA,NA,NA,NA,NA,NA,NA,NA,260.8664,NA,NA,NA,NA,NA,NA,NA,NA,NA,182.2122,NA,NA,NA,NA,211.9398,NA,NA,NA,208.9936
678,"STP","Sao Tome and Principe",682.425,NA,NA,NA,NA,NA,NA,NA,NA,NA,813.5349,NA,NA,NA,NA,NA,NA,NA,NA,NA,1031.143,NA,NA,NA,NA,1403.877,NA,NA,NA,1343
682,"SAU","Saudi Arabia",1936.748,NA,NA,NA,NA,NA,NA,NA,NA,NA,3342.833,NA,NA,NA,NA,NA,NA,NA,NA,NA,3443.253,NA,NA,NA,NA,3096.689,NA,NA,NA,2791.991
686,"SEN","Senegal",947.5101,NA,NA,NA,NA,NA,NA,NA,NA,NA,1096.679,NA,NA,NA,NA,NA,NA,NA,NA,NA,1062.311,NA,NA,NA,NA,1258.647,NA,NA,NA,1210.125
688,"SRB","Serbia",2207.798,NA,NA,NA,NA,NA,NA,NA,NA,NA,2328.355,NA,NA,NA,NA,NA,NA,NA,NA,NA,1945.736,NA,NA,NA,NA,1664.118,NA,NA,NA,1478.487
690,"SYC","Seychelles",1138.735,NA,NA,NA,NA,NA,NA,NA,NA,NA,1109.817,NA,NA,NA,NA,NA,NA,NA,NA,NA,986.2718,NA,NA,NA,NA,971.3227,NA,NA,NA,999.1658
694,"SLE","Sierra Leone",997.4385,NA,NA,NA,NA,NA,NA,NA,NA,NA,890.7876,NA,NA,NA,NA,NA,NA,NA,NA,NA,894.7404,NA,NA,NA,NA,1094.648,NA,NA,NA,1071.598
702,"SGP","Singapore",1366.434,NA,NA,NA,NA,NA,NA,NA,NA,NA,829.7766,NA,NA,NA,NA,NA,NA,NA,NA,NA,476.0819,NA,NA,NA,NA,485.8179,NA,NA,NA,452.6309
534,"SXM","Sint Maarten",NA,NA,NA,NA,NA,NA,NA,NA,NA,NA,NA,NA,NA,NA,NA,NA,NA,NA,NA,NA,NA,NA,NA,NA,NA,NA,NA,NA,NA,NA
703,"SVK","Slovakia",2375.369,NA,NA,NA,NA,NA,NA,NA,NA,NA,1614.757,NA,NA,NA,NA,NA,NA,NA,NA,NA,1202.729,NA,NA,NA,NA,959.7512,NA,NA,NA,873.467
705,"SVN","Slovenia",1298.644,NA,NA,NA,NA,NA,NA,NA,NA,NA,964.0876,NA,NA,NA,NA,NA,NA,NA,NA,NA,576.6279,NA,NA,NA,NA,476.1734,NA,NA,NA,441.4443
90,"SLB","Solomon Islands",481.7602,NA,NA,NA,NA,NA,NA,NA,NA,NA,618.5512,NA,NA,NA,NA,NA,NA,NA,NA,NA,737.9881,NA,NA,NA,NA,877.9249,NA,NA,NA,970.0348
706,"SOM","Somalia",254.9587,NA,NA,NA,NA,NA,NA,NA,NA,NA,263.4956,NA,NA,NA,NA,NA,NA,NA,NA,NA,243.9797,NA,NA,NA,NA,235.1231,NA,NA,NA,244.108
710,"ZAF","South Africa",1827.526,NA,NA,NA,NA,NA,NA,NA,NA,NA,2294.183,NA,NA,NA,NA,NA,NA,NA,NA,NA,2288.626,NA,NA,NA,NA,2085.086,NA,NA,NA,1785.515
410,"KOR","South Korea",1653.088,NA,NA,NA,NA,NA,NA,NA,NA,NA,1070.508,NA,NA,NA,NA,NA,NA,NA,NA,NA,644.0733,NA,NA,NA,NA,610.0733,NA,NA,NA,598.736
728,"SSD","South Sudan",781.9492,NA,NA,NA,NA,NA,NA,NA,NA,NA,783.6593,NA,NA,NA,NA,NA,NA,NA,NA,NA,810.8539,NA,NA,NA,NA,933.491,NA,NA,NA,849.1066
724,"ESP","Spain",598.7003,NA,NA,NA,NA,NA,NA,NA,NA,NA,472.9624,NA,NA,NA,NA,NA,NA,NA,NA,NA,300.7762,NA,NA,NA,NA,241.6936,NA,NA,NA,213.0248
144,"LKA","Sri Lanka",779.1228,NA,NA,NA,NA,NA,NA,NA,NA,NA,913.2871,NA,NA,NA,NA,NA,NA,NA,NA,NA,994.228,NA,NA,NA,NA,801.3562,NA,NA,NA,821.2361
275,"PSE","State of Palestine",1557.791,NA,NA,NA,NA,NA,NA,NA,NA,NA,2324.216,NA,NA,NA,NA,NA,NA,NA,NA,NA,2322.008,NA,NA,NA,NA,2239.353,NA,NA,NA,2058.353
729,"SDN","Sudan",988.9685,NA,NA,NA,NA,NA,NA,NA,NA,NA,1245.792,NA,NA,NA,NA,NA,NA,NA,NA,NA,1745.734,NA,NA,NA,NA,2034.369,NA,NA,NA,2354.163
740,"SUR","Suriname",1492.465,NA,NA,NA,NA,NA,NA,NA,NA,NA,1759.903,NA,NA,NA,NA,NA,NA,NA,NA,NA,1390.645,NA,NA,NA,NA,1613.615,NA,NA,NA,1365.663
752,"SWE","Sweden",378.0041,NA,NA,NA,NA,NA,NA,NA,NA,NA,237.6066,NA,NA,NA,NA,NA,NA,NA,NA,NA,148.4383,NA,NA,NA,NA,82.1615,NA,NA,NA,72.7422
756,"CHE","Switzerland",731.5553,NA,NA,NA,NA,NA,NA,NA,NA,NA,455.2,NA,NA,NA,NA,NA,NA,NA,NA,NA,300.4816,NA,NA,NA,NA,230.942,NA,NA,NA,181.6931
760,"SYR","Syria",3107.968,NA,NA,NA,NA,NA,NA,NA,NA,NA,2850.537,NA,NA,NA,NA,NA,NA,NA,NA,NA,2628.826,NA,NA,NA,NA,2606.062,NA,NA,NA,2397.222
158,"TWN","Taiwan",1016.082,NA,NA,NA,NA,NA,NA,NA,NA,NA,1002.692,NA,NA,NA,NA,NA,NA,NA,NA,NA,762.7929,NA,NA,NA,NA,801.8838,NA,NA,NA,738.667
762,"TJK","Tajikistan",1735.695,NA,NA,NA,NA,NA,NA,NA,NA,NA,2067.787,NA,NA,NA,NA,NA,NA,NA,NA,NA,2369.992,NA,NA,NA,NA,2826.836,NA,NA,NA,2720.715
834,"TZA","Tanzania",417.898,NA,NA,NA,NA,NA,NA,NA,NA,NA,481.7878,NA,NA,NA,NA,NA,NA,NA,NA,NA,582.2442,NA,NA,NA,NA,639.8854,NA,NA,NA,615.7284
764,"THA","Thailand",1244.661,NA,NA,NA,NA,NA,NA,NA,NA,NA,1359.249,NA,NA,NA,NA,NA,NA,NA,NA,NA,1114.854,NA,NA,NA,NA,915.2558,NA,NA,NA,935.4898
626,"TLS","Timor-Leste",387.4476,NA,NA,NA,NA,NA,NA,NA,NA,NA,313.4004,NA,NA,NA,NA,NA,NA,NA,NA,NA,569.3817,NA,NA,NA,NA,673.8184,NA,NA,NA,709.8779
768,"TGO","Togo",882.1192,NA,NA,NA,NA,NA,NA,NA,NA,NA,1092.783,NA,NA,NA,NA,NA,NA,NA,NA,NA,1018.682,NA,NA,NA,NA,1235.914,NA,NA,NA,1214.7
776,"TON","Tonga",473.2849,NA,NA,NA,NA,NA,NA,NA,NA,NA,651.8452,NA,NA,NA,NA,NA,NA,NA,NA,NA,647.4835,NA,NA,NA,NA,661.8259,NA,NA,NA,694.748
780,"TTO","Trinidad and Tobago",2084.203,NA,NA,NA,NA,NA,NA,NA,NA,NA,1920.284,NA,NA,NA,NA,NA,NA,NA,NA,NA,1337.504,NA,NA,NA,NA,1371.331,NA,NA,NA,1376.682
788,"TUN","Tunisia",1806.356,NA,NA,NA,NA,NA,NA,NA,NA,NA,2120.928,NA,NA,NA,NA,NA,NA,NA,NA,NA,1908.644,NA,NA,NA,NA,1673.616,NA,NA,NA,1578.631
792,"TUR","Turkey",2292.351,NA,NA,NA,NA,NA,NA,NA,NA,NA,1802.215,NA,NA,NA,NA,NA,NA,NA,NA,NA,1612.614,NA,NA,NA,NA,1496.02,NA,NA,NA,1274.59
795,"TKM","Turkmenistan",3239.556,NA,NA,NA,NA,NA,NA,NA,NA,NA,3725.431,NA,NA,NA,NA,NA,NA,NA,NA,NA,2856.301,NA,NA,NA,NA,2961.976,NA,NA,NA,2629.277
796,"TCA","Turks and Caicos Islands",NA,NA,NA,NA,NA,NA,NA,NA,NA,NA,NA,NA,NA,NA,NA,NA,NA,NA,NA,NA,NA,NA,NA,NA,NA,NA,NA,NA,NA,NA
798,"TUV","Tuvalu",492.8948,NA,NA,NA,NA,NA,NA,NA,NA,NA,585.9855,NA,NA,NA,NA,NA,NA,NA,NA,NA,583.3277,NA,NA,NA,NA,579.2704,NA,NA,NA,618.0109
800,"UGA","Uganda",342.8894,NA,NA,NA,NA,NA,NA,NA,NA,NA,501.6007,NA,NA,NA,NA,NA,NA,NA,NA,NA,649.6387,NA,NA,NA,NA,827.6753,NA,NA,NA,735.93
804,"UKR","Ukraine",1882.827,NA,NA,NA,NA,NA,NA,NA,NA,NA,2036.22,NA,NA,NA,NA,NA,NA,NA,NA,NA,1684.606,NA,NA,NA,NA,1631.154,NA,NA,NA,1354.134
784,"ARE","United Arab Emirates",3720.587,NA,NA,NA,NA,NA,NA,NA,NA,NA,3855.121,NA,NA,NA,NA,NA,NA,NA,NA,NA,3227.22,NA,NA,NA,NA,2640.876,NA,NA,NA,2430.077
826,"GBR","United Kingdom",1011.177,NA,NA,NA,NA,NA,NA,NA,NA,NA,656.9079,NA,NA,NA,NA,NA,NA,NA,NA,NA,394.9993,NA,NA,NA,NA,294.898,NA,NA,NA,280.5128
840,"USA","United States of America",767.098538514367,NA,NA,NA,NA,NA,NA,NA,NA,NA,595.178087719067,NA,NA,NA,NA,NA,NA,NA,NA,NA,359.998266963683,NA,NA,NA,NA,283.532624087799,NA,NA,NA,249.429602465306
858,"URY","Uruguay",597.1487,NA,NA,NA,NA,NA,NA,NA,NA,NA,493.2096,NA,NA,NA,NA,NA,NA,NA,NA,NA,358.8694,NA,NA,NA,NA,352.5703,NA,NA,NA,327.4759
860,"UZB","Uzbekistan",2329.191,NA,NA,NA,NA,NA,NA,NA,NA,NA,3961.869,NA,NA,NA,NA,NA,NA,NA,NA,NA,4141.798,NA,NA,NA,NA,4354.322,NA,NA,NA,3922.067
548,"VUT","Vanuatu",537.3371,NA,NA,NA,NA,NA,NA,NA,NA,NA,709.7528,NA,NA,NA,NA,NA,NA,NA,NA,NA,806.2385,NA,NA,NA,NA,832.964,NA,NA,NA,900.1491
862,"VEN","Venezuela",1336.754,NA,NA,NA,NA,NA,NA,NA,NA,NA,1235.752,NA,NA,NA,NA,NA,NA,NA,NA,NA,1243.299,NA,NA,NA,NA,1158.996,NA,NA,NA,1213.01
704,"VNM","Viet Nam",659.9674,NA,NA,NA,NA,NA,NA,NA,NA,NA,837.9885,NA,NA,NA,NA,NA,NA,NA,NA,NA,1252.979,NA,NA,NA,NA,1126.823,NA,NA,NA,1094.85
876,"WLF","Wallis and Futuna Islands",NA,NA,NA,NA,NA,NA,NA,NA,NA,NA,NA,NA,NA,NA,NA,NA,NA,NA,NA,NA,NA,NA,NA,NA,NA,NA,NA,NA,NA,NA
732,"ESH","Western Sahara",NA,NA,NA,NA,NA,NA,NA,NA,NA,NA,NA,NA,NA,NA,NA,NA,NA,NA,NA,NA,NA,NA,NA,NA,NA,NA,NA,NA,NA,NA
887,"YEM","Yemen",903.583,NA,NA,NA,NA,NA,NA,NA,NA,NA,1381.347,NA,NA,NA,NA,NA,NA,NA,NA,NA,1825.837,NA,NA,NA,NA,2134.789,NA,NA,NA,2229.568
894,"ZMB","Zambia",707.6966,NA,NA,NA,NA,NA,NA,NA,NA,NA,799.2601,NA,NA,NA,NA,NA,NA,NA,NA,NA,945.2043,NA,NA,NA,NA,1082.847,NA,NA,NA,1084.6
716,"ZWE","Zimbabwe",740.1468,NA,NA,NA,NA,NA,NA,NA,NA,NA,1021.596,NA,NA,NA,NA,NA,NA,NA,NA,NA,1093.885,NA,NA,NA,NA,1183.381,NA,NA,NA,1035.292
