"code","iso","country","USD.raw.1990","USD.raw.1991","USD.raw.1992","USD.raw.1993","USD.raw.1994","USD.raw.1995","USD.raw.1996","USD.raw.1997","USD.raw.1998","USD.raw.1999","USD.raw.2000","USD.raw.2001","USD.raw.2002","USD.raw.2003","USD.raw.2004","USD.raw.2005","USD.raw.2006","USD.raw.2007","USD.raw.2008","USD.raw.2009","USD.raw.2010","USD.raw.2011","USD.raw.2012","USD.raw.2013","USD.raw.2014","USD.raw.2015","USD.raw.2016","USD.raw.2017","USD.raw.2018","USD.raw.2019"
4,"AFG","Afghanistan",1186.88387778869,NA,NA,NA,NA,NA,NA,NA,NA,NA,1718.67206449642,NA,NA,NA,NA,NA,NA,NA,NA,NA,844.058819228639,NA,NA,NA,NA,604.978560404266,NA,NA,NA,466.408266323242
8,"ALB","Albania",155.411286369509,NA,NA,NA,NA,NA,NA,NA,NA,NA,91.9748025598955,NA,NA,NA,NA,NA,NA,NA,NA,NA,55.6187415192241,NA,NA,NA,NA,47.1541376977943,NA,NA,NA,39.4120695901348
12,"DZA","Algeria",346.17352818685,NA,NA,NA,NA,NA,NA,NA,NA,NA,141.260540956485,NA,NA,NA,NA,NA,NA,NA,NA,NA,59.3819030318046,NA,NA,NA,NA,48.2484531218422,NA,NA,NA,39.6371044503183
20,"AND","Andorra",2.32489006754988,NA,NA,NA,NA,NA,NA,NA,NA,NA,1.50624709271083,NA,NA,NA,NA,NA,NA,NA,NA,NA,1.07864119379267,NA,NA,NA,NA,0.974007159101282,NA,NA,NA,0.913971255340195
24,"AGO","Angola",10660.8901777803,NA,NA,NA,NA,NA,NA,NA,NA,NA,6799.11391626788,NA,NA,NA,NA,NA,NA,NA,NA,NA,3083.0313346069,NA,NA,NA,NA,2150.95760091695,NA,NA,NA,1453.09780542245
660,"AIA","Anguilla",NA,NA,NA,NA,NA,NA,NA,NA,NA,NA,NA,NA,NA,NA,NA,NA,NA,NA,NA,NA,NA,NA,NA,NA,NA,NA,NA,NA,NA,NA
28,"ATG","Antigua and Barbuda",131.201278737446,NA,NA,NA,NA,NA,NA,NA,NA,NA,86.4532158643636,NA,NA,NA,NA,NA,NA,NA,NA,NA,57.666088609925,NA,NA,NA,NA,51.2699829225271,NA,NA,NA,46.8323236513699
32,"ARG","Argentina",128.252992779546,NA,NA,NA,NA,NA,NA,NA,NA,NA,53.5442670656243,NA,NA,NA,NA,NA,NA,NA,NA,NA,21.1376598987849,NA,NA,NA,NA,16.1848745314438,NA,NA,NA,14.0524228748002
51,"ARM","Armenia",505.53218513431,NA,NA,NA,NA,NA,NA,NA,NA,NA,225.012580110196,NA,NA,NA,NA,NA,NA,NA,NA,NA,61.4082717418652,NA,NA,NA,NA,73.9845702487498,NA,NA,NA,80.0875436906141
533,"ABW","Aruba",NA,NA,NA,NA,NA,NA,NA,NA,NA,NA,NA,NA,NA,NA,NA,NA,NA,NA,NA,NA,NA,NA,NA,NA,NA,NA,NA,NA,NA,NA
36,"AUS","Australia",5.59504956137995,NA,NA,NA,NA,NA,NA,NA,NA,NA,3.52791846973683,NA,NA,NA,NA,NA,NA,NA,NA,NA,2.78687713632687,NA,NA,NA,NA,2.49319363032146,NA,NA,NA,2.21852379713311
40,"AUT","Austria",7.40340826831234,NA,NA,NA,NA,NA,NA,NA,NA,NA,6.41678964394945,NA,NA,NA,NA,NA,NA,NA,NA,NA,5.50525828582313,NA,NA,NA,NA,5.02115503057909,NA,NA,NA,4.62139204015777
31,"AZE","Azerbaijan",939.85023283735,NA,NA,NA,NA,NA,NA,NA,NA,NA,662.195109917067,NA,NA,NA,NA,NA,NA,NA,NA,NA,150.234549460682,NA,NA,NA,NA,137.95782658392,NA,NA,NA,132.92728023535
44,"BHS","Bahamas",82.0055534683625,NA,NA,NA,NA,NA,NA,NA,NA,NA,43.3488405761236,NA,NA,NA,NA,NA,NA,NA,NA,NA,27.2443442075098,NA,NA,NA,NA,24.6799977388685,NA,NA,NA,24.1698757440029
48,"BHR","Bahrain",73.5225323056397,NA,NA,NA,NA,NA,NA,NA,NA,NA,51.911782379493,NA,NA,NA,NA,NA,NA,NA,NA,NA,32.561509646858,NA,NA,NA,NA,27.5369756277783,NA,NA,NA,22.7788066851187
50,"BGD","Bangladesh",3686.21712695438,NA,NA,NA,NA,NA,NA,NA,NA,NA,1515.33288455495,NA,NA,NA,NA,NA,NA,NA,NA,NA,719.43423481168,NA,NA,NA,NA,558.585792121641,NA,NA,NA,482.215986896422
52,"BRB","Barbados",95.5367232125231,NA,NA,NA,NA,NA,NA,NA,NA,NA,67.1379236932648,NA,NA,NA,NA,NA,NA,NA,NA,NA,48.4800510815613,NA,NA,NA,NA,42.9892485017248,NA,NA,NA,43.7222330609188
112,"BLR","Belarus",89.4538398835291,NA,NA,NA,NA,NA,NA,NA,NA,NA,69.277514532448,NA,NA,NA,NA,NA,NA,NA,NA,NA,43.4830369693956,NA,NA,NA,NA,39.4723501868049,NA,NA,NA,37.5907280887283
56,"BEL","Belgium",6.41784905484849,NA,NA,NA,NA,NA,NA,NA,NA,NA,4.29083494842697,NA,NA,NA,NA,NA,NA,NA,NA,NA,3.6352690707643,NA,NA,NA,NA,2.91871608671263,NA,NA,NA,2.47670767766771
84,"BLZ","Belize",511.26264029965,NA,NA,NA,NA,NA,NA,NA,NA,NA,250.721393685511,NA,NA,NA,NA,NA,NA,NA,NA,NA,137.094310689544,NA,NA,NA,NA,111.949866691962,NA,NA,NA,104.310532846883
204,"BEN","Benin",4774.90011349848,NA,NA,NA,NA,NA,NA,NA,NA,NA,3540.11535851181,NA,NA,NA,NA,NA,NA,NA,NA,NA,2164.44101269866,NA,NA,NA,NA,1913.81525478281,NA,NA,NA,1551.9666295447
60,"BMU","Bermuda",46.9042298942373,NA,NA,NA,NA,NA,NA,NA,NA,NA,34.9658000839426,NA,NA,NA,NA,NA,NA,NA,NA,NA,21.290545474457,NA,NA,NA,NA,17.615220902567,NA,NA,NA,17.0173084087283
64,"BTN","Bhutan",2537.64717551218,NA,NA,NA,NA,NA,NA,NA,NA,NA,1327.84627616217,NA,NA,NA,NA,NA,NA,NA,NA,NA,617.99220249945,NA,NA,NA,NA,458.61854769047,NA,NA,NA,386.718589292465
68,"BOL","Bolivia",996.487877275763,NA,NA,NA,NA,NA,NA,NA,NA,NA,599.573552643496,NA,NA,NA,NA,NA,NA,NA,NA,NA,264.082202367201,NA,NA,NA,NA,206.973614125076,NA,NA,NA,153.341499417324
70,"BIH","Bosnia and Herzegovina",109.572687151839,NA,NA,NA,NA,NA,NA,NA,NA,NA,61.425227333472,NA,NA,NA,NA,NA,NA,NA,NA,NA,30.8037476043297,NA,NA,NA,NA,24.5618738640441,NA,NA,NA,20.6658582599883
72,"BWA","Botswana",2939.67650641974,NA,NA,NA,NA,NA,NA,NA,NA,NA,2263.94018678731,NA,NA,NA,NA,NA,NA,NA,NA,NA,1283.95514300899,NA,NA,NA,NA,930.417732550047,NA,NA,NA,783.324699748299
76,"BRA","Brazil",1179.83390384764,NA,NA,NA,NA,NA,NA,NA,NA,NA,484.091555310531,NA,NA,NA,NA,NA,NA,NA,NA,NA,192.39554622506,NA,NA,NA,NA,123.615012514132,NA,NA,NA,101.699169524773
92,"VGB","British Virgin Islands",NA,NA,NA,NA,NA,NA,NA,NA,NA,NA,NA,NA,NA,NA,NA,NA,NA,NA,NA,NA,NA,NA,NA,NA,NA,NA,NA,NA,NA,NA
96,"BRN","Brunei Darussalam",11.8102773102997,NA,NA,NA,NA,NA,NA,NA,NA,NA,5.38608886823439,NA,NA,NA,NA,NA,NA,NA,NA,NA,3.28796630910621,NA,NA,NA,NA,3.07190953995729,NA,NA,NA,2.52752873742263
100,"BGR","Bulgaria",13.5453366205222,NA,NA,NA,NA,NA,NA,NA,NA,NA,9.86948064602532,NA,NA,NA,NA,NA,NA,NA,NA,NA,7.88577594569885,NA,NA,NA,NA,6.69038784047099,NA,NA,NA,5.71141872677483
854,"BFA","Burkina Faso",7669.02504260174,NA,NA,NA,NA,NA,NA,NA,NA,NA,5305.39786339739,NA,NA,NA,NA,NA,NA,NA,NA,NA,3057.73388705702,NA,NA,NA,NA,2600.33386818426,NA,NA,NA,2420.63591341274
108,"BDI","Burundi",5318.56976493788,NA,NA,NA,NA,NA,NA,NA,NA,NA,5015.44258880775,NA,NA,NA,NA,NA,NA,NA,NA,NA,3672.93758280906,NA,NA,NA,NA,3349.32739010759,NA,NA,NA,2904.39503637316
132,"CPV","Cabo Verde",2787.82724477685,NA,NA,NA,NA,NA,NA,NA,NA,NA,914.169378989455,NA,NA,NA,NA,NA,NA,NA,NA,NA,339.882703902025,NA,NA,NA,NA,263.011702013415,NA,NA,NA,233.982116591866
116,"KHM","Cambodia",2460.34642407323,NA,NA,NA,NA,NA,NA,NA,NA,NA,1538.41172150384,NA,NA,NA,NA,NA,NA,NA,NA,NA,509.285858436942,NA,NA,NA,NA,335.498027473429,NA,NA,NA,260.723072241247
120,"CMR","Cameroon",5963.47734396891,NA,NA,NA,NA,NA,NA,NA,NA,NA,5308.49142696159,NA,NA,NA,NA,NA,NA,NA,NA,NA,3856.25656255199,NA,NA,NA,NA,2818.9520251336,NA,NA,NA,2301.9378012314
124,"CAN","Canada",9.28596140653419,NA,NA,NA,NA,NA,NA,NA,NA,NA,7.5015993223559,NA,NA,NA,NA,NA,NA,NA,NA,NA,7.28363774973287,NA,NA,NA,NA,6.1667873282936,NA,NA,NA,5.7747485530943
136,"CYM","Cayman Islands",NA,NA,NA,NA,NA,NA,NA,NA,NA,NA,NA,NA,NA,NA,NA,NA,NA,NA,NA,NA,NA,NA,NA,NA,NA,NA,NA,NA,NA,NA
140,"CAF","Central African Republic",8662.57108798229,NA,NA,NA,NA,NA,NA,NA,NA,NA,7429.45768944657,NA,NA,NA,NA,NA,NA,NA,NA,NA,6405.10632685682,NA,NA,NA,NA,6550.20882459815,NA,NA,NA,6099.32263615928
148,"TCD","Chad",8458.92268637475,NA,NA,NA,NA,NA,NA,NA,NA,NA,8054.37089849186,NA,NA,NA,NA,NA,NA,NA,NA,NA,7679.1164014529,NA,NA,NA,NA,6613.16153636448,NA,NA,NA,5794.04821460489
152,"CHL","Chile",91.2755405055794,NA,NA,NA,NA,NA,NA,NA,NA,NA,43.0412149596205,NA,NA,NA,NA,NA,NA,NA,NA,NA,24.1367299709777,NA,NA,NA,NA,19.1474888908458,NA,NA,NA,17.1776917238605
156,"CHN","China",461.246592964401,NA,NA,NA,NA,NA,NA,NA,NA,NA,203.208085305991,NA,NA,NA,NA,NA,NA,NA,NA,NA,54.7116583647295,NA,NA,NA,NA,39.1743751729154,NA,NA,NA,35.2234577735135
170,"COL","Colombia",372.407879440648,NA,NA,NA,NA,NA,NA,NA,NA,NA,152.219579881781,NA,NA,NA,NA,NA,NA,NA,NA,NA,47.8695560864543,NA,NA,NA,NA,32.2415242623543,NA,NA,NA,26.561310230769
174,"COM","Comoros",4110.27596038531,NA,NA,NA,NA,NA,NA,NA,NA,NA,4248.78793763448,NA,NA,NA,NA,NA,NA,NA,NA,NA,1841.68932716001,NA,NA,NA,NA,1705.31910430059,NA,NA,NA,1356.83208269108
184,"COK","Cook Islands",74.0105277672089,NA,NA,NA,NA,NA,NA,NA,NA,NA,47.7282732604405,NA,NA,NA,NA,NA,NA,NA,NA,NA,28.8731683357041,NA,NA,NA,NA,24.2628560584049,NA,NA,NA,22.0447156145462
188,"CRI","Costa Rica",112.106607492699,NA,NA,NA,NA,NA,NA,NA,NA,NA,39.8723929601611,NA,NA,NA,NA,NA,NA,NA,NA,NA,10.3574672672707,NA,NA,NA,NA,7.84768489201911,NA,NA,NA,6.43307085662996
384,"CIV","Cote d'Ivoire",3241.38795773757,NA,NA,NA,NA,NA,NA,NA,NA,NA,2879.86802029362,NA,NA,NA,NA,NA,NA,NA,NA,NA,1695.70178904858,NA,NA,NA,NA,1490.74545932601,NA,NA,NA,1090.43417338947
191,"HRV","Croatia",25.1564153821808,NA,NA,NA,NA,NA,NA,NA,NA,NA,16.1425260256875,NA,NA,NA,NA,NA,NA,NA,NA,NA,9.57866247253488,NA,NA,NA,NA,8.35034868229787,NA,NA,NA,7.41440094933073
192,"CUB","Cuba",135.385796443889,NA,NA,NA,NA,NA,NA,NA,NA,NA,102.095725882931,NA,NA,NA,NA,NA,NA,NA,NA,NA,72.6382664698895,NA,NA,NA,NA,63.3369393728035,NA,NA,NA,56.2660371389267
531,"CUW","Curacao",NA,NA,NA,NA,NA,NA,NA,NA,NA,NA,NA,NA,NA,NA,NA,NA,NA,NA,NA,NA,NA,NA,NA,NA,NA,NA,NA,NA,NA,NA
196,"CYP","Cyprus",13.5457080977098,NA,NA,NA,NA,NA,NA,NA,NA,NA,4.74461622671026,NA,NA,NA,NA,NA,NA,NA,NA,NA,2.35879306760919,NA,NA,NA,NA,2.17684093637155,NA,NA,NA,1.96988393823229
203,"CZE","Czech Republic",9.1943045844854,NA,NA,NA,NA,NA,NA,NA,NA,NA,3.39536912941775,NA,NA,NA,NA,NA,NA,NA,NA,NA,3.03514088018293,NA,NA,NA,NA,3.17817367832813,NA,NA,NA,2.69430746755003
180,"COD","Dem. Rep. Congo",3023.76173839225,NA,NA,NA,NA,NA,NA,NA,NA,NA,4486.72515652973,NA,NA,NA,NA,NA,NA,NA,NA,NA,3262.84050209468,NA,NA,NA,NA,2203.03733736165,NA,NA,NA,1480.7997367309
208,"DNK","Denmark",3.9144494521693,NA,NA,NA,NA,NA,NA,NA,NA,NA,2.35629728987886,NA,NA,NA,NA,NA,NA,NA,NA,NA,2.11368224897161,NA,NA,NA,NA,1.82303887036953,NA,NA,NA,1.61453207099594
262,"DJI","Djibouti",4393.76719104045,NA,NA,NA,NA,NA,NA,NA,NA,NA,3094.3568320308,NA,NA,NA,NA,NA,NA,NA,NA,NA,1556.28523805711,NA,NA,NA,NA,1188.18152671199,NA,NA,NA,1017.53311526553
212,"DMA","Dominica",189.9951196543,NA,NA,NA,NA,NA,NA,NA,NA,NA,114.934190608022,NA,NA,NA,NA,NA,NA,NA,NA,NA,73.9327025440711,NA,NA,NA,NA,62.8510485339546,NA,NA,NA,63.1571758784518
214,"DOM","Dominican Republic",1375.24084381889,NA,NA,NA,NA,NA,NA,NA,NA,NA,639.185000505278,NA,NA,NA,NA,NA,NA,NA,NA,NA,189.480593499142,NA,NA,NA,NA,161.03390469917,NA,NA,NA,128.647848219886
218,"ECU","Ecuador",824.358408484601,NA,NA,NA,NA,NA,NA,NA,NA,NA,274.308932952563,NA,NA,NA,NA,NA,NA,NA,NA,NA,104.193606560857,NA,NA,NA,NA,64.2835635755222,NA,NA,NA,54.1160647858575
818,"EGY","Egypt",2394.84299502431,NA,NA,NA,NA,NA,NA,NA,NA,NA,956.569218924712,NA,NA,NA,NA,NA,NA,NA,NA,NA,588.049752120722,NA,NA,NA,NA,398.838681241179,NA,NA,NA,242.395213787006
222,"SLV","El Salvador",1596.38005315391,NA,NA,NA,NA,NA,NA,NA,NA,NA,577.51204202217,NA,NA,NA,NA,NA,NA,NA,NA,NA,202.89670653294,NA,NA,NA,NA,166.570860855995,NA,NA,NA,146.271985882202
226,"GNQ","Equatorial Guinea",9010.12956803971,NA,NA,NA,NA,NA,NA,NA,NA,NA,3064.68700992081,NA,NA,NA,NA,NA,NA,NA,NA,NA,536.385726556182,NA,NA,NA,NA,271.233887125834,NA,NA,NA,209.068919344996
232,"ERI","Eritrea",9656.53169370188,NA,NA,NA,NA,NA,NA,NA,NA,NA,4954.78057148953,NA,NA,NA,NA,NA,NA,NA,NA,NA,3812.97300223075,NA,NA,NA,NA,3204.88030856702,NA,NA,NA,2694.71850507364
233,"EST","Estonia",55.3551794150811,NA,NA,NA,NA,NA,NA,NA,NA,NA,34.8930814204145,NA,NA,NA,NA,NA,NA,NA,NA,NA,28.1880451810629,NA,NA,NA,NA,24.9608904413313,NA,NA,NA,23.5748864037829
748,"SWZ","Eswatini",2669.54080332323,NA,NA,NA,NA,NA,NA,NA,NA,NA,2855.0078723251,NA,NA,NA,NA,NA,NA,NA,NA,NA,2471.12753150815,NA,NA,NA,NA,1824.64709055221,NA,NA,NA,1558.20374931672
231,"ETH","Ethiopia",7842.48980458413,NA,NA,NA,NA,NA,NA,NA,NA,NA,5655.61465106258,NA,NA,NA,NA,NA,NA,NA,NA,NA,2804.97459222042,NA,NA,NA,NA,2311.92636896274,NA,NA,NA,1922.48933096369
234,"FRO","Faeroe Islands",NA,NA,NA,NA,NA,NA,NA,NA,NA,NA,NA,NA,NA,NA,NA,NA,NA,NA,NA,NA,NA,NA,NA,NA,NA,NA,NA,NA,NA,NA
238,"FLK","Falkland Islands",NA,NA,NA,NA,NA,NA,NA,NA,NA,NA,NA,NA,NA,NA,NA,NA,NA,NA,NA,NA,NA,NA,NA,NA,NA,NA,NA,NA,NA,NA
242,"FJI","Fiji",570.182866337265,NA,NA,NA,NA,NA,NA,NA,NA,NA,350.347896492624,NA,NA,NA,NA,NA,NA,NA,NA,NA,294.279384519136,NA,NA,NA,NA,246.432583319376,NA,NA,NA,205.78550202701
246,"FIN","Finland",5.05893448446955,NA,NA,NA,NA,NA,NA,NA,NA,NA,2.69613093645681,NA,NA,NA,NA,NA,NA,NA,NA,NA,1.71170413283581,NA,NA,NA,NA,1.35942348734776,NA,NA,NA,1.22614131658659
250,"FRA","France",6.32535784003405,NA,NA,NA,NA,NA,NA,NA,NA,NA,3.91340554746041,NA,NA,NA,NA,NA,NA,NA,NA,NA,2.39667985077212,NA,NA,NA,NA,1.78473170009964,NA,NA,NA,1.59158516546065
258,"PYF","French Polynesia",NA,NA,NA,NA,NA,NA,NA,NA,NA,NA,NA,NA,NA,NA,NA,NA,NA,NA,NA,NA,NA,NA,NA,NA,NA,NA,NA,NA,NA,NA
266,"GAB","Gabon",2160.13141808649,NA,NA,NA,NA,NA,NA,NA,NA,NA,1366.09636977347,NA,NA,NA,NA,NA,NA,NA,NA,NA,970.808454071894,NA,NA,NA,NA,622.601023260306,NA,NA,NA,468.847744969146
270,"GMB","Gambia",2480.65169565478,NA,NA,NA,NA,NA,NA,NA,NA,NA,2450.44601105747,NA,NA,NA,NA,NA,NA,NA,NA,NA,1355.22609314673,NA,NA,NA,NA,1012.99637686058,NA,NA,NA,942.060557356985
268,"GEO","Georgia",201.889874476427,NA,NA,NA,NA,NA,NA,NA,NA,NA,150.97924165122,NA,NA,NA,NA,NA,NA,NA,NA,NA,101.714959544293,NA,NA,NA,NA,84.4497027429698,NA,NA,NA,79.0516951091116
276,"DEU","Germany",2.83915469776481,NA,NA,NA,NA,NA,NA,NA,NA,NA,1.78207794717938,NA,NA,NA,NA,NA,NA,NA,NA,NA,1.6472350041162,NA,NA,NA,NA,1.48595548313483,NA,NA,NA,1.29305653017932
288,"GHA","Ghana",5712.86234738477,NA,NA,NA,NA,NA,NA,NA,NA,NA,2323.57080718612,NA,NA,NA,NA,NA,NA,NA,NA,NA,1119.12359731837,NA,NA,NA,NA,1037.96543691034,NA,NA,NA,807.135114739069
300,"GRC","Greece",10.3601965909752,NA,NA,NA,NA,NA,NA,NA,NA,NA,4.01173962290924,NA,NA,NA,NA,NA,NA,NA,NA,NA,2.58690965717923,NA,NA,NA,NA,2.46269825587627,NA,NA,NA,2.30615717512574
304,"GRL","Greenland",38.1901171532228,NA,NA,NA,NA,NA,NA,NA,NA,NA,29.3904863404234,NA,NA,NA,NA,NA,NA,NA,NA,NA,19.636689990742,NA,NA,NA,NA,16.5126956751803,NA,NA,NA,15.4747057222384
308,"GRD","Grenada",213.33659634546,NA,NA,NA,NA,NA,NA,NA,NA,NA,115.866605277154,NA,NA,NA,NA,NA,NA,NA,NA,NA,91.4390072685087,NA,NA,NA,NA,80.8654078181738,NA,NA,NA,76.7537855823193
320,"GTM","Guatemala",4196.62849649,NA,NA,NA,NA,NA,NA,NA,NA,NA,1498.93800224058,NA,NA,NA,NA,NA,NA,NA,NA,NA,755.043586318552,NA,NA,NA,NA,528.874553464654,NA,NA,NA,414.4286654428
831,"GGY","Guernsey",NA,NA,NA,NA,NA,NA,NA,NA,NA,NA,NA,NA,NA,NA,NA,NA,NA,NA,NA,NA,NA,NA,NA,NA,NA,NA,NA,NA,NA,NA
324,"GIN","Guinea",5577.02454873558,NA,NA,NA,NA,NA,NA,NA,NA,NA,4146.93595817544,NA,NA,NA,NA,NA,NA,NA,NA,NA,2574.06365082539,NA,NA,NA,NA,2170.41538820691,NA,NA,NA,1758.1050181832
624,"GNB","Guinea-Bissau",7074.42552464348,NA,NA,NA,NA,NA,NA,NA,NA,NA,5431.32641229248,NA,NA,NA,NA,NA,NA,NA,NA,NA,4257.79384782001,NA,NA,NA,NA,3306.83462504888,NA,NA,NA,2555.00107711321
328,"GUY","Guyana",1059.55151025638,NA,NA,NA,NA,NA,NA,NA,NA,NA,702.034233902817,NA,NA,NA,NA,NA,NA,NA,NA,NA,326.935619094327,NA,NA,NA,NA,235.422587307924,NA,NA,NA,195.375255762158
332,"HTI","Haiti",5178.60400034012,NA,NA,NA,NA,NA,NA,NA,NA,NA,3074.12830895792,NA,NA,NA,NA,NA,NA,NA,NA,NA,2289.84774298807,NA,NA,NA,NA,1669.58030579122,NA,NA,NA,1420.42319727394
336,"VAT","Holy See",NA,NA,NA,NA,NA,NA,NA,NA,NA,NA,NA,NA,NA,NA,NA,NA,NA,NA,NA,NA,NA,NA,NA,NA,NA,NA,NA,NA,NA,NA
340,"HND","Honduras",2205.76368791452,NA,NA,NA,NA,NA,NA,NA,NA,NA,1082.68786219352,NA,NA,NA,NA,NA,NA,NA,NA,NA,534.905205861598,NA,NA,NA,NA,402.48265588738,NA,NA,NA,321.009860248006
344,"HKG","Hong Kong",NA,NA,NA,NA,NA,NA,NA,NA,NA,NA,NA,NA,NA,NA,NA,NA,NA,NA,NA,NA,NA,NA,NA,NA,NA,NA,NA,NA,NA,NA
348,"HUN","Hungary",76.9284689103985,NA,NA,NA,NA,NA,NA,NA,NA,NA,42.0379410386431,NA,NA,NA,NA,NA,NA,NA,NA,NA,30.6224049632886,NA,NA,NA,NA,31.5281631766244,NA,NA,NA,26.423861577681
352,"ISL","Iceland",4.90961968124077,NA,NA,NA,NA,NA,NA,NA,NA,NA,2.81077661797627,NA,NA,NA,NA,NA,NA,NA,NA,NA,1.7974078186153,NA,NA,NA,NA,1.51754665370734,NA,NA,NA,1.33210025692798
356,"IND","India",4759.72352888244,NA,NA,NA,NA,NA,NA,NA,NA,NA,3283.56397383851,NA,NA,NA,NA,NA,NA,NA,NA,NA,1869.36224537877,NA,NA,NA,NA,1211.89167730813,NA,NA,NA,815.660601195262
360,"IDN","Indonesia",2633.39816953269,NA,NA,NA,NA,NA,NA,NA,NA,NA,1243.88493066704,NA,NA,NA,NA,NA,NA,NA,NA,NA,628.310738732247,NA,NA,NA,NA,408.770753919179,NA,NA,NA,301.954421211817
364,"IRN","Iran",319.439621673305,NA,NA,NA,NA,NA,NA,NA,NA,NA,143.378079392604,NA,NA,NA,NA,NA,NA,NA,NA,NA,59.5285609472204,NA,NA,NA,NA,44.0810241777912,NA,NA,NA,35.6171553216967
368,"IRQ","Iraq",409.097654994204,NA,NA,NA,NA,NA,NA,NA,NA,NA,330.447252568272,NA,NA,NA,NA,NA,NA,NA,NA,NA,171.203773776245,NA,NA,NA,NA,81.2767253650659,NA,NA,NA,54.8364761259539
372,"IRL","Ireland",10.1393128622918,NA,NA,NA,NA,NA,NA,NA,NA,NA,5.22083552822051,NA,NA,NA,NA,NA,NA,NA,NA,NA,3.78116778355966,NA,NA,NA,NA,3.31104744777836,NA,NA,NA,2.69956632327477
833,"IMN","Isle of Man",NA,NA,NA,NA,NA,NA,NA,NA,NA,NA,NA,NA,NA,NA,NA,NA,NA,NA,NA,NA,NA,NA,NA,NA,NA,NA,NA,NA,NA,NA
376,"ISR","Israel",6.24070625910868,NA,NA,NA,NA,NA,NA,NA,NA,NA,4.60627047408284,NA,NA,NA,NA,NA,NA,NA,NA,NA,4.0480207127909,NA,NA,NA,NA,3.7459487876102,NA,NA,NA,3.15790066996032
380,"ITA","Italy",4.06467788581135,NA,NA,NA,NA,NA,NA,NA,NA,NA,2.44182230673171,NA,NA,NA,NA,NA,NA,NA,NA,NA,2.08644925143492,NA,NA,NA,NA,1.952572710511,NA,NA,NA,1.72408243449156
388,"JAM","Jamaica",398.602545413689,NA,NA,NA,NA,NA,NA,NA,NA,NA,102.229939745555,NA,NA,NA,NA,NA,NA,NA,NA,NA,72.2999238752103,NA,NA,NA,NA,72.5753055665435,NA,NA,NA,69.9122552441044
392,"JPN","Japan",2.70453642246305,NA,NA,NA,NA,NA,NA,NA,NA,NA,1.56448162605236,NA,NA,NA,NA,NA,NA,NA,NA,NA,1.12105798396621,NA,NA,NA,NA,0.976559385291407,NA,NA,NA,0.852468178927929
832,"JEY","Jersey",NA,NA,NA,NA,NA,NA,NA,NA,NA,NA,NA,NA,NA,NA,NA,NA,NA,NA,NA,NA,NA,NA,NA,NA,NA,NA,NA,NA,NA,NA
400,"JOR","Jordan",83.4160746912492,NA,NA,NA,NA,NA,NA,NA,NA,NA,64.9139573266019,NA,NA,NA,NA,NA,NA,NA,NA,NA,38.6761733092382,NA,NA,NA,NA,17.8407811088445,NA,NA,NA,11.4797677615064
398,"KAZ","Kazakhstan",527.73066742234,NA,NA,NA,NA,NA,NA,NA,NA,NA,234.784269456007,NA,NA,NA,NA,NA,NA,NA,NA,NA,89.3996119847035,NA,NA,NA,NA,66.4710795705595,NA,NA,NA,61.4522846531669
404,"KEN","Kenya",2837.74943128397,NA,NA,NA,NA,NA,NA,NA,NA,NA,3011.50043732685,NA,NA,NA,NA,NA,NA,NA,NA,NA,2531.43603735068,NA,NA,NA,NA,1904.15192934132,NA,NA,NA,1498.35866068753
296,"KIR","Kiribati",3537.56515383141,NA,NA,NA,NA,NA,NA,NA,NA,NA,2213.55748683749,NA,NA,NA,NA,NA,NA,NA,NA,NA,1574.77377778163,NA,NA,NA,NA,1383.35986989606,NA,NA,NA,1111.90601341379
689,"XKX","Kosovo",NA,NA,NA,NA,NA,NA,NA,NA,NA,NA,NA,NA,NA,NA,NA,NA,NA,NA,NA,NA,NA,NA,NA,NA,NA,NA,NA,NA,NA,NA
414,"KWT","Kuwait",24.5720571350194,NA,NA,NA,NA,NA,NA,NA,NA,NA,14.534630793621,NA,NA,NA,NA,NA,NA,NA,NA,NA,9.18593802195852,NA,NA,NA,NA,6.93931739901063,NA,NA,NA,6.23217932139754
417,"KGZ","Kyrgyzstan",575.983978898635,NA,NA,NA,NA,NA,NA,NA,NA,NA,471.45884144222,NA,NA,NA,NA,NA,NA,NA,NA,NA,207.907519926051,NA,NA,NA,NA,170.447911058956,NA,NA,NA,148.062945308748
418,"LAO","Laos",4228.36203952428,NA,NA,NA,NA,NA,NA,NA,NA,NA,2389.89098296939,NA,NA,NA,NA,NA,NA,NA,NA,NA,1089.75590294231,NA,NA,NA,NA,732.150242403546,NA,NA,NA,512.953195291263
428,"LVA","Latvia",85.4967972027264,NA,NA,NA,NA,NA,NA,NA,NA,NA,61.676813512864,NA,NA,NA,NA,NA,NA,NA,NA,NA,41.5631247327292,NA,NA,NA,NA,39.8807705554334,NA,NA,NA,35.0187479011922
422,"LBN","Lebanon",125.662577018247,NA,NA,NA,NA,NA,NA,NA,NA,NA,67.1330186051347,NA,NA,NA,NA,NA,NA,NA,NA,NA,18.1727893143923,NA,NA,NA,NA,10.6749705722499,NA,NA,NA,8.23406006834564
426,"LSO","Lesotho",4548.70651462164,NA,NA,NA,NA,NA,NA,NA,NA,NA,4044.48891070399,NA,NA,NA,NA,NA,NA,NA,NA,NA,3315.70650212812,NA,NA,NA,NA,2846.24112156362,NA,NA,NA,2480.51726842994
430,"LBR","Liberia",7166.17812147002,NA,NA,NA,NA,NA,NA,NA,NA,NA,7331.67727914514,NA,NA,NA,NA,NA,NA,NA,NA,NA,3371.78730079011,NA,NA,NA,NA,2543.7432337482,NA,NA,NA,1936.53713711845
434,"LBY","Libya",293.734564051827,NA,NA,NA,NA,NA,NA,NA,NA,NA,138.151498203077,NA,NA,NA,NA,NA,NA,NA,NA,NA,54.6395623532415,NA,NA,NA,NA,46.9316629025898,NA,NA,NA,48.9656481334547
438,"LIE","Liechtenstein",NA,NA,NA,NA,NA,NA,NA,NA,NA,NA,NA,NA,NA,NA,NA,NA,NA,NA,NA,NA,NA,NA,NA,NA,NA,NA,NA,NA,NA,NA
440,"LTU","Lithuania",84.0058307870373,NA,NA,NA,NA,NA,NA,NA,NA,NA,60.3467304122671,NA,NA,NA,NA,NA,NA,NA,NA,NA,45.8237806490737,NA,NA,NA,NA,41.3192542220068,NA,NA,NA,38.6685223423439
442,"LUX","Luxembourg",3.32765129204581,NA,NA,NA,NA,NA,NA,NA,NA,NA,2.2650531803204,NA,NA,NA,NA,NA,NA,NA,NA,NA,1.83577388018833,NA,NA,NA,NA,1.53898724927356,NA,NA,NA,1.37743654310414
446,"MAC","Macao",NA,NA,NA,NA,NA,NA,NA,NA,NA,NA,NA,NA,NA,NA,NA,NA,NA,NA,NA,NA,NA,NA,NA,NA,NA,NA,NA,NA,NA,NA
450,"MDG","Madagascar",6051.38494968361,NA,NA,NA,NA,NA,NA,NA,NA,NA,4481.35053315573,NA,NA,NA,NA,NA,NA,NA,NA,NA,4041.36807747102,NA,NA,NA,NA,3449.49070531861,NA,NA,NA,2837.21034889492
454,"MWI","Malawi",7355.11873234476,NA,NA,NA,NA,NA,NA,NA,NA,NA,4917.90431461276,NA,NA,NA,NA,NA,NA,NA,NA,NA,2477.06495523517,NA,NA,NA,NA,1984.21559686349,NA,NA,NA,1709.95497745088
458,"MYS","Malaysia",115.072600983576,NA,NA,NA,NA,NA,NA,NA,NA,NA,35.9338023361611,NA,NA,NA,NA,NA,NA,NA,NA,NA,23.7928406817135,NA,NA,NA,NA,18.1369654556517,NA,NA,NA,15.1015218606006
462,"MDV","Maldives",828.331389317354,NA,NA,NA,NA,NA,NA,NA,NA,NA,295.804005176094,NA,NA,NA,NA,NA,NA,NA,NA,NA,97.3608941062833,NA,NA,NA,NA,76.7616041474441,NA,NA,NA,65.1755916479027
466,"MLI","Mali",8153.44034463955,NA,NA,NA,NA,NA,NA,NA,NA,NA,6255.50502704279,NA,NA,NA,NA,NA,NA,NA,NA,NA,3275.75426432622,NA,NA,NA,NA,2477.35799755111,NA,NA,NA,2303.79569162812
470,"MLT","Malta",7.48690425954749,NA,NA,NA,NA,NA,NA,NA,NA,NA,3.53446122141458,NA,NA,NA,NA,NA,NA,NA,NA,NA,2.28346470190538,NA,NA,NA,NA,1.94678568100056,NA,NA,NA,1.67772134527018
584,"MHL","Marshall Islands",1252.43424364693,NA,NA,NA,NA,NA,NA,NA,NA,NA,1249.80384901936,NA,NA,NA,NA,NA,NA,NA,NA,NA,421.075441524484,NA,NA,NA,NA,311.110232053649,NA,NA,NA,271.888198684165
478,"MRT","Mauritania",4965.44952391211,NA,NA,NA,NA,NA,NA,NA,NA,NA,4439.94469987795,NA,NA,NA,NA,NA,NA,NA,NA,NA,2666.80829663555,NA,NA,NA,NA,1999.80180072825,NA,NA,NA,1498.85406193606
480,"MUS","Mauritius",203.696235194014,NA,NA,NA,NA,NA,NA,NA,NA,NA,54.185087441634,NA,NA,NA,NA,NA,NA,NA,NA,NA,32.2549313480306,NA,NA,NA,NA,23.2994013131885,NA,NA,NA,19.5099598827102
484,"MEX","Mexico",713.568624748392,NA,NA,NA,NA,NA,NA,NA,NA,NA,201.107332837516,NA,NA,NA,NA,NA,NA,NA,NA,NA,69.5906354215911,NA,NA,NA,NA,58.8361602803706,NA,NA,NA,47.7688728837149
583,"FSM","Micronesia",1099.29180218252,NA,NA,NA,NA,NA,NA,NA,NA,NA,1033.40828552844,NA,NA,NA,NA,NA,NA,NA,NA,NA,245.094822494773,NA,NA,NA,NA,211.782098086973,NA,NA,NA,195.787748906421
498,"MDA","Moldova",218.359740542982,NA,NA,NA,NA,NA,NA,NA,NA,NA,153.854603410667,NA,NA,NA,NA,NA,NA,NA,NA,NA,105.928460650624,NA,NA,NA,NA,95.8372455192259,NA,NA,NA,92.2185016838046
492,"MCO","Monaco",1.91979527449648,NA,NA,NA,NA,NA,NA,NA,NA,NA,1.17942973276488,NA,NA,NA,NA,NA,NA,NA,NA,NA,0.854997885137634,NA,NA,NA,NA,0.775764661278989,NA,NA,NA,0.726652497323087
496,"MNG","Mongolia",1364.07819445062,NA,NA,NA,NA,NA,NA,NA,NA,NA,569.432994463947,NA,NA,NA,NA,NA,NA,NA,NA,NA,200.556873702441,NA,NA,NA,NA,167.352680421967,NA,NA,NA,156.023607443161
499,"MNE","Montenegro",25.0576038279683,NA,NA,NA,NA,NA,NA,NA,NA,NA,23.7774005914922,NA,NA,NA,NA,NA,NA,NA,NA,NA,12.5472246314132,NA,NA,NA,NA,9.62391249471018,NA,NA,NA,8.59734955113992
504,"MAR","Morocco",1495.40581740179,NA,NA,NA,NA,NA,NA,NA,NA,NA,615.545665202292,NA,NA,NA,NA,NA,NA,NA,NA,NA,258.2989480697,NA,NA,NA,NA,158.332897450436,NA,NA,NA,105.462191522226
508,"MOZ","Mozambique",6900.37708679541,NA,NA,NA,NA,NA,NA,NA,NA,NA,3601.3973014234,NA,NA,NA,NA,NA,NA,NA,NA,NA,1855.1392312465,NA,NA,NA,NA,1450.93351764085,NA,NA,NA,1218.61049377775
104,"MMR","Myanmar",4828.36754537887,NA,NA,NA,NA,NA,NA,NA,NA,NA,2490.24373908283,NA,NA,NA,NA,NA,NA,NA,NA,NA,758.939496855269,NA,NA,NA,NA,462.262553019671,NA,NA,NA,344.460273302677
516,"NAM","Namibia",2447.4875979771,NA,NA,NA,NA,NA,NA,NA,NA,NA,1816.06928605899,NA,NA,NA,NA,NA,NA,NA,NA,NA,1370.4600961926,NA,NA,NA,NA,1052.20614818733,NA,NA,NA,854.592353013784
520,"NRU","Nauru",330.152555653454,NA,NA,NA,NA,NA,NA,NA,NA,NA,339.579440723239,NA,NA,NA,NA,NA,NA,NA,NA,NA,250.38181602839,NA,NA,NA,NA,148.303736972416,NA,NA,NA,114.171619294084
524,"NPL","Nepal",4079.09882913065,NA,NA,NA,NA,NA,NA,NA,NA,NA,1966.61268892894,NA,NA,NA,NA,NA,NA,NA,NA,NA,875.349460435555,NA,NA,NA,NA,573.487086221334,NA,NA,NA,446.313486630373
528,"NLD","Netherlands",2.42296792103079,NA,NA,NA,NA,NA,NA,NA,NA,NA,1.58908388530805,NA,NA,NA,NA,NA,NA,NA,NA,NA,1.28402942978761,NA,NA,NA,NA,1.10817773161591,NA,NA,NA,0.999901729327497
540,"NCL","New Caledonia",NA,NA,NA,NA,NA,NA,NA,NA,NA,NA,NA,NA,NA,NA,NA,NA,NA,NA,NA,NA,NA,NA,NA,NA,NA,NA,NA,NA,NA,NA
554,"NZL","New Zealand",8.19293941945153,NA,NA,NA,NA,NA,NA,NA,NA,NA,4.90874347130606,NA,NA,NA,NA,NA,NA,NA,NA,NA,4.85519966267148,NA,NA,NA,NA,4.1585152121915,NA,NA,NA,3.75168314841167
558,"NIC","Nicaragua",2030.95069794707,NA,NA,NA,NA,NA,NA,NA,NA,NA,707.552971717931,NA,NA,NA,NA,NA,NA,NA,NA,NA,242.660107555764,NA,NA,NA,NA,166.901410031388,NA,NA,NA,137.47186091955
562,"NER","Niger",13370.8180669458,NA,NA,NA,NA,NA,NA,NA,NA,NA,9792.19407782486,NA,NA,NA,NA,NA,NA,NA,NA,NA,5203.75050619872,NA,NA,NA,NA,4614.83972960805,NA,NA,NA,4009.72670613609
566,"NGA","Nigeria",9877.67679239488,NA,NA,NA,NA,NA,NA,NA,NA,NA,7140.84525004183,NA,NA,NA,NA,NA,NA,NA,NA,NA,4669.01608698317,NA,NA,NA,NA,3437.67185023538,NA,NA,NA,2766.57002681411
570,"NIU","Niue",200.951531534916,NA,NA,NA,NA,NA,NA,NA,NA,NA,120.073772232149,NA,NA,NA,NA,NA,NA,NA,NA,NA,57.5330856695472,NA,NA,NA,NA,49.1014680124445,NA,NA,NA,47.0275606918894
408,"PRK","North Korea",203.756941518065,NA,NA,NA,NA,NA,NA,NA,NA,NA,164.67365920072,NA,NA,NA,NA,NA,NA,NA,NA,NA,129.506404133757,NA,NA,NA,NA,98.8391094731208,NA,NA,NA,86.9066038477075
807,"MKD","North Macedonia",292.632728881112,NA,NA,NA,NA,NA,NA,NA,NA,NA,89.0101497260824,NA,NA,NA,NA,NA,NA,NA,NA,NA,33.2810587079871,NA,NA,NA,NA,28.4744133227066,NA,NA,NA,24.9174014083668
578,"NOR","Norway",3.17840145482665,NA,NA,NA,NA,NA,NA,NA,NA,NA,1.81516965428214,NA,NA,NA,NA,NA,NA,NA,NA,NA,1.55268516024399,NA,NA,NA,NA,1.26711442521695,NA,NA,NA,1.17129150927241
512,"OMN","Oman",210.330093993521,NA,NA,NA,NA,NA,NA,NA,NA,NA,35.1395100876229,NA,NA,NA,NA,NA,NA,NA,NA,NA,17.3018201440426,NA,NA,NA,NA,13.1869522482949,NA,NA,NA,10.6563762493839
586,"PAK","Pakistan",3386.39083082493,NA,NA,NA,NA,NA,NA,NA,NA,NA,2216.05613228589,NA,NA,NA,NA,NA,NA,NA,NA,NA,1408.24989754695,NA,NA,NA,NA,1102.75164529973,NA,NA,NA,848.044057926276
585,"PLW","Palau",198.084037862046,NA,NA,NA,NA,NA,NA,NA,NA,NA,113.337237290228,NA,NA,NA,NA,NA,NA,NA,NA,NA,71.4473826350448,NA,NA,NA,NA,63.4204476141241,NA,NA,NA,57.9554351198941
591,"PAN","Panama",376.322339507069,NA,NA,NA,NA,NA,NA,NA,NA,NA,236.755104862396,NA,NA,NA,NA,NA,NA,NA,NA,NA,225.171173007506,NA,NA,NA,NA,155.311211717853,NA,NA,NA,112.002176813984
598,"PNG","Papua New Guinea",2246.57635584736,NA,NA,NA,NA,NA,NA,NA,NA,NA,1894.10255984768,NA,NA,NA,NA,NA,NA,NA,NA,NA,1764.07460975667,NA,NA,NA,NA,1463.54279623535,NA,NA,NA,1311.39249927774
600,"PRY","Paraguay",566.026360077071,NA,NA,NA,NA,NA,NA,NA,NA,NA,324.618143015979,NA,NA,NA,NA,NA,NA,NA,NA,NA,122.585885667172,NA,NA,NA,NA,86.3314110318746,NA,NA,NA,77.8024860182859
604,"PER","Peru",900.968018403722,NA,NA,NA,NA,NA,NA,NA,NA,NA,328.3764209981,NA,NA,NA,NA,NA,NA,NA,NA,NA,166.594448999314,NA,NA,NA,NA,148.377556451988,NA,NA,NA,139.472238118629
608,"PHL","Philippines",1134.89669157016,NA,NA,NA,NA,NA,NA,NA,NA,NA,510.757399325042,NA,NA,NA,NA,NA,NA,NA,NA,NA,264.438100605623,NA,NA,NA,NA,161.794691715608,NA,NA,NA,117.03664501405
616,"POL","Poland",38.0151562812695,NA,NA,NA,NA,NA,NA,NA,NA,NA,15.4785904293809,NA,NA,NA,NA,NA,NA,NA,NA,NA,9.86359103874769,NA,NA,NA,NA,8.43571375347802,NA,NA,NA,7.341800406234
620,"PRT","Portugal",29.0413843118549,NA,NA,NA,NA,NA,NA,NA,NA,NA,12.694699952694,NA,NA,NA,NA,NA,NA,NA,NA,NA,9.81698522642471,NA,NA,NA,NA,9.13944815092904,NA,NA,NA,7.65504913686354
634,"QAT","Qatar",54.5962750417731,NA,NA,NA,NA,NA,NA,NA,NA,NA,22.1206996328237,NA,NA,NA,NA,NA,NA,NA,NA,NA,11.7828003458431,NA,NA,NA,NA,8.77622702392474,NA,NA,NA,7.25352910084171
178,"COG","Republic of Congo",4811.13498547185,NA,NA,NA,NA,NA,NA,NA,NA,NA,4138.44418591651,NA,NA,NA,NA,NA,NA,NA,NA,NA,2801.79820644723,NA,NA,NA,NA,1774.77230186352,NA,NA,NA,1368.41558138783
642,"ROU","Romania",186.516387882474,NA,NA,NA,NA,NA,NA,NA,NA,NA,141.124199569574,NA,NA,NA,NA,NA,NA,NA,NA,NA,67.6599619555353,NA,NA,NA,NA,54.025093525808,NA,NA,NA,49.4521865609537
643,"RUS","Russia",129.277449656639,NA,NA,NA,NA,NA,NA,NA,NA,NA,103.558538415496,NA,NA,NA,NA,NA,NA,NA,NA,NA,64.4535364826094,NA,NA,NA,NA,59.1167498449624,NA,NA,NA,56.6929229167072
646,"RWA","Rwanda",6958.76633269,NA,NA,NA,NA,NA,NA,NA,NA,NA,6273.7022937774,NA,NA,NA,NA,NA,NA,NA,NA,NA,1807.83586800821,NA,NA,NA,NA,1420.65039825481,NA,NA,NA,1165.30076934455
652,"BLM","Saint Barthelemy",NA,NA,NA,NA,NA,NA,NA,NA,NA,NA,NA,NA,NA,NA,NA,NA,NA,NA,NA,NA,NA,NA,NA,NA,NA,NA,NA,NA,NA,NA
659,"KNA","Saint Kitts and Nevis",382.746632556243,NA,NA,NA,NA,NA,NA,NA,NA,NA,163.27295152521,NA,NA,NA,NA,NA,NA,NA,NA,NA,83.7732807578231,NA,NA,NA,NA,70.1608473445577,NA,NA,NA,59.2804700881274
662,"LCA","Saint Lucia",284.027882490214,NA,NA,NA,NA,NA,NA,NA,NA,NA,144.771858558388,NA,NA,NA,NA,NA,NA,NA,NA,NA,96.4778918216005,NA,NA,NA,NA,85.8928076879403,NA,NA,NA,82.73790871843
670,"VCT","Saint Vincent and the Grenadines",406.259084538472,NA,NA,NA,NA,NA,NA,NA,NA,NA,202.515064962349,NA,NA,NA,NA,NA,NA,NA,NA,NA,129.67803182568,NA,NA,NA,NA,113.659226461109,NA,NA,NA,103.9146021964
882,"WSM","Samoa",128.935423924477,NA,NA,NA,NA,NA,NA,NA,NA,NA,85.4011358659206,NA,NA,NA,NA,NA,NA,NA,NA,NA,42.9787934492314,NA,NA,NA,NA,39.6097252000225,NA,NA,NA,31.4048025636362
674,"SMR","San Marino",2.48333662219453,NA,NA,NA,NA,NA,NA,NA,NA,NA,1.35592758010016,NA,NA,NA,NA,NA,NA,NA,NA,NA,1.02291763956487,NA,NA,NA,NA,0.941075921596394,NA,NA,NA,0.922395674743073
678,"STP","Sao Tome and Principe",3022.58419169592,NA,NA,NA,NA,NA,NA,NA,NA,NA,1316.49662477404,NA,NA,NA,NA,NA,NA,NA,NA,NA,629.891658310698,NA,NA,NA,NA,281.930934818689,NA,NA,NA,235.549715803096
682,"SAU","Saudi Arabia",592.524658378603,NA,NA,NA,NA,NA,NA,NA,NA,NA,116.843030035116,NA,NA,NA,NA,NA,NA,NA,NA,NA,32.5158524411822,NA,NA,NA,NA,19.7416396426851,NA,NA,NA,14.9737854978783
686,"SEN","Senegal",5898.3404469657,NA,NA,NA,NA,NA,NA,NA,NA,NA,3323.20652030414,NA,NA,NA,NA,NA,NA,NA,NA,NA,1822.46860014196,NA,NA,NA,NA,1863.64350889371,NA,NA,NA,1538.14231467406
688,"SRB","Serbia",46.0492532269229,NA,NA,NA,NA,NA,NA,NA,NA,NA,31.7145814388286,NA,NA,NA,NA,NA,NA,NA,NA,NA,17.968007403333,NA,NA,NA,NA,14.150367129715,NA,NA,NA,13.3669179607863
690,"SYC","Seychelles",142.338051107146,NA,NA,NA,NA,NA,NA,NA,NA,NA,84.5499635882836,NA,NA,NA,NA,NA,NA,NA,NA,NA,57.008044560106,NA,NA,NA,NA,47.7850814331563,NA,NA,NA,38.1331150228383
694,"SLE","Sierra Leone",6701.94835266927,NA,NA,NA,NA,NA,NA,NA,NA,NA,4806.75984229988,NA,NA,NA,NA,NA,NA,NA,NA,NA,2447.9091262253,NA,NA,NA,NA,2008.20597002576,NA,NA,NA,1756.75155274452
702,"SGP","Singapore",12.1131219161511,NA,NA,NA,NA,NA,NA,NA,NA,NA,2.90526192291879,NA,NA,NA,NA,NA,NA,NA,NA,NA,1.43892219109649,NA,NA,NA,NA,1.29008995028776,NA,NA,NA,1.08327163381851
534,"SXM","Sint Maarten",NA,NA,NA,NA,NA,NA,NA,NA,NA,NA,NA,NA,NA,NA,NA,NA,NA,NA,NA,NA,NA,NA,NA,NA,NA,NA,NA,NA,NA,NA
703,"SVK","Slovakia",31.684522217022,NA,NA,NA,NA,NA,NA,NA,NA,NA,12.9424934460879,NA,NA,NA,NA,NA,NA,NA,NA,NA,8.08366961334947,NA,NA,NA,NA,7.17725108439619,NA,NA,NA,6.29019835512466
705,"SVN","Slovenia",23.8962922993459,NA,NA,NA,NA,NA,NA,NA,NA,NA,12.8883994933062,NA,NA,NA,NA,NA,NA,NA,NA,NA,7.97095129084668,NA,NA,NA,NA,7.37654940323041,NA,NA,NA,7.02699728197823
90,"SLB","Solomon Islands",3891.7976355452,NA,NA,NA,NA,NA,NA,NA,NA,NA,2713.60437847175,NA,NA,NA,NA,NA,NA,NA,NA,NA,2135.73765940127,NA,NA,NA,NA,1775.56528227947,NA,NA,NA,1512.71265330165
706,"SOM","Somalia",6120.27445069296,NA,NA,NA,NA,NA,NA,NA,NA,NA,6860.47093297164,NA,NA,NA,NA,NA,NA,NA,NA,NA,4264.88287220588,NA,NA,NA,NA,3343.76950232755,NA,NA,NA,3212.52025240012
710,"ZAF","South Africa",2024.1122245362,NA,NA,NA,NA,NA,NA,NA,NA,NA,1475.5490709077,NA,NA,NA,NA,NA,NA,NA,NA,NA,985.253918191357,NA,NA,NA,NA,675.555511298774,NA,NA,NA,537.110471943325
410,"KOR","South Korea",18.913958448745,NA,NA,NA,NA,NA,NA,NA,NA,NA,3.90275420575831,NA,NA,NA,NA,NA,NA,NA,NA,NA,2.03792279992952,NA,NA,NA,NA,1.72448895189321,NA,NA,NA,1.42769133528363
728,"SSD","South Sudan",4026.05579732009,NA,NA,NA,NA,NA,NA,NA,NA,NA,3497.95657719351,NA,NA,NA,NA,NA,NA,NA,NA,NA,3396.64983334899,NA,NA,NA,NA,3331.09604145656,NA,NA,NA,2857.68270104352
724,"ESP","Spain",5.18146566094844,NA,NA,NA,NA,NA,NA,NA,NA,NA,3.57023976166719,NA,NA,NA,NA,NA,NA,NA,NA,NA,1.50076589293571,NA,NA,NA,NA,1.10723774046482,NA,NA,NA,0.87444611870155
144,"LKA","Sri Lanka",548.553503198833,NA,NA,NA,NA,NA,NA,NA,NA,NA,247.622789988054,NA,NA,NA,NA,NA,NA,NA,NA,NA,124.333173440081,NA,NA,NA,NA,91.5092327324704,NA,NA,NA,77.4070097878936
275,"PSE","State of Palestine",146.638889182234,NA,NA,NA,NA,NA,NA,NA,NA,NA,72.6320663566285,NA,NA,NA,NA,NA,NA,NA,NA,NA,46.3391100108445,NA,NA,NA,NA,28.885166206503,NA,NA,NA,23.0304532120594
729,"SDN","Sudan",3330.782868619,NA,NA,NA,NA,NA,NA,NA,NA,NA,2736.11659973904,NA,NA,NA,NA,NA,NA,NA,NA,NA,1707.85582681765,NA,NA,NA,NA,1124.63801980504,NA,NA,NA,774.730249855751
740,"SUR","Suriname",759.895762539998,NA,NA,NA,NA,NA,NA,NA,NA,NA,373.095746480969,NA,NA,NA,NA,NA,NA,NA,NA,NA,168.393982136409,NA,NA,NA,NA,134.989152897168,NA,NA,NA,121.875912113319
752,"SWE","Sweden",4.07936595216693,NA,NA,NA,NA,NA,NA,NA,NA,NA,2.23026602857763,NA,NA,NA,NA,NA,NA,NA,NA,NA,2.07008839996548,NA,NA,NA,NA,1.87873634635699,NA,NA,NA,1.65634936000568
756,"CHE","Switzerland",1.8655934159175,NA,NA,NA,NA,NA,NA,NA,NA,NA,1.05148131359878,NA,NA,NA,NA,NA,NA,NA,NA,NA,0.890012341752173,NA,NA,NA,NA,0.842511765101934,NA,NA,NA,0.767196166385484
760,"SYR","Syria",269.296386215632,NA,NA,NA,NA,NA,NA,NA,NA,NA,90.0671763225391,NA,NA,NA,NA,NA,NA,NA,NA,NA,46.3845633628986,NA,NA,NA,NA,40.3664494820506,NA,NA,NA,37.5706969263185
158,"TWN","Taiwan",44.5262297227255,NA,NA,NA,NA,NA,NA,NA,NA,NA,16.9968082928592,NA,NA,NA,NA,NA,NA,NA,NA,NA,10.3232555498777,NA,NA,NA,NA,8.89471996541858,NA,NA,NA,7.7049085559545
762,"TJK","Tajikistan",2153.7133263044,NA,NA,NA,NA,NA,NA,NA,NA,NA,1789.21237936424,NA,NA,NA,NA,NA,NA,NA,NA,NA,653.769543689472,NA,NA,NA,NA,475.922227600803,NA,NA,NA,420.193203963947
834,"TZA","Tanzania",4133.74081777507,NA,NA,NA,NA,NA,NA,NA,NA,NA,2571.70549909402,NA,NA,NA,NA,NA,NA,NA,NA,NA,1523.10980543244,NA,NA,NA,NA,1256.5034336118,NA,NA,NA,1017.1689528128
764,"THA","Thailand",262.786536606797,NA,NA,NA,NA,NA,NA,NA,NA,NA,60.2124378904971,NA,NA,NA,NA,NA,NA,NA,NA,NA,21.0946900665713,NA,NA,NA,NA,13.9891728128663,NA,NA,NA,10.9586243359693
626,"TLS","Timor-Leste",2593.52259275805,NA,NA,NA,NA,NA,NA,NA,NA,NA,1822.39146472496,NA,NA,NA,NA,NA,NA,NA,NA,NA,794.898397452714,NA,NA,NA,NA,632.397107257201,NA,NA,NA,583.718219953951
768,"TGO","Togo",6799.55013534025,NA,NA,NA,NA,NA,NA,NA,NA,NA,5179.86275344207,NA,NA,NA,NA,NA,NA,NA,NA,NA,4393.80648042272,NA,NA,NA,NA,3513.78243786891,NA,NA,NA,2841.72440380335
776,"TON","Tonga",191.375180346833,NA,NA,NA,NA,NA,NA,NA,NA,NA,125.781414702933,NA,NA,NA,NA,NA,NA,NA,NA,NA,87.9960670707065,NA,NA,NA,NA,73.8651369244976,NA,NA,NA,72.4762174482118
780,"TTO","Trinidad and Tobago",142.743878948376,NA,NA,NA,NA,NA,NA,NA,NA,NA,93.4873946717801,NA,NA,NA,NA,NA,NA,NA,NA,NA,45.0546718299629,NA,NA,NA,NA,37.4611106969706,NA,NA,NA,35.5740885317493
788,"TUN","Tunisia",122.290686535747,NA,NA,NA,NA,NA,NA,NA,NA,NA,56.0546056996138,NA,NA,NA,NA,NA,NA,NA,NA,NA,59.7899433926296,NA,NA,NA,NA,54.0624794067759,NA,NA,NA,44.9464292511612
792,"TUR","Turkey",218.11288815168,NA,NA,NA,NA,NA,NA,NA,NA,NA,149.745345846413,NA,NA,NA,NA,NA,NA,NA,NA,NA,62.1615679593682,NA,NA,NA,NA,43.9272516843764,NA,NA,NA,34.7474970965502
795,"TKM","Turkmenistan",1210.88769369981,NA,NA,NA,NA,NA,NA,NA,NA,NA,823.048368620974,NA,NA,NA,NA,NA,NA,NA,NA,NA,196.982548056415,NA,NA,NA,NA,115.427422116145,NA,NA,NA,108.249427427934
796,"TCA","Turks and Caicos Islands",NA,NA,NA,NA,NA,NA,NA,NA,NA,NA,NA,NA,NA,NA,NA,NA,NA,NA,NA,NA,NA,NA,NA,NA,NA,NA,NA,NA,NA,NA
798,"TUV","Tuvalu",832.976072516037,NA,NA,NA,NA,NA,NA,NA,NA,NA,394.114750544988,NA,NA,NA,NA,NA,NA,NA,NA,NA,217.068716869823,NA,NA,NA,NA,180.675704062473,NA,NA,NA,160.432536180496
800,"UGA","Uganda",3701.1915486742,NA,NA,NA,NA,NA,NA,NA,NA,NA,2550.29306941164,NA,NA,NA,NA,NA,NA,NA,NA,NA,1419.52459459939,NA,NA,NA,NA,1410.25423140727,NA,NA,NA,1110.86017631803
804,"UKR","Ukraine",68.9793758351531,NA,NA,NA,NA,NA,NA,NA,NA,NA,62.4453964238758,NA,NA,NA,NA,NA,NA,NA,NA,NA,55.2664635655909,NA,NA,NA,NA,54.486133007588,NA,NA,NA,56.0689052881534
784,"ARE","United Arab Emirates",38.442716182853,NA,NA,NA,NA,NA,NA,NA,NA,NA,9.9744116643276,NA,NA,NA,NA,NA,NA,NA,NA,NA,4.32620716027456,NA,NA,NA,NA,3.81551229242262,NA,NA,NA,3.41884944225529
826,"GBR","United Kingdom",0.767644082222627,NA,NA,NA,NA,NA,NA,NA,NA,NA,0.668811574181659,NA,NA,NA,NA,NA,NA,NA,NA,NA,0.579165234952629,NA,NA,NA,NA,0.437460377037653,NA,NA,NA,0.405425190498141
840,"USA","United States of America",11.1378653328481,NA,NA,NA,NA,NA,NA,NA,NA,NA,8.39984093021784,NA,NA,NA,NA,NA,NA,NA,NA,NA,8.20981123286877,NA,NA,NA,NA,7.24106512104836,NA,NA,NA,7.0371406417269
858,"URY","Uruguay",73.6021147586807,NA,NA,NA,NA,NA,NA,NA,NA,NA,24.5146480118935,NA,NA,NA,NA,NA,NA,NA,NA,NA,11.2342320163138,NA,NA,NA,NA,7.26203136229295,NA,NA,NA,5.50535288302441
860,"UZB","Uzbekistan",681.772276716635,NA,NA,NA,NA,NA,NA,NA,NA,NA,209.932384577904,NA,NA,NA,NA,NA,NA,NA,NA,NA,104.149715413532,NA,NA,NA,NA,93.0781339208228,NA,NA,NA,90.1858808199479
548,"VUT","Vanuatu",1545.19082253842,NA,NA,NA,NA,NA,NA,NA,NA,NA,1301.77227682121,NA,NA,NA,NA,NA,NA,NA,NA,NA,1013.38186172445,NA,NA,NA,NA,868.287444893811,NA,NA,NA,797.182327651801
862,"VEN","Venezuela",384.605570713548,NA,NA,NA,NA,NA,NA,NA,NA,NA,174.052767502812,NA,NA,NA,NA,NA,NA,NA,NA,NA,90.0047334455687,NA,NA,NA,NA,72.8450369699354,NA,NA,NA,74.1815581246213
704,"VNM","Viet Nam",462.161206049324,NA,NA,NA,NA,NA,NA,NA,NA,NA,206.723002955815,NA,NA,NA,NA,NA,NA,NA,NA,NA,83.627540105362,NA,NA,NA,NA,62.3546996358755,NA,NA,NA,53.7294931899451
876,"WLF","Wallis and Futuna Islands",NA,NA,NA,NA,NA,NA,NA,NA,NA,NA,NA,NA,NA,NA,NA,NA,NA,NA,NA,NA,NA,NA,NA,NA,NA,NA,NA,NA,NA,NA
732,"ESH","Western Sahara",NA,NA,NA,NA,NA,NA,NA,NA,NA,NA,NA,NA,NA,NA,NA,NA,NA,NA,NA,NA,NA,NA,NA,NA,NA,NA,NA,NA,NA,NA
887,"YEM","Yemen",3910.65875470623,NA,NA,NA,NA,NA,NA,NA,NA,NA,2904.51280384061,NA,NA,NA,NA,NA,NA,NA,NA,NA,1265.82813156441,NA,NA,NA,NA,734.996232517342,NA,NA,NA,784.762378380368
894,"ZMB","Zambia",4915.81044841329,NA,NA,NA,NA,NA,NA,NA,NA,NA,4783.47312781824,NA,NA,NA,NA,NA,NA,NA,NA,NA,2585.00148901982,NA,NA,NA,NA,1911.7961710074,NA,NA,NA,1473.57156577213
716,"ZWE","Zimbabwe",1213.43005071182,NA,NA,NA,NA,NA,NA,NA,NA,NA,1187.9068640543,NA,NA,NA,NA,NA,NA,NA,NA,NA,1566.25887124407,NA,NA,NA,NA,1287.2162503974,NA,NA,NA,1081.8659939047
